institution,page_title,program_name,credential,campus,source_url,admission_type,minimum_average,competitive_average,english_requirement,math_requirement,required_courses,other_requirements,notes_uncertain
MacEwan,Human Service Administration - Bachelor of Applied Human Service Administration | MacEwan University Academic Catalog,Human Service Administration,Bachelor of Applied Human Service Administration,Distance-delivered,https://calendar.macewan.ca/programs/applied-degree-programs/bahsa-human-service-admin/,,,,,,[],[],['Specific course requirements and averages are not listed in the provided text.']
MacEwan,Behavioural Interventions Certificate - Suspended | MacEwan University Academic Catalog,Behavioural Interventions Certificate,Certificate of Achievement,,https://calendar.macewan.ca/programs/certificates-achievement/behavioural-intervention/,,,,,,[],[],"['Program is suspended according to the page title.', 'No admission requirements listed in the provided text.']"
MacEwan,Certificate of Achievement Sustainability Studies | MacEwan University Academic Catalog,Sustainability Studies,Certificate of Achievement,,https://calendar.macewan.ca/programs/certificates-achievement/sustainability/,,,,,,[],[],['No specific admission requirements listed in the provided text.']
MacEwan,Accounting and Strategic Measurement | MacEwan University Academic Catalog,Accounting and Strategic Measurement,Diploma,,https://calendar.macewan.ca/programs/certificates-diplomas/accounting-strategic-measurement/,,,,,,[],[],['No admission requirements listed in the provided text.']
MacEwan,Acupuncture | MacEwan University Academic Catalog,Acupuncture,,,https://calendar.macewan.ca/programs/certificates-diplomas/acupuncture/,,,,,,[],[],['No admission requirements listed in the provided text.']
MacEwan,Asia Pacific Management | MacEwan University Academic Catalog,Asia Pacific Management,Diploma,,https://calendar.macewan.ca/programs/certificates-diplomas/asia-pacific-management/,,,,,,[],[],['No admission requirements listed in the provided text.']
MacEwan,Aviation Management - Business Management Diploma | MacEwan University Academic Catalog,Aviation Management (Major),Business Management Diploma,,https://calendar.macewan.ca/programs/certificates-diplomas/aviation-management/,,,,,,[],[],['No admission requirements listed in the provided text.']
MacEwan,Bridge to Canadian Nursing | MacEwan University Academic Catalog,Bridge to Canadian Nursing,Certificate,,https://calendar.macewan.ca/programs/certificates-diplomas/bridge-canadian-nursing/,,,,,,[],[],['No specific admission requirements listed in the provided text.']
MacEwan,Business Management Certificate | MacEwan University Academic Catalog,Business Management,Certificate,,https://calendar.macewan.ca/programs/certificates-diplomas/business-management-certificate/,,,,,,[],[],"[""The provided text lists 'Program Requirements' (graduation requirements), not admission requirements.""]"
MacEwan,Business Management Diploma | MacEwan University Academic Catalog,Business Management,Diploma,,https://calendar.macewan.ca/programs/certificates-diplomas/business-management-diploma/,,,,,,[],[],['No specific admission requirements listed in the provided text.']
MacEwan,Community Justice and Corrections | MacEwan University Academic Catalog,Community Justice and Corrections,Diploma,,https://calendar.macewan.ca/programs/certificates-diplomas/community-justice-and-corrections,,,,,,[],[],['No admission requirements listed in the provided text.']
MacEwan,Community Justice and Corrections | MacEwan University Academic Catalog,Community Justice and Corrections,Diploma,,https://calendar.macewan.ca/programs/certificates-diplomas/community-justice-and-corrections/,,,,,,[],[],['No admission requirements listed in the provided text.']
MacEwan,Early Learning and Child Care | MacEwan University Academic Catalog,Early Learning and Child Care,,,https://calendar.macewan.ca/programs/certificates-diplomas/early-learning-child-care/,,,,,,[],[],"[""Raw text contains only the phrase 'admission requirements.' and no details.""]"
MacEwan,Educational Assistant | MacEwan University Academic Catalog,Educational Assistant,Certificate,City Centre Campus,https://calendar.macewan.ca/programs/certificates-diplomas/educational-assistant/,,,,,,[],[],['No admission requirements listed in the provided text.']
MacEwan,Emergency Communications and Response Certificate | MacEwan University Academic Catalog,Emergency Communications and Response,Certificate,On-campus,https://calendar.macewan.ca/programs/certificates-diplomas/emergency-communications-response/,,,,,,[],[],['No admission requirements listed in the provided text.']
MacEwan,Hearing Aid Practitioner | MacEwan University Academic Catalog,Hearing Aid Practitioner,Diploma,Distance-delivery,https://calendar.macewan.ca/programs/certificates-diplomas/hearing-aid-practitioner/,,,,,,[],[],['No specific admission requirements listed in the provided text.']
MacEwan,Human Resources Management Certificate and Diploma | MacEwan University Academic Catalog,Human Resources Management,Certificate and Diploma,,https://calendar.macewan.ca/programs/certificates-diplomas/human-resources-management/,,,,,,[],[],['No admission requirements listed in the provided text.']
MacEwan,Insurance and Risk Management - Business Management Diploma | MacEwan University Academic Catalog,Insurance and Risk Management,Business Management Diploma,,https://calendar.macewan.ca/programs/certificates-diplomas/insurance-risk-management/,,,,,,[],[],['No admission requirements listed in the provided text.']
MacEwan,Investigative Studies - Police and Investigations | MacEwan University Academic Catalog,Investigative Studies,Diploma,,https://calendar.macewan.ca/programs/certificates-diplomas/investigative-studies/,,,,,,[],[],"['Specific courses and averages are not listed in the text, though the program is noted as competitive.']"
MacEwan,Library and Information Technology Diploma | MacEwan University Academic Catalog,Library and Information Technology,Diploma,,https://calendar.macewan.ca/programs/certificates-diplomas/library-information-technology/,,,,,,[],[],['No admission requirements listed in the provided text.']
MacEwan,Massage Therapy | MacEwan University Academic Catalog,Massage Therapy,,,https://calendar.macewan.ca/programs/certificates-diplomas/massage-therapy/,,,,,,[],[],['No admission requirements listed in the provided text.']
MacEwan,Administrative - Office Assistant Certificate | MacEwan University Academic Catalog,Office Assistant - Administrative major,Certificate,,https://calendar.macewan.ca/programs/certificates-diplomas/office-assistant-administrative/,,,,,,[],[],['No admission requirements listed in the provided text.']
MacEwan,Legal - Office Assistant Certificate | MacEwan University Academic Catalog,Office Assistant - Legal major,Certificate,,https://calendar.macewan.ca/programs/certificates-diplomas/office-assistant-legal/,,,,,,[],[],['No admission requirements listed in the provided text.']
MacEwan,Medical - Office Assistant Certificate | MacEwan University Academic Catalog,Office Assistant - Medical major,Certificate,,https://calendar.macewan.ca/programs/certificates-diplomas/office-assistant-medical/,,,,,,[],[],['No admission requirements listed in the provided text.']
MacEwan,Paralegal Studies Diploma | MacEwan University Academic Catalog,Paralegal Studies,Diploma,,https://calendar.macewan.ca/programs/certificates-diplomas/paralegal-studies/,,,,,,[],[],['No admission requirements listed in the provided text.']
MacEwan,Physical Therapist Assistant / Occupational Therapist Assistant Diploma | MacEwan University Academic Catalog,Physical Therapist Assistant / Occupational Therapist Assistant,Diploma,,https://calendar.macewan.ca/programs/certificates-diplomas/physical-occupational-therapist-assistant/,,,,,,[],[],['Specific courses and averages are not listed in the text.']
MacEwan,Police Studies - Police and Investigations Diploma | MacEwan University Academic Catalog,Police Studies,Diploma,,https://calendar.macewan.ca/programs/certificates-diplomas/police-studies/,,,,,,[],[],['Specific courses and averages are not listed in the text.']
MacEwan,Public Relations Diploma - Suspended | MacEwan University Academic Catalog,Public Relations,Diploma,,https://calendar.macewan.ca/programs/certificates-diplomas/public-relations/,,,,,,[],[],"['Program is suspended according to page title.', 'No specific courses or grades listed.']"
MacEwan,Social Work Diploma | MacEwan University Academic Catalog,Social Work,Diploma,,https://calendar.macewan.ca/programs/certificates-diplomas/social-work/,,,,,,[],[],['No specific admission requirements listed in the text.']
MacEwan,Speech Language Pathologist Assistant Diploma | MacEwan University Academic Catalog,Speech Language Pathologist Assistant,Diploma,City Centre Campus,https://calendar.macewan.ca/programs/certificates-diplomas/speech-language-pathologist-assistant/,,,,,,[],[],['Specific courses and averages are not listed in the text.']
MacEwan,Travel and Tourism | MacEwan University Academic Catalog,Travel and Tourism,,,https://calendar.macewan.ca/programs/certificates-diplomas/travel/,,,,,,[],[],['No specific admission requirements listed in the text.']
MacEwan,Anthropology - Bachelor of Arts | MacEwan University Academic Catalog,Anthropology (Major/Minor/Honours),Bachelor of Arts,City Centre Campus,https://calendar.macewan.ca/programs/degree-programs/ba-anthropology/,,,,,,[],[],"['The provided text is a program description, not a specific list of admission requirements like high school grades.']"
MacEwan,Economics - Bachelor of Arts | MacEwan University Academic Catalog,Economics (Major/Minor/Honours),Bachelor of Arts,City Centre Campus,https://calendar.macewan.ca/programs/degree-programs/ba-economics/,,,,,,[],[],"['The provided text is a program description, not a specific list of admission requirements like high school grades.']"
MacEwan,English - Bachelor of Arts | MacEwan University Academic Catalog,English (Major/Minor/Honours),Bachelor of Arts,City Centre Campus,https://calendar.macewan.ca/programs/degree-programs/ba-english/,,,,,,[],[],"['The provided text is a program description, not a specific list of admission requirements like high school grades.']"
MacEwan,Minors - Bachelor of Arts | MacEwan University Academic Catalog,Minors - Bachelor of Arts,Bachelor,,https://calendar.macewan.ca/programs/degree-programs/ba-minors/,,,,,,[],[],['not a program page']
MacEwan,Philosophy - Bachelor of Arts | MacEwan University Academic Catalog,Philosophy (Major/Minor),Bachelor of Arts,City Centre Campus,https://calendar.macewan.ca/programs/degree-programs/ba-philosophy/,,,,,,[],[],"['The provided text is a program description, not a specific list of admission requirements like high school grades.']"
MacEwan,Political Science - Bachelor of Arts | MacEwan University Academic Catalog,Political Science (Major/Minor/Honours),Bachelor of Arts,City Centre Campus,https://calendar.macewan.ca/programs/degree-programs/ba-political-science/,,,,,,[],[],"['The provided text is a program description, not a specific list of admission requirements like high school grades.']"
MacEwan,Psychology - Bachelor of Arts | MacEwan University Academic Catalog,Psychology (Major/Minor/Honours),Bachelor of Arts,City Centre Campus,https://calendar.macewan.ca/programs/degree-programs/ba-psychology/,,,,,,[],[],"['The provided text is a program description, not a specific list of admission requirements like high school grades.']"
MacEwan,Sociology - Bachelor of Arts | MacEwan University Academic Catalog,Sociology (Major/Minor/Honours),Bachelor of Arts,City Centre Campus,https://calendar.macewan.ca/programs/degree-programs/ba-sociology/,,,,,,[],[],"['The provided text is a program description, not a specific list of admission requirements like high school grades.']"
MacEwan,Bachelor of Arts Undeclared | MacEwan University Academic Catalog,Bachelor of Arts Undeclared,Bachelor of Arts,,https://calendar.macewan.ca/programs/degree-programs/ba-undeclared/,,,,,,[],[],"['The provided text is a general BA program overview, not a specific list of high school admission requirements.']"
MacEwan,Accounting - Bachelor of Commerce | MacEwan University Academic Catalog,Accounting (Major),Bachelor of Commerce,,https://calendar.macewan.ca/programs/degree-programs/bcom-accounting/,,,,,,[],[],"['The provided text is a program description, not a specific list of admission requirements for high school applicants.']"
MacEwan,Human Resources Management - Bachelor of Commerce | MacEwan University Academic Catalog,Human Resources Management (Major),Bachelor of Commerce,,https://calendar.macewan.ca/programs/degree-programs/bcom-human-resources-management/,,,,,,[],[],"['The provided text is a program description, not a specific list of admission requirements for high school applicants.']"
MacEwan,International Business - Bachelor of Commerce | MacEwan University Academic Catalog,International Business (Major),Bachelor of Commerce,,https://calendar.macewan.ca/programs/degree-programs/bcom-international-business/,,,,,,[],[],"['The provided text is a program description, not a specific list of admission requirements for high school applicants.']"
MacEwan,Legal Studies in Business - Bachelor of Commerce | MacEwan University Academic Catalog,Legal Studies in Business (Major),Bachelor of Commerce,,https://calendar.macewan.ca/programs/degree-programs/bcom-legal-studies-business/,,,,,,[],[],"['The provided text is a program description, not a specific list of admission requirements for high school applicants.']"
MacEwan,Management - Bachelor of Commerce | MacEwan University Academic Catalog,Management (Major),Bachelor of Commerce,,https://calendar.macewan.ca/programs/degree-programs/bcom-management/,,,,,,[],[],"['The provided text is a program description, not a specific list of admission requirements for high school applicants.']"
MacEwan,Marketing - Bachelor of Commerce | MacEwan University Academic Catalog,Marketing (Major),Bachelor of Commerce,,https://calendar.macewan.ca/programs/degree-programs/bcom-marketing/,,,,,,[],[],"['The provided text is a program description, not a specific list of admission requirements for high school applicants.']"
MacEwan,Minors - Bachelor of Commerce | MacEwan University Academic Catalog,Minors - Bachelor of Commerce,Bachelor,,https://calendar.macewan.ca/programs/degree-programs/bcom-minors/,,,,,,[],[],['not a program page']
MacEwan,Supply Chain Management - Bachelor of Commerce | MacEwan University Academic Catalog,Supply Chain Management (Major),Bachelor of Commerce,,https://calendar.macewan.ca/programs/degree-programs/bcom-supply-chain-management/,,,,,,[],[],"['The provided text is a program description, not a specific list of admission requirements for high school applicants.']"
MacEwan,Bachelor of Commerce - Undeclared | MacEwan University Academic Catalog,Bachelor of Commerce Undeclared,Bachelor of Commerce,,https://calendar.macewan.ca/programs/degree-programs/bcom-undeclared/,,,,,,[],[],"['The provided text is a general Bachelor of Commerce description, not a specific list of admission requirements.']"
MacEwan,Journalism Major - Bachelor of Communication Studies | MacEwan University Academic Catalog,Journalism (Major),Bachelor of Communication Studies,,https://calendar.macewan.ca/programs/degree-programs/bcs-journalism/,,,,,,[],[],['Specific high school admission requirements are not listed in the provided text.']
MacEwan,Professional Communication Major - Bachelor of Communication Studies | MacEwan University Academic Catalog,Professional Communication (Major),Bachelor of Communication Studies,,https://calendar.macewan.ca/programs/degree-programs/bcs-professional-communication/,,,,,,[],[],['Specific high school admission requirements are not listed in the provided text.']
MacEwan,Public Relations Major - Bachelor of Communication Studies | MacEwan University Academic Catalog,Public Relations (Major),Bachelor of Communication Studies,,https://calendar.macewan.ca/programs/degree-programs/bcs-public-relations/,,,,,,[],[],['Specific high school admission requirements are not listed in the provided text.']
MacEwan,Child and Youth Care - Bachelor of Child and Youth Care | MacEwan University Academic Catalog,Child and Youth Care,Bachelor of Child and Youth Care,,https://calendar.macewan.ca/programs/degree-programs/bcyc-child-youth-care/,,,,,,[],[],['Specific admission requirements are not listed in the provided text.']
MacEwan,Design - Bachelor of Design | MacEwan University Academic Catalog,Design,Bachelor of Design,,https://calendar.macewan.ca/programs/degree-programs/bdes-design/,,,,,,[],[],['Specific high school admission requirements are not listed in the provided text.']
MacEwan,Digital Experience Design Major - Bachelor of Design | MacEwan University Academic Catalog,Digital Experience Design (Major),Bachelor of Design,,https://calendar.macewan.ca/programs/degree-programs/bdes-digital-experience-design/,,,,,,[],[],['Specific high school admission requirements are not listed in the provided text.']
MacEwan,Bachelor of Early Childhood Curriculum Studies | MacEwan University Academic Catalog,Early Childhood Curriculum Studies (BECCS),Bachelor of Early Childhood Curriculum Studies,,https://calendar.macewan.ca/programs/degree-programs/beccs-early-childhood-curriculum-studies/,,,,,,[],[],['Specific admission requirements are not listed in the provided text.']
MacEwan,Arts and Cultural Management – Bachelor of Fine Arts | MacEwan University Academic Catalog,Arts and Cultural Management (Major),Bachelor of Fine Arts,,https://calendar.macewan.ca/programs/degree-programs/bfa-arts-and-cultural-management/,,,,,,[],[],['Specific admission requirements are not listed in the provided text.']
MacEwan,Music Theatre Performance – Bachelor of Fine Arts | MacEwan University Academic Catalog,Music Theatre Performance (Major),Bachelor of Fine Arts,,https://calendar.macewan.ca/programs/degree-programs/bfa-music-theatre-performance/,,,,,,[],[],['Specific admission requirements are not listed in the provided text.']
MacEwan,Studio Arts – Bachelor of Fine Arts | MacEwan University Academic Catalog,Studio Arts (Major),Bachelor of Fine Arts,,https://calendar.macewan.ca/programs/degree-programs/bfa-studio-arts/,,,,,,[],[],['Specific admission requirements are not listed in the provided text.']
MacEwan,Theatre Production – Bachelor of Fine Arts | MacEwan University Academic Catalog,Theatre Production (Major),Bachelor of Fine Arts,,https://calendar.macewan.ca/programs/degree-programs/bfa-theatre-production/,,,,,,[],[],['Specific admission requirements are not listed in the provided text.']
MacEwan,Composition Major – Bachelor of Music | MacEwan University Academic Catalog,Composition Major – Bachelor of Music,Bachelor,,https://calendar.macewan.ca/programs/degree-programs/bmus-composition/,,,,,,[],[],
MacEwan,General Major - Bachelor of Music | MacEwan University Academic Catalog,General (Major),Bachelor of Music,,https://calendar.macewan.ca/programs/degree-programs/bmus-general/,,,,,,[],[],['Specific high school admission requirements are not listed in the provided text.']
MacEwan,Performance Major - Bachelor of Music | MacEwan University Academic Catalog,Performance (Major),Bachelor of Music,,https://calendar.macewan.ca/programs/degree-programs/bmus-performance/,,,,,,[],[],['Specific high school admission requirements are not listed in the provided text.']
MacEwan,Recording and Production Major - Bachelor of Music | MacEwan University Academic Catalog,Recording and Production (Major),Bachelor of Music,,https://calendar.macewan.ca/programs/degree-programs/bmus-recording-production/,,,,,,[],[],['Specific high school admission requirements are not listed in the provided text.']
MacEwan,Psychiatric Nursing - Bachelor of Psychiatric Nursing | MacEwan University Academic Catalog,Psychiatric Nursing,Bachelor of Psychiatric Nursing,City Centre Campus,https://calendar.macewan.ca/programs/degree-programs/bpn-psychiatric-nursing/,,,,,,[],[],['Specific admission requirements are not listed in the provided text.']
MacEwan,Bachelor of Public Safety and Justice | MacEwan University Academic Catalog,Bachelor of Public Safety and Justice,Bachelor of Public Safety and Justice,,https://calendar.macewan.ca/programs/degree-programs/bpsj-public-safety-and-justice/,,,,,,[],[],['Specific admission requirements are not listed in the provided text.']
MacEwan,Applied Statistics - Bachelor of Science | MacEwan University Academic Catalog,Applied Statistics (Major/Honours),Bachelor of Science,City Centre Campus,https://calendar.macewan.ca/programs/degree-programs/bsc-applied-statistics/,,,,,,[],[],"['The provided text is a program description, not a specific list of high school admission requirements.']"
MacEwan,Biological Sciences - Bachelor of Science | MacEwan University Academic Catalog,Biological Sciences,Bachelor of Science,,https://calendar.macewan.ca/programs/degree-programs/bsc-biological-sciences/,,,,,,[],[],['Raw text contains no admission detail for this row.']
MacEwan,Chemistry - Bachelor of Science | MacEwan University Academic Catalog,Chemistry (Major),Bachelor of Science,City Centre Campus,https://calendar.macewan.ca/programs/degree-programs/bsc-chemistry/,,,,,,[],[],"['The provided text is a program description, not a specific list of high school admission requirements.']"
MacEwan,Computer Science - Bachelor of Science | MacEwan University Academic Catalog,Computer Science (Major),Bachelor of Science,City Centre Campus,https://calendar.macewan.ca/programs/degree-programs/bsc-computer-science/,,,,,,[],[],"['The provided text is a program description, not a specific list of high school admission requirements.']"
MacEwan,Data Science - Bachelor of Science | MacEwan University Academic Catalog,Data Science (Major),Bachelor of Science,City Centre Campus,https://calendar.macewan.ca/programs/degree-programs/bsc-data-science/,,,,,,[],[],"['The provided text is a program description, not a specific list of high school admission requirements.']"
MacEwan,Environmental Sciences - Bachelor of Science | MacEwan University Academic Catalog,Environmental Sciences (Major),Bachelor of Science,City Centre Campus,https://calendar.macewan.ca/programs/degree-programs/bsc-environmental-science/,,,,,,[],[],"['The provided text is a program description, not a specific list of high school admission requirements.']"
MacEwan,Mathematical Sciences - Bachelor of Science | MacEwan University Academic Catalog,Mathematical Sciences (Major),Bachelor of Science,City Centre Campus,https://calendar.macewan.ca/programs/degree-programs/bsc-mathematical-sciences/,,,,,,[],[],"['The provided text is a program description, not a specific list of high school admission requirements.']"
MacEwan,Mathematics - Bachelor of Science | MacEwan University Academic Catalog,Mathematics (Major/Honours),Bachelor of Science,City Centre Campus,https://calendar.macewan.ca/programs/degree-programs/bsc-mathematics/,,,,,,[],[],"['The provided text is a program description, not a specific list of high school admission requirements.']"
MacEwan,Minors - Bachelor of Science | MacEwan University Academic Catalog,Minors - Bachelor of Science,Bachelor,,https://calendar.macewan.ca/programs/degree-programs/bsc-minors/,,,,,,[],[],['not a program page']
MacEwan,Physical Sciences - Bachelor of Science | MacEwan University Academic Catalog,Physical Sciences (Major),Bachelor of Science,City Centre Campus,https://calendar.macewan.ca/programs/degree-programs/bsc-physical-sciences/,,,,,,[],[],"['The provided text is a program description, not a specific list of high school admission requirements.']"
MacEwan,Psychology - Bachelor of Science | MacEwan University Academic Catalog,Psychology (Major/Minor/Honours),Bachelor of Science,City Centre Campus,https://calendar.macewan.ca/programs/degree-programs/bsc-psychology/,,,,,,[],[],"['The provided text is a program description, not a specific list of high school admission requirements.']"
MacEwan,Bachelor of Science Undeclared | MacEwan University Academic Catalog,Bachelor of Science Undeclared,Bachelor of Science,,https://calendar.macewan.ca/programs/degree-programs/bsc-undeclared/,,,,,,[],[],"['The provided text is a general Bachelor of Science description, not a specific list of admission requirements.']"
MacEwan,Nursing - Bachelor of Science in Nursing | MacEwan University Academic Catalog,Nursing,Bachelor of Science in Nursing,,https://calendar.macewan.ca/programs/degree-programs/bscn-nursing/,,,,,,[],[],['Specific admission requirements are not listed in the provided text.']
MacEwan,Social Work - Bachelor of Social Work | MacEwan University Academic Catalog,Social Work,Bachelor of Social Work,,https://calendar.macewan.ca/programs/degree-programs/bsw-social-work/,,,,,,[],[],['Specific admission requirements are not listed in the provided text.']
MacEwan,"Childhood, Youth, and Family Studies Minor | MacEwan University Academic Catalog","Childhood, Youth, and Family Studies Minor",Minor,,https://calendar.macewan.ca/programs/degree-programs/childhood-youth-family-studies/,,,,,,[],[],['not a program page']
MacEwan,Minors - Fine Arts and Communication | MacEwan University Academic Catalog,Minors - Fine Arts and Communication,,,https://calendar.macewan.ca/programs/degree-programs/ffac-minors/,,,,,,[],[],['not a program page']
MacEwan,Accounting Minor | MacEwan University Academic Catalog,Accounting Minor,Minor,,https://calendar.macewan.ca/programs/min-babs-accounting/,,,,,,[],[],['not a program page']
MacEwan,Arts and Cultural Management | MacEwan University Academic Catalog,Arts and Cultural Management,,,https://calendar.macewan.ca/programs/min-babs-arts-cultural-management/,,,,,,[],[],['not a program page']
MacEwan,Business Law Minor | MacEwan University Academic Catalog,Business Law Minor,Minor,,https://calendar.macewan.ca/programs/min-babs-business-law/,,,,,,[],[],['not a program page']
MacEwan,Business Studies Minor | MacEwan University Academic Catalog,Business Studies Minor,Minor,,https://calendar.macewan.ca/programs/min-babs-business-studies/,,,,,,[],[],['not a program page']
MacEwan,Classics Minor | MacEwan University Academic Catalog,Classics Minor,Minor,,https://calendar.macewan.ca/programs/min-babs-classics/,,,,,,[],[],['not a program page']
MacEwan,Creative Writing Minor | MacEwan University Academic Catalog,Creative Writing Minor,Minor,,https://calendar.macewan.ca/programs/min-babs-creative-writing/,,,,,,[],[],['not a program page']
MacEwan,Cybersecurity Studies Minor | MacEwan University Academic Catalog,Cybersecurity Studies Minor,Minor,,https://calendar.macewan.ca/programs/min-babs-cybersecurity-studies/,,,,,,[],[],['not a program page']
MacEwan,Digital Experience Design | MacEwan University Academic Catalog,Digital Experience Design,,,https://calendar.macewan.ca/programs/min-babs-digital-experience-design/,,,,,,[],[],['not a program page']
MacEwan,Earth and Planetary Sciences Minor | MacEwan University Academic Catalog,Earth and Planetary Sciences Minor,Minor,,https://calendar.macewan.ca/programs/min-babs-earth-planetary-sciences/,,,,,,[],[],['not a program page']
MacEwan,Environmental Sciences Minor | MacEwan University Academic Catalog,Environmental Sciences Minor,Minor,,https://calendar.macewan.ca/programs/min-babs-environmental-sciences/,,,,,,[],[],['not a program page']
MacEwan,Film Minor | MacEwan University Academic Catalog,Film Minor,Minor,,https://calendar.macewan.ca/programs/min-babs-film/,,,,,,[],[],['not a program page']
MacEwan,Finance Minor | MacEwan University Academic Catalog,Finance Minor,Minor,,https://calendar.macewan.ca/programs/min-babs-finance/,,,,,,[],[],['not a program page']
MacEwan,French Minor | MacEwan University Academic Catalog,French Minor,Minor,,https://calendar.macewan.ca/programs/min-babs-french/,,,,,,[],[],['not a program page']
MacEwan,Gender Studies Minor | MacEwan University Academic Catalog,Gender Studies Minor,Minor,,https://calendar.macewan.ca/programs/min-babs-gender-studies/,,,,,,[],[],['not a program page']
MacEwan,Human Resources Management Minor | MacEwan University Academic Catalog,Human Resources Management Minor,Minor,,https://calendar.macewan.ca/programs/min-babs-human-resource-management/,,,,,,[],[],['not a program page']
MacEwan,Indigegogy Minor | MacEwan University Academic Catalog,Indigegogy Minor,Minor,,https://calendar.macewan.ca/programs/min-babs-indigegogy/,,,,,,[],[],['not a program page']
MacEwan,Marketing Minor | MacEwan University Academic Catalog,Marketing Minor,Minor,,https://calendar.macewan.ca/programs/min-babs-marketing/,,,,,,[],[],['not a program page']
MacEwan,Physics Minor | MacEwan University Academic Catalog,Physics Minor,Minor,,https://calendar.macewan.ca/programs/min-babs-physics/,,,,,,[],[],['not a program page']
MacEwan,Planetary Physics Minor | MacEwan University Academic Catalog,Planetary Physics Minor,Minor,,https://calendar.macewan.ca/programs/min-babs-planetary-physics/,,,,,,[],[],['not a program page']
MacEwan,Spanish Minor | MacEwan University Academic Catalog,Spanish Minor,Minor,,https://calendar.macewan.ca/programs/min-babs-spanish/,,,,,,[],[],['not a program page']
MacEwan,Urban Wellness Minor | MacEwan University Academic Catalog,Urban Wellness Minor,Minor,,https://calendar.macewan.ca/programs/min-babs-urban-wellness/,,,,,,[],[],['not a program page']
MacEwan,Accounting Minor | MacEwan University Academic Catalog,Accounting Minor,Minor,,https://calendar.macewan.ca/programs/min-bcom-accounting/,,,,,,[],[],['not a program page']
MacEwan,Anthropology Minor | MacEwan University Academic Catalog,Anthropology Minor,Minor,,https://calendar.macewan.ca/programs/min-bcom-anthropology/,,,,,,[],[],['not a program page']
MacEwan,Business Intelligence Minor | MacEwan University Academic Catalog,Business Intelligence Minor,Minor,,https://calendar.macewan.ca/programs/min-bcom-business-intelligence/,,,,,,[],[],['not a program page']
MacEwan,Cybersecurity Studies Minor | MacEwan University Academic Catalog,Cybersecurity Studies Minor,Minor,,https://calendar.macewan.ca/programs/min-bcom-cybersecurity-studies/,,,,,,[],[],['not a program page']
MacEwan,Digital Experience Design Minor | MacEwan University Academic Catalog,Digital Experience Design Minor,Minor,,https://calendar.macewan.ca/programs/min-bcom-digital-experience-design/,,,,,,[],[],['not a program page']
MacEwan,Economics Minor | MacEwan University Academic Catalog,Economics Minor,Minor,,https://calendar.macewan.ca/programs/min-bcom-economics/,,,,,,[],[],['not a program page']
MacEwan,Finance Minor | MacEwan University Academic Catalog,Finance Minor,Minor,,https://calendar.macewan.ca/programs/min-bcom-finance/,,,,,,[],[],['not a program page']
MacEwan,French Minor | MacEwan University Academic Catalog,French Minor,Minor,,https://calendar.macewan.ca/programs/min-bcom-french/,,,,,,[],[],['not a program page']
MacEwan,Human Resources Management Minor | MacEwan University Academic Catalog,Human Resources Management Minor,Minor,,https://calendar.macewan.ca/programs/min-bcom-human-resources-management/,,,,,,[],[],['not a program page']
MacEwan,Innovation and Entrepreneurship Minor | MacEwan University Academic Catalog,Innovation and Entrepreneurship Minor,Minor,,https://calendar.macewan.ca/programs/min-bcom-innovation-and-entrepreneurship/,,,,,,[],[],['not a program page']
MacEwan,International Business Minor | MacEwan University Academic Catalog,International Business Minor,Minor,,https://calendar.macewan.ca/programs/min-bcom-international-business/,,,,,,[],[],['not a program page']
MacEwan,Journalism Minor | MacEwan University Academic Catalog,Journalism Minor,Minor,,https://calendar.macewan.ca/programs/min-bcom-journalism/,,,,,,[],[],['not a program page']
MacEwan,Legal Studies in Business Minor | MacEwan University Academic Catalog,Legal Studies in Business Minor,Minor,,https://calendar.macewan.ca/programs/min-bcom-legal-studies-in-business/,,,,,,[],[],['not a program page']
MacEwan,Management Minor | MacEwan University Academic Catalog,Management Minor,Minor,,https://calendar.macewan.ca/programs/min-bcom-management/,,,,,,[],[],['not a program page']
MacEwan,Marketing Minor | MacEwan University Academic Catalog,Marketing Minor,Minor,,https://calendar.macewan.ca/programs/min-bcom-marketing/,,,,,,[],[],['not a program page']
MacEwan,Political Science Minor | MacEwan University Academic Catalog,Political Science Minor,Minor,,https://calendar.macewan.ca/programs/min-bcom-political-science/,,,,,,[],[],['not a program page']
MacEwan,Property Management Minor | MacEwan University Academic Catalog,Property Management Minor,Minor,,https://calendar.macewan.ca/programs/min-bcom-property-management/,,,,,,[],[],['not a program page']
MacEwan,Psychology Minor | MacEwan University Academic Catalog,Psychology Minor,Minor,,https://calendar.macewan.ca/programs/min-bcom-psychology/,,,,,,[],[],['not a program page']
MacEwan,Sociology Minor | MacEwan University Academic Catalog,Sociology Minor,Minor,,https://calendar.macewan.ca/programs/min-bcom-sociology/,,,,,,[],[],['not a program page']
MacEwan,Spanish Minor | MacEwan University Academic Catalog,Spanish Minor,Minor,,https://calendar.macewan.ca/programs/min-bcom-spanish/,,,,,,[],[],['not a program page']
MacEwan,Statistics Minor | MacEwan University Academic Catalog,Statistics Minor,Minor,,https://calendar.macewan.ca/programs/min-bcom-statistics/,,,,,,[],[],['not a program page']
MacEwan,Supply Chain Management Minor | MacEwan University Academic Catalog,Supply Chain Management Minor,Minor,,https://calendar.macewan.ca/programs/min-bcom-supply-chain-management/,,,,,,[],[],['not a program page']
MacEwan,Digital Experience Design Minor | MacEwan University Academic Catalog,Digital Experience Design Minor,Minor,,https://calendar.macewan.ca/programs/min-bcs-digital-experience-design/,,,,,,[],[],['not a program page']
MacEwan,Film Minor | MacEwan University Academic Catalog,Film Minor,Minor,,https://calendar.macewan.ca/programs/min-bcs-film/,,,,,,[],[],['not a program page']
MacEwan,Graphic Design Minor | MacEwan University Academic Catalog,Graphic Design Minor,Minor,,https://calendar.macewan.ca/programs/min-bcs-graphic-design,,,,,,[],[],['not a program page']
MacEwan,Graphic Design Minor | MacEwan University Academic Catalog,Graphic Design Minor,Minor,,https://calendar.macewan.ca/programs/min-bcs-graphic-design/,,,,,,[],[],['not a program page']
MacEwan,Journalism Minor | MacEwan University Academic Catalog,Journalism Minor,Minor,,https://calendar.macewan.ca/programs/min-bcs-journalism/,,,,,,[],[],['not a program page']
MacEwan,Professional Communication Minor | MacEwan University Academic Catalog,Professional Communication Minor,Minor,,https://calendar.macewan.ca/programs/min-bcs-professional-communication/,,,,,,[],[],['not a program page']
MacEwan,Music Career Management Minor | MacEwan University Academic Catalog,Music Career Management Minor,Minor,,https://calendar.macewan.ca/programs/min-bmus-music-career-management/,,,,,,[],[],['not a program page']
MacEwan,Music Education Minor | MacEwan University Academic Catalog,Music Education Minor,Minor,,https://calendar.macewan.ca/programs/min-bmus-music-education/,,,,,,[],[],['not a program page']
MacEwan,Music Technology and Production Minor | MacEwan University Academic Catalog,Music Technology and Production Minor,Minor,,https://calendar.macewan.ca/programs/min-bmus-music-technology-production/,,,,,,[],[],['not a program page']
MacEwan,Songwriting Minor | MacEwan University Academic Catalog,Songwriting Minor,Minor,,https://calendar.macewan.ca/programs/min-bmus-songwriting/,,,,,,[],[],['not a program page']
MacEwan,Cybersecurity Studies Minor | MacEwan University Academic Catalog,Cybersecurity Studies Minor,Minor,,https://calendar.macewan.ca/programs/min-bpsj-cybersecurity-studies/,,,,,,[],[],['not a program page']
MacEwan,Post-Baccalaureate Certificate in Behaviour Analysis | MacEwan University Academic Catalog,Behaviour Analysis,Post-Baccalaureate Certificate,City Centre Campus,https://calendar.macewan.ca/programs/post-baccalaureate-certificate-programs/behaviour-analysis/,,,,,,[],[],['Specific admission requirements are not listed in the provided text.']
MacEwan,Digital Experience Design | MacEwan University Academic Catalog,Digital Experience Design,Post-Diploma Certificate,,https://calendar.macewan.ca/programs/post-diploma-certificate-programs/digital-experience-design/,,,,,,[],[],['Specific admission requirements are not listed in the provided text.']
MacEwan,Gerontology | MacEwan University Academic Catalog,Gerontology,Post-Diploma Certificate,,https://calendar.macewan.ca/programs/post-diploma-certificate-programs/gerontology/,,,,,,[],[],['Specific admission requirements are not listed in the provided text.']
MacEwan,Hospice Palliative Care | MacEwan University Academic Catalog,Hospice Palliative Care,Post-Diploma Certificate,,https://calendar.macewan.ca/programs/post-diploma-certificate-programs/hospice-palliative-care/,,,,,,[],[],['Specific admission requirements are not listed in the provided text.']
MacEwan,Occupational Health Nursing | MacEwan University Academic Catalog,Occupational Health Nursing (OHN),Post-Diploma Certificate,Online distance delivery,https://calendar.macewan.ca/programs/post-diploma-certificate-programs/occupational-health-nursing/,,,,,,[],[],['Specific admission requirements are not listed in the provided text.']
MacEwan,Perioperative Nursing for Registered Nurses and Licensed Practical Nurses | MacEwan University Academic Catalog,Perioperative Nursing,Post-Diploma Certificate,Online distance delivery and classroom lab,https://calendar.macewan.ca/programs/post-diploma-certificate-programs/perioperative-nursing/,,,,,,[],[],['Specific admission requirements are not listed in the provided text.']
MacEwan,English as a Additional Language (EAL) | MacEwan University Academic Catalog,English as an Additional Language (EAL),,,https://calendar.macewan.ca/programs/university-entrance/eal/,,,,,,[],[],['Specific admission requirements are not listed in the provided text.']
MacEwan,Alberta Foundation Program | MacEwan University Academic Catalog,Alberta Foundation Program (AFP),,,https://calendar.macewan.ca/programs/university-entrance/foundation-alberta/,,,,,,[],[],"['Program is temporarily suspended due to funding.', 'Specific admission requirements are not listed in the provided text.']"
MacEwan,Foundation Program - International | MacEwan University Academic Catalog,Foundation Program International,,,https://calendar.macewan.ca/programs/university-entrance/foundation-international/,,,,,,[],[],['Specific admission requirements are not listed in the provided text.']
MacEwan,Foundation Program - pimâcihisowin | MacEwan University Academic Catalog,pimâcihisowin Foundation Program (PFP),,,https://calendar.macewan.ca/programs/university-entrance/foundation-pimacihisowin/,,,,,,[],[],['Specific admission requirements are not listed in the provided text.']
MacEwan,Academic Upgrading | MacEwan University Academic Catalog,Academic Upgrading,,,https://calendar.macewan.ca/programs/university-entrance/university-preparation/,,,,,,[],[],['Specific admission requirements are not listed in the provided text.']
MacEwan,Bachelor of Physical Education Transfer | MacEwan University Academic Catalog,Bachelor of Physical Education Transfer,,Robbins Health Learning Centre,https://calendar.macewan.ca/programs/university-transfer/bpe-physical-education-transfer/,,,,,,[],[],['Specific courses and averages are not listed in the text.']
NAIT,C/C++ Programming Language - NAIT,C/C++ Programming Language,,Online,https://www.nait.ca/coned/c-cpp-programming-language,,,,,,[],[],"['This is a Continuing Education listing for courses (CCTP135, CCTP136).']"
NAIT,Continuing Education Programs & Courses,Continuing Education Programs & Courses,,,https://www.nait.ca/coned/career-programs,,,,,,[],[],['not a program page']
NAIT,Construction Leadership and Supervision Program - NAIT,Construction Leadership and Supervision (CLS),Certificate,Online,https://www.nait.ca/coned/construction-leadership-and-supervision-program,,,,,,[],[],['Specific admission requirements are not listed in the provided text.']
NAIT,Core Programming - NAIT,Core Programming,,Online,https://www.nait.ca/coned/core-programming,,,,,,[],[],['Specific admission requirements are not listed in the provided text.']
NAIT,Digital Marketing Program - NAIT,Digital Marketing,Professional Certificate,Online,https://www.nait.ca/coned/digital-marketing-program,,,,,,[],[],['Specific admission requirements are not listed in the provided text.']
NAIT,National Payroll Institute Designation Programs - NAIT,National Payroll Institute Designation Programs,PCP and PLP designations,,https://www.nait.ca/coned/national-payroll-institute-program,,,,,,[],[],['Specific admission requirements like high school grades are not listed in the provided text.']
NAIT,Programmable Logic Controller I - NAIT,Programmable Logic Controller Level I,Certificate of Achievement,Main Campus / Online,https://www.nait.ca/coned/programmable-logic-controller,,,,,,[],[],['Specific admission requirements are not listed in the provided text.']
NAIT,Programmable Logic Controller II - NAIT,Programmable Logic Controller Level II,Certificate of Achievement,Main Campus,https://www.nait.ca/coned/programmable-logic-controller-ii,,,,,,[],[],['Specific admission requirements are not listed in the provided text.']
NAIT,Water and Wastewater Technician Programming (Distance) - NAIT,Water and Wastewater Technician,Specialized Certificate,Distance learning / NAIT Main Campus (for labs),https://www.nait.ca/coned/water-wastewater-tech-programming-distance,,,,,,[],[],['Specific admission requirements are not listed in the provided text.']
NAIT,Continuing Education Programs & Courses,Continuing Education Programs & Courses,,,https://www.nait.ca/continuing-education/programs-and-courses,,,,,,[],[],['not a program page']
NAIT,Credit Program Students - NAIT,Credit Program Students,,,https://www.nait.ca/nait-authorized-agents/credit-program-students,,,,,,[],[],['not a program page']
NAIT,After Your Student Applies - NAIT,After Your Student Applies,,,https://www.nait.ca/nait-authorized-agents/credit-program-students/after-your-student-applies,,,,,,[],[],['not a program page']
NAIT,Before Your Student Applies - NAIT,Before Your Student Applies,,,https://www.nait.ca/nait-authorized-agents/credit-program-students/before-your-student-applies,,,,,,[],[],['not a program page']
NAIT,Glossary of NAIT Terms - MyNAIT - NAIT,Glossary of NAIT Terms - MyNAIT,,,https://www.nait.ca/nait-authorized-agents/credit-program-students/definition-of-nait-terms,,,,,,[],[],['not a program page']
NAIT,How To Apply - NAIT,How To Apply,,,https://www.nait.ca/nait-authorized-agents/credit-program-students/how-to-apply,,,,,,[],[],['not a program page']
NAIT,NAIT joins program launch to help students from the Philippines study in Canada - NAIT,NAIT joins program launch to help students from the Philippines study in Canada,,,https://www.nait.ca/nait/about/newsroom/2017/nait-joins-program-launch-to-help-students-from-th,,,,,,[],[],['not a program page'] | not a program page
NAIT,New drill rig operator program launched at NAIT - NAIT,New drill rig operator program launched at NAIT,,,https://www.nait.ca/nait/about/newsroom/2017/new-drill-rig-operator-program-launched-at-nait,,,,,,[],[],['not a program page'] | not a program page
NAIT,Get hands-on with NAIT programs at Open House - NAIT,Get hands-on with NAIT programs at Open House,,,https://www.nait.ca/nait/about/newsroom/2018/get-hands-on-with-nait-programs-at-open-house,,,,,,[],[],['not a program page'] | not a program page
NAIT,NAIT shifts to online lecture and theory program delivery until at least Jan. 21 - NAIT,NAIT shifts to online lecture and theory program delivery until at least Jan. 21,,,https://www.nait.ca/nait/about/newsroom/2021/nait-shifts-to-online-lecture-and-theory-program-d,,,,,,[],[],['not a program page'] | not a program page
NAIT,5 programs receive government funding for expansion - NAIT,5 programs receive government funding for expansion,,,https://www.nait.ca/nait/about/newsroom/2022/5-programs-receive-government-funding-for-expansio,,,,,,[],[],['not a program page'] | not a program page
NAIT,Women of Steel™: Forging Forward Program Comes to Edmonton - NAIT,Women of Steel™: Forging Forward Program Comes to Edmonton,,,https://www.nait.ca/nait/about/newsroom/2023/women-of-steel™-forging-forward-program-comes-to-e,,,,,,[],[],['not a program page'] | not a program page
NAIT,NAIT launches 5 new programs - NAIT,NAIT launches 5 new programs,,,https://www.nait.ca/nait/about/newsroom/2024/nait-launches-5-new-programs,,,,,,[],[],['not a program page'] | not a program page
NAIT,"New NAIT program to bring more women-identifying individuals to construction, energy and manufacturi - NAIT","New NAIT program to bring more women-identifying individuals to construction, energy and manufacturi",,,https://www.nait.ca/nait/about/newsroom/2024/new-nait-program-to-bring-more-women-identifying-i,,,,,,[],[],['not a program page'] | not a program page
NAIT,Unique “Queers and Peers Mentorship” program celebrates 3 years at NAIT - NAIT,Unique “Queers and Peers Mentorship” program celebrates 3 years at NAIT,,,https://www.nait.ca/nait/about/newsroom/2024/unique-queers-and-peers-mentorship-program-celebra,,,,,,[],[],['not a program page'] | not a program page
NAIT,NAIT Launches Engagement Phase for Paused Programs - NAIT,NAIT Launches Engagement Phase for Paused Programs,,,https://www.nait.ca/nait/about/newsroom/2025/nait-launches-engagement-phase-for-paused-programs,,,,,,[],[],['not a program page'] | not a program page
NAIT,NAIT reviews programs for future growth and innovation - NAIT,NAIT reviews programs for future growth and innovation,,,https://www.nait.ca/nait/about/newsroom/2025/nait-reviews-programs-for-future-growth-and-innova,,,,,,[],[],['not a program page'] | not a program page
NAIT,New pilot program aims to fast-track medical device innovation - NAIT,New pilot program aims to fast-track medical device innovation,,,https://www.nait.ca/nait/about/newsroom/2025/new-pilot-program-aims-to-fast-track-medical-devic,,,,,,[],[],['not a program page'] | not a program page
NAIT,All other NAIT programs - NAIT,All other NAIT programs,,,https://www.nait.ca/nait/admissions/applying-to-nait/entrance-requirements/english-language-proficiency/formal-assessment/all-other-nait-programs,,,,,,[],[],['not a program page']
NAIT,Health Science - NAIT,Health Science,,,https://www.nait.ca/nait/admissions/applying-to-nait/entrance-requirements/english-language-proficiency/formal-assessment/most-health-science-programs,,,,,,[],[],['not a program page']
NAIT,Competitive Entrance - NAIT,Competitive Entrance,,,https://www.nait.ca/nait/admissions/applying-to-nait/entrance-requirements/how-does-nait-evaluate-my-application/competitive-entrance-programs,,,,,,[],[],['not a program page']
NAIT,Find a Program - NAIT,Find a Program,,,https://www.nait.ca/nait/admissions/programs,,,,,,[],[],['not a program page']
NAIT,Choosing Your NAIT Program - NAIT,Choosing Your NAIT Program,,,https://www.nait.ca/nait/admissions/programs/choosing-your-nait-program,,,,,,[],[],['not a program page']
NAIT,Tips for Mature Students - NAIT,Tips for Mature Students,,,https://www.nait.ca/nait/admissions/programs/mature-students,,,,,,[],[],['not a program page']
NAIT,Program Availability | NAIT,Program Availability,,,https://www.nait.ca/nait/admissions/programs/program-availability-domestic,,,,,,[],[],['not a program page']
NAIT,Program Availability | NAIT,Program Availability,,,https://www.nait.ca/nait/admissions/programs/program-availability-international,,,,,,[],[],['not a program page']
NAIT,Program Previews  - NAIT,Program Previews,,,https://www.nait.ca/nait/admissions/tours-events-and-info-sessions/program-previews,,,,,,[],[],['not a program page']
NAIT,Business Innovation Showcase - NAIT,Business Innovation Showcase,,,https://www.nait.ca/nait/business-industry/mawji-centre/events-programs/business-innovation-showcase,,,,,,[],[],['not a program page']
NAIT,Entrepreneurship Blue Book Program - NAIT,Entrepreneurship Blue Book Program,,,https://www.nait.ca/nait/business-industry/mawji-centre/events-programs/entrepreneurial-blue-book-program,,,,,,[],[],['not a program page']
NAIT,Innovation Challenge - NAIT,Innovation Challenge,,,https://www.nait.ca/nait/business-industry/mawji-centre/events-programs/innovation-challenge,,,,,,[],[],['not a program page']
NAIT,Pitch it to Me - NAIT,Pitch it to Me,,,https://www.nait.ca/nait/business-industry/mawji-centre/events-programs/pitch-it-to-me,,,,,,[],[],['not a program page']
NAIT,Mawji Student Ambassador Program - NAIT,Mawji Student Ambassador Program,,,https://www.nait.ca/nait/business-industry/mawji-centre/events-programs/student-ambassador-program,,,,,,[],[],['not a program page']
NAIT,FAQ - Applying to a Program at NAIT - NAIT,FAQ - Applying to a Program at NAIT,,,https://www.nait.ca/nait/contact/faq/applying-to-a-program-at-nait,,,,,,[],[],['not a program page'] | not a program page
NAIT,CCTB140 - n-Tier Development Programming Architecture - NAIT,n-Tier Development Programming Architecture,Course / part of Database Administrator program,Online,https://www.nait.ca/nait/continuing-education/courses/cctb140-n-tier-development-programming-architect,,,,,,[],[],['This is a course-level page.']
NAIT,CCTB673 - Fundamentals of Cloud Programming - NAIT,Fundamentals of Cloud Programming,Course / part of Data Engineer Certificate,Online,https://www.nait.ca/nait/continuing-education/courses/cctb673-fundamentals-of-cloud-programming,,,,,,[],[],['This is a course-level page.']
NAIT,CCTP10 - Introduction to Programming - NAIT,Introduction to Programming,Course / part of Core Programming or Python Developer,Online,https://www.nait.ca/nait/continuing-education/courses/cctp10-introduction-to-programming,,,,,,[],[],['This is a course-level page.']
NAIT,CCTP135 - CLA: Programming Essentials in C - NAIT,CLA: Programming Essentials in C,Course / part of C/C++ Programming Language group,Online,https://www.nait.ca/nait/continuing-education/courses/cctp135-cla-programming-essentials-in-c,,,,,,[],[],['This is a course-level page.']
NAIT,CCTP136 - CPA: Programming Essentials in C++ - NAIT,CPA: Programming Essentials in C++,Course / part of C/C++ Programming Language group,Online,https://www.nait.ca/nait/continuing-education/courses/cctp136-cpa-programming-essentials-in-c,,,,,,[],[],['This is a course-level page.']
NAIT,CCTP21 - Programming Python Web Applications - NAIT,Programming Python Web Applications,Course / part of Core Programming or Python Developer,,https://www.nait.ca/nait/continuing-education/courses/cctp21-programming-python-web-applications,,,,,,[],[],['This is a course-level page.']
NAIT,CDEM306 - Business Continuity Management Program (BCMP) Sustainment - NAIT,Business Continuity Management Program (BCMP) Sustainment,Course / part of Business Continuity Certificate or Business Risk Management,Online,https://www.nait.ca/nait/continuing-education/courses/cdem306-business-continuity-management-program-(bc,,,,,,[],[],['This is a course-level page.']
NAIT,CDEM605 - Implementing a Crisis Management Program - NAIT,Implementing a Crisis Management Program,Course / part of Advanced Healthcare Leadership or Crisis Management Essentials Certificate,Online,https://www.nait.ca/nait/continuing-education/courses/cdem605-implementing-a-crisis-management-program,,,,,,[],[],['This is a course-level page.']
NAIT,CPAY500 - Payroll Professional Program - NAIT,Payroll Professional Program,Course / part of National Payroll Institute Designation Programs,,https://www.nait.ca/nait/continuing-education/courses/cpay500-payroll-professional-program,,,,,,[],[],['This is a course-level page.']
NAIT,IACC106 - Introduction to CNC Programming - NAIT,Introduction to CNC Programming,"Course / part of Industrial Automation and Controls or Robotics, Automation and Control Certificate",Main Campus,https://www.nait.ca/nait/continuing-education/courses/iacc106-introduction-to-cnc-programming,,,,,,[],[],['This is a course-level page.']
NAIT,INSP101 - Home Inspection Training Program: Communication and Professional Practice - NAIT,Home Inspection Training Program: Communication and Professional Practice,Course / part of Home Inspection Certificate,Online,https://www.nait.ca/nait/continuing-education/courses/insp101-home-inspection-training-program-communica,,,,,,[],[],['This is a course-level page.']
NAIT,INSP102 - Home Inspection Training Program: Structure - NAIT,Home Inspection Training Program: Structure,Course / part of Home Inspection Certificate,Online,https://www.nait.ca/nait/continuing-education/courses/insp102-home-inspection-training-program-structure,,,,,,[],[],['This is a course-level page.']
NAIT,INSP103 - Home Inspection Training Program: Insulation and Interior - NAIT,Home Inspection Training Program: Insulation and Interior,Course / part of Home Inspection Certificate,Online,https://www.nait.ca/nait/continuing-education/courses/insp103-home-inspection-training-program-insulatio,,,,,,[],[],['This is a course-level page.']
NAIT,INSP104 - Home Inspection Training Program: Exterior - NAIT,Home Inspection Training Program: Exterior,Course / part of Home Inspection Certificate,Online,https://www.nait.ca/nait/continuing-education/courses/insp104-home-inspection-training-program-exterior,,,,,,[],[],['This is a course-level page.']
NAIT,INSP105 - Home Inspection Training Program: Roofing - NAIT,Home Inspection Training Program: Roofing,Course / part of Home Inspection Certificate,Online,https://www.nait.ca/nait/continuing-education/courses/insp105-home-inspection-training-program-roofing,,,,,,[],[],['This is a course-level page.']
NAIT,INSP201 - Home Inspection Training Program: Electrical - NAIT,Home Inspection Training Program: Electrical,Course / part of Home Inspection Certificate,Online,https://www.nait.ca/nait/continuing-education/courses/insp201-home-inspection-training-program-electrica,,,,,,[],[],['This is a course-level page.']
NAIT,INSP202 - Home Inspection Training Program: Heating I - NAIT,Home Inspection Training Program: Heating I,Course / part of Home Inspection Certificate,Online,https://www.nait.ca/nait/continuing-education/courses/insp202-home-inspection-training-program-heating-i,,,,,,[],[],['This is a course-level page.']
NAIT,INSP203 - Home Inspection Training Program: Heating II - NAIT,Home Inspection Training Program: Heating II,Course / part of Home Inspection Certificate,Online,https://www.nait.ca/nait/continuing-education/courses/insp203-home-inspection-training-program-heating-i,,,,,,[],[],['This is a course-level page.']
NAIT,INSP204 - Home Inspection Training Program: Air Conditioning and Heat Pumps - NAIT,Home Inspection Training Program: Air Conditioning and Heat Pumps,Course / part of Home Inspection Certificate,Online,https://www.nait.ca/nait/continuing-education/courses/insp204-home-inspection-training-program-air-condi,,,,,,[],[],['This is a course-level page.']
NAIT,INSP205 - Home Inspection Training Program: Plumbing - NAIT,Home Inspection Training Program: Plumbing,Course / part of Home Inspection Certificate,Online,https://www.nait.ca/nait/continuing-education/courses/insp205-home-inspection-training-program-plumbing,,,,,,[],[],['This is a course-level page.']
NAIT,MACH204 - Basic Machine Centre Programming - NAIT,Basic Machine Centre Programming - Milling,Course / part of Computer Numerical Control (CNC) Certificate,Main Campus,https://www.nait.ca/nait/continuing-education/courses/mach204-basic-machine-centre-programming,,,,,,[],[],['This is a course-level page.']
NAIT,MACH205 - Intermediate Machine Centre Programming - NAIT,Intermediate Machine Centre Programming - Milling,Course / part of Computer Numerical Control (CNC) Certificate,Main Campus,https://www.nait.ca/nait/continuing-education/courses/mach205-intermediate-machine-centre-programming,,,,,,[],[],['This is a course-level page.']
NAIT,MACH206 - Advanced Machining Centre Programming - NAIT,Advanced Machining Centre Programming - Milling,Course / part of Computer Numerical Control (CNC) Certificate,Main Campus,https://www.nait.ca/nait/continuing-education/courses/mach206-advanced-machining-centre-programming,,,,,,[],[],['This is a course-level page.']
NAIT,MACH304 - Basic Turning Centre Programming - NAIT,Basic Turning Centre Programming - Lathe,Course / part of Computer Numerical Control (CNC) Certificate,,https://www.nait.ca/nait/continuing-education/courses/mach304-basic-turning-centre-programming,,,,,,[],[],['This is a course-level page.']
NAIT,MACH305 - Intermediate Turning Centre Programming - NAIT,Intermediate Turning Centre Programming - Lathe,Course / part of Computer Numerical Control (CNC) Certificate,,https://www.nait.ca/nait/continuing-education/courses/mach305-intermediate-turning-centre-programming,,,,,,[],[],['This is a course-level page.']
NAIT,MACH306 - Advanced Turning Centre Programming - NAIT,Advanced Turning Centre Programming - Lathe,Course / part of Computer Numerical Control (CNC) Certificate,,https://www.nait.ca/nait/continuing-education/courses/mach306-advanced-turning-centre-programming,,,,,,[],[],['This is a course-level page.']
NAIT,SMEC140 - Siemens Digital Fundamentals and Programmable Logic Controllers - NAIT,Siemens Digital Fundamentals and Programmable Logic Controllers,Course,,https://www.nait.ca/nait/continuing-education/courses/smec140-siemens-digital-fundamentals-and-programma,,,,,,[],[],['This is a course-level page.']
NAIT,EMR - Program Completion - NAIT,Emergency Medical Responder (EMR),,,https://www.nait.ca/nait/continuing-education/forms/emr-program-completion,,,,,,[],[],['This is an application form for program completion.']
NAIT,Quality Management Referral Form - NAIT,Quality Management Referral Form,,,https://www.nait.ca/nait/continuing-education/forms/quality-management-program-registration,,,,,,[],[],['not a program page']
NAIT,Continuing Education Programs & Courses,Continuing Education Programs & Courses,,,https://www.nait.ca/nait/continuing-education/programs-and-courses/business-leadership,,,,,,[],[],['not a program page']
NAIT,Continuing Education Programs & Courses,Continuing Education Programs & Courses,,,https://www.nait.ca/nait/continuing-education/programs-and-courses/construction-trades-and-manufacturing,,,,,,[],[],['not a program page']
NAIT,Continuing Education Programs & Courses,Continuing Education Programs & Courses,,,https://www.nait.ca/nait/continuing-education/programs-and-courses/energy-and-environment,,,,,,[],[],['not a program page']
NAIT,Continuing Education Programs & Courses,Continuing Education Programs & Courses,,,https://www.nait.ca/nait/continuing-education/programs-and-courses/health,,,,,,[],[],['not a program page']
NAIT,Continuing Education Programs & Courses,Continuing Education Programs & Courses,,,https://www.nait.ca/nait/continuing-education/programs-and-courses/how-to-register-for-non-credit-programs-and-course,,,,,,[],[],['not a program page']
NAIT,Corporate Training Inquiry - NAIT,Corporate Training Inquiry,,,https://www.nait.ca/nait/continuing-education/programs-and-courses/how-to-register-for-non-credit-programs-and-course/group-registration-and-corporate-training,,,,,,[],[],['not a program page']
NAIT,Online Professional Development,Online Professional Development,,,https://www.nait.ca/nait/continuing-education/programs-and-courses/online-professional-development,,,,,,[],[],['not a program page']
NAIT,Continuing Education Programs & Courses,Continuing Education Programs & Courses,,,https://www.nait.ca/nait/continuing-education/programs-and-courses/productivity-and-project-management,,,,,,[],[],['not a program page']
NAIT,Advanced Healthcare Leadership - NAIT,Advanced Healthcare Leadership,,,https://www.nait.ca/nait/continuing-education/programs/advanced-healthcare-leadership,,,,,,[],[],['No specific admission requirements listed in the provided text.']
NAIT,Agentic AI Foundation - NAIT,Agentic AI Foundation,Certificate,,https://www.nait.ca/nait/continuing-education/programs/agentic-ai-foundation,,,,,,[],[],['Specific admission requirements are not listed in the provided text.']
NAIT,AI and Data Governance Certificate - NAIT,AI and Data Governance for Innovation and Impact,Certificate,Online,https://www.nait.ca/nait/continuing-education/programs/ai-and-data-governance-certificate,,,,,,[],[],['No specific admission requirements listed in the provided text.']
NAIT,AI-Driven Project Management - NAIT,AI-Driven Project Management,,Online,https://www.nait.ca/nait/continuing-education/programs/ai-driven-project-management,,,,,,[],[],['Specific admission requirements are not listed in the provided text.']
NAIT,Apple iOS iPhone/iPad Mobile Developer Certificate - NAIT,Apple iOS iPhone/iPad Mobile Developer,Certificate of Achievement,Main Campus,https://www.nait.ca/nait/continuing-education/programs/apple-ios-iphone-ipad-mobile-developer-certificate,,,,,,[],[],['Specific admission requirements are not listed in the provided text.']
NAIT,Blockchain Smart Contract - NAIT,Blockchain Smart Contract,,,https://www.nait.ca/nait/continuing-education/programs/blockchain-smart-contract,,,,,,[],[],['No specific admission requirements listed in the provided text.']
NAIT,Breast Sonography - NAIT,Breast Sonography,Certificate,Online,https://www.nait.ca/nait/continuing-education/programs/breast-sonography,,,,,,[],[],['Specific admission requirements like high school grades are not listed in the text.']
NAIT,Business Risk Management - NAIT,Business Risk Management,,,https://www.nait.ca/nait/continuing-education/programs/business-risk-management,,,,,,[],[],['No specific admission requirements listed in the provided text.']
NAIT,Canadian Registered Safety Technician (CRST) - NAIT,Canadian Registered Safety Technician (CRST),,Online,https://www.nait.ca/nait/continuing-education/programs/canadian-registered-safety-technician,,,,,,[],[],['Specific academic prerequisites are not listed in the text.']
NAIT,Certified Risk Management Professional - NAIT,Certified Risk Management Professional (CRMP),,,https://www.nait.ca/nait/continuing-education/programs/certified-risk-management-professional,,,,,,[],[],"[""The provided text refers to 'eligibility requirements' but does not list them.""]"
NAIT,Clean Energy - NAIT,Clean Energy,,,https://www.nait.ca/nait/continuing-education/programs/clean-energy,,,,,,[],[],['No specific admission requirements listed in the provided text.']
NAIT,AWS Academy Cloud Foundations - NAIT,AWS Academy Cloud,,Online,https://www.nait.ca/nait/continuing-education/programs/computer-training-centre/aws-academy-cloud-foundations,,,,,,[],[],['No specific admission requirements listed in the provided text.']
NAIT,Power Platform for SharePoint Online Owners - NAIT,Power Platform for SharePoint Online Owners,Certificate,Online,https://www.nait.ca/nait/continuing-education/programs/computer-training-centre/power-platform-for-sharepoint-online-owners,,,,,,[],[],['Specific academic credentials are not listed in the text.']
NAIT,QuickBooks Online Accounting - NAIT,QuickBooks Online Accounting,Certificate,Online,https://www.nait.ca/nait/continuing-education/programs/computer-training-centre/quickbooks-online-accounting,,,,,,[],[],['No specific admission requirements like high school grades are listed in the text.']
NAIT,Software Testing Associate Certificate - NAIT,Software Testing Associate,Certificate,Online,https://www.nait.ca/nait/continuing-education/programs/computer-training-centre/software-testing-associate-certificate,,,,,,[],[],['No specific admission requirements listed in the provided text.']
NAIT,Digital Marketing Associate Tracks - NAIT,Digital Marketing Associate Tracks,,Online,https://www.nait.ca/nait/continuing-education/programs/digital-marketing-associate-tracks,,,,,,[],[],['Specific admission requirements are not listed in the provided text.']
NAIT,Digital Marketing Professional Certification - NAIT,Digital Marketing Professional Certification,,Online,https://www.nait.ca/nait/continuing-education/programs/digital-marketing-professional-certification,,,,,,[],[],['Specific admission requirements are not listed in the provided text.']
NAIT,Digital Marketing Specialist - NAIT,Digital Marketing Specialist,,Online,https://www.nait.ca/nait/continuing-education/programs/digital-marketing-specialist,,,,,,[],[],['Specific admission requirements are not listed in the provided text.']
NAIT,Drone Training Certificate - NAIT,Drone Training,Certificate of Completion,Main Campus / Online,https://www.nait.ca/nait/continuing-education/programs/drone-training-certificate,,,,,,[],[],['No specific admission requirements listed in the provided text.']
NAIT,Energy Process Operator - NAIT,Energy Process Operator,Certificate,Online,https://www.nait.ca/nait/continuing-education/programs/energy-process-operator,,,,,,[],[],['No specific admission requirements listed in the provided text.']
NAIT,Entrepreneurship - NAIT,Entrepreneurship and Business Management,,Online,https://www.nait.ca/nait/continuing-education/programs/entrepreneurship,,,,,,[],[],['No specific admission requirements listed in the provided text.']
NAIT,"Equity, Diversity, and Inclusion - NAIT","Equity, Diversity, and Inclusion",Certificate,Online,https://www.nait.ca/nait/continuing-education/programs/equity-diversity-and-inclusion,,,,,,[],[],['No specific admission requirements listed in the provided text.']
NAIT,Full Stack Development - NAIT,Full Stack Development Bootcamp,,Online,https://www.nait.ca/nait/continuing-education/programs/full-stack-development,,,,,,[],[],['No specific admission requirements listed in the provided text.']
NAIT,Generative AI: From Concepts to Real-World Solution - NAIT,Generative AI: From Concepts to Real-World Solution,,Online,https://www.nait.ca/nait/continuing-education/programs/generative-ai-from-concepts-to-real-world-solutio,,,,,,[],[],['Specific academic prerequisites are not listed in the text.']
NAIT,Interior Design Business Tools - NAIT,Interior Design Business Tools,,,https://www.nait.ca/nait/continuing-education/programs/interior-design-entrepreneurship,,,,,,[],[],['No specific admission requirements listed in the provided text.']
NAIT,International Society of Automation Courses - NAIT,International Society of Automation Courses,,Main Campus,https://www.nait.ca/nait/continuing-education/programs/international-society-of-automation,,,,,,[],[],['No specific admission requirements listed in the provided text.']
NAIT,Introduction to Reforestation - NAIT,Introduction to Reforestation,Certificate,Online,https://www.nait.ca/nait/continuing-education/programs/introduction-to-reforestation,,,,,,[],[],['No specific admission requirements listed in the provided text.']
NAIT,Logo Design - NAIT,Logo Design and Visual Identity,Certificate,Online,https://www.nait.ca/nait/continuing-education/programs/logo-design,,,,,,[],[],['No specific admission requirements listed in the provided text.']
NAIT,Machine Learning and Artificial Intelligence - NAIT,Machine Learning and Artificial Intelligence Bootcamp,,Online,https://www.nait.ca/nait/continuing-education/programs/machine-learning-and-artificial-intelligence,,,,,,[],[],['No specific admission requirements listed in the provided text.']
NAIT,Mastering Power BI - NAIT,Mastering Power BI,Certificate,Online,https://www.nait.ca/nait/continuing-education/programs/mastering-power-bi,,,,,,[],[],['Specific academic prerequisites are not listed in the text.']
NAIT,Mental Health and Well-Being - NAIT,Mental Health and Well-Being,,Online,https://www.nait.ca/nait/continuing-education/programs/mental-health-and-well-being,,,,,,[],[],['No specific admission requirements listed in the provided text.']
NAIT,Microsoft Full-Stack Web Developer Certificate - NAIT,Microsoft Full-Stack Web Developer,Certificate,Online,https://www.nait.ca/nait/continuing-education/programs/microsoft-full-stack-web-developer-certificate,,,,,,[],[],['No specific admission requirements listed in the provided text.']
NAIT,Microsoft Power Platform Certification - NAIT,Microsoft Power Platform,Certificate,Online,https://www.nait.ca/nait/continuing-education/programs/microsoft-power-platform-certification,,,,,,[],[],['No specific admission requirements listed in the provided text.']
NAIT,Network Security Certificate - NAIT,Network Security,Certificate,Online,https://www.nait.ca/nait/continuing-education/programs/network-security-certificate,,,,,,[],[],['No specific admission requirements listed in the provided text.']
NAIT,Point-of-Care Ultrasound (POCUS) - NAIT,Point-of-Care Ultrasound (POCUS),,Face-to-Face / Online,https://www.nait.ca/nait/continuing-education/programs/point-of-care-ultrasound-(pocus),,,,,,[],[],['Specific courses or grades are not listed.']
NAIT,Pre-Apprenticeship Courses - NAIT,Pre-Apprenticeship Courses,,Face-to-Face,https://www.nait.ca/nait/continuing-education/programs/pre-apprenticeship-courses,,,,,,[],[],['Specific high school course requirements are not detailed in the text.']
NAIT,Python Developer - NAIT,Python Developer,Certificate,Online,https://www.nait.ca/nait/continuing-education/programs/python-developer,,,,,,[],[],['No specific admission requirements listed in the provided text.']
NAIT,Quantum for Engineers - NAIT,Quantum for Engineers,Certificate,Online,https://www.nait.ca/nait/continuing-education/programs/quantum-for-engineers,,,,,,[],[],['No specific admission requirements listed in the provided text.']
NAIT,Quantum for Executives - NAIT,Quantum for Executives,Certificate,Online,https://www.nait.ca/nait/continuing-education/programs/quantum-for-executives,,,,,,[],[],['No specific admission requirements listed in the provided text.']
NAIT,Real Estate Licensing Alberta (RELA) - NAIT,Real Estate Licensing Alberta,,Online,https://www.nait.ca/nait/continuing-education/programs/real-estate-licensing-alberta-(rela),,,,,,[],[],['Specific academic grades are not listed in the text.']
NAIT,Professional Development for Real Estate Professionals - NAIT,Professional Development for Real Estate Professionals,,Online,https://www.nait.ca/nait/continuing-education/programs/real-estate-professional-development,,,,,,[],[],['No specific admission requirements listed in the provided text.']
NAIT,Risk Management for Cybersecurity - NAIT,Risk Management for Cybersecurity,,Online,https://www.nait.ca/nait/continuing-education/programs/risk-management-for-cybersecurity,,,,,,[],[],['No specific admission requirements listed in the provided text.']
NAIT,Risk Management in Project & Quality Management - NAIT,Risk Management in Project & Quality Management,,Online,https://www.nait.ca/nait/continuing-education/programs/risk-management-in-project-quality-management,,,,,,[],[],['No specific admission requirements listed in the provided text.']
NAIT,Supply Chain Management - NAIT,Supply Chain Management,,,https://www.nait.ca/nait/continuing-education/programs/supply-chain-management,,,,,,[],[],['No specific admission requirements listed in the provided text.']
NAIT,Technical Drawing and Interpretation Courses - NAIT,Technical Drawing and Interpretation,,Online,https://www.nait.ca/nait/continuing-education/programs/technical-drawing-and-interpretation-courses,,,,,,[],[],['No specific admission requirements listed in the provided text.']
NAIT,Unlocking the Power of AI: Practical Insights - NAIT,Unlocking the Power of AI: Practical Insights,Certificate of Completion,,https://www.nait.ca/nait/continuing-education/programs/unlocking-the-power-of-ai-practical-insights,,,,,,[],[],['No specific admission requirements listed in the provided text.']
NAIT,Nokia Bell Labs 5G Certification - NAIT,Nokia Bell Labs 5G Certification,,,https://www.nait.ca/nait/corporate-continuing-education/programs/nokia-bell-labs-5g-certification,,,,,,[],[],['No specific admission requirements listed in the provided text.']
NAIT,Summer Programs - NAIT,Summer Programs,,,https://www.nait.ca/nait/international/global-learning/study-abroad-opportunities/summer-programs,,,,,,[],[],['not a program page']
NAIT,Alberta Advantage Immigration Program - NAIT,Alberta Advantage Immigration Program,,,https://www.nait.ca/nait/international/immigration-visa-requirements/alberta-advantage-immigration-program,,,,,,[],[],['not a program page']
NAIT,International Student Program Changes - NAIT,International Student Program Changes,,,https://www.nait.ca/nait/international/immigration-visa-requirements/international-student-program-changes,,,,,,[],[],['not a program page']
NAIT,English Summer Language Program - NAIT,English Summer Language Program,Certificate of Completion,Edmonton,https://www.nait.ca/nait/marketing/english-summer-language-program,,,,,,[],[],['Academic grades are not required for this program.'] | not a program page
NAIT,Schools & Programs - NAIT,Schools & Programs,,,https://www.nait.ca/nait/schools-programs,,,,,,[],[],['not a program page']
NAIT,Apprentice Sponsorship - NAIT,Apprentice Sponsorship,,,https://www.nait.ca/nait/schools-programs/forms/apprentice-sponsorship,,,,,,[],[],['not a program page']
NAIT,Be Future Ready Form - NAIT,Be Future Ready Form,,,https://www.nait.ca/nait/schools-programs/forms/be-future-ready-form,,,,,,[],[],['not a program page']
NAIT,Homeschool Students Form - NAIT,Homeschool Students Form,,,https://www.nait.ca/nait/schools-programs/forms/homeschool-students-form,,,,,,[],[],['not a program page']
NAIT,Mature Student Form - NAIT,Mature Student Form,,,https://www.nait.ca/nait/schools-programs/forms/mature-student-form,,,,,,[],[],['not a program page']
NAIT,NAIT Apprenticeship Form - NAIT,NAIT Apprenticeship Form,,,https://www.nait.ca/nait/schools-programs/forms/nait-apprenticeship-form,,,,,,[],[],['not a program page']
NAIT,"JR Shaw School of Business Info Session - June 27, 2023 - NAIT","JR Shaw School of Business Info Session - June 27, 2023",,,https://www.nait.ca/nait/schools-programs/forms/nait-campus-tours-registration-june-23-2023-(1),,,,,,[],[],['not a program page']
NAIT,NAIT Code Word Form - NAIT,NAIT Code Word Form,,,https://www.nait.ca/nait/schools-programs/forms/nait-code-word-form,,,,,,[],[],['not a program page']
NAIT,NAIT International Sign Up - NAIT,NAIT International Sign Up,,,https://www.nait.ca/nait/schools-programs/forms/nait-international-sign-up,,,,,,[],[],['not a program page']
NAIT,NAIT Jill of all Trades Registration - NAIT,NAIT Jill of all Trades Registration,,,https://www.nait.ca/nait/schools-programs/forms/nait-jill-of-all-trades-registration,,,,,,[],[],['not a program page']
NAIT,NAIT Next In Trades Registration - NAIT,NAIT Next In Trades Registration,,,https://www.nait.ca/nait/schools-programs/forms/nait-next-in-trades-registration,,,,,,[],[],['not a program page']
NAIT,NAIT Open House Contest - NAIT,NAIT Open House Contest,,,https://www.nait.ca/nait/schools-programs/forms/nait-open-house-contest,,,,,,[],[],['not a program page']
NAIT,Newcomers & International Student Form - NAIT,Newcomers & International Student Form,,,https://www.nait.ca/nait/schools-programs/forms/newcomers-international-student-form,,,,,,[],[],['not a program page']
NAIT,Program Preview Registration - School of Health & Life Sciences - NAIT,Program Preview Registration - School of Health & Life Sciences,,,https://www.nait.ca/nait/schools-programs/forms/program-preview-registration-school-of-health-life,,,,,,[],[],['not a program page']
NAIT,Program Preview Registration - School of Skilled Trades - NAIT,Program Preview Registration - School of Skilled Trades,,,https://www.nait.ca/nait/schools-programs/forms/program-preview-registration-sst,,,,,,[],[],['not a program page']
NAIT,Skills Alberta Contact Form - NAIT,Skills Alberta Contact Form,,,https://www.nait.ca/nait/schools-programs/forms/skills-alberta-contact-form,,,,,,[],[],['not a program page']
NAIT,JR Shaw School of Business - NAIT,JR Shaw School of Business,,,https://www.nait.ca/nait/schools-programs/jr-shaw-school-of-business,,,,,,[],[],['not a program page']
NAIT,JR Shaw - NAIT,JR Shaw,,,https://www.nait.ca/nait/schools-programs/jr-shaw-school-of-business-old/jrssb-news-and-events/jr-shaw,,,,,,[],[],['not a program page']
NAIT,Student Case Competition Highlights 2017/18 - NAIT,Student Case Competition Highlights 2017/18,,,https://www.nait.ca/nait/schools-programs/jr-shaw-school-of-business-old/jrssb-news-and-events/jrssb-student-case-competition-highlights-2017-18,,,,,,[],[],['not a program page']
NAIT,NAIT Work-Integrated Learning Project Chosen as One of 13 BHER-CEWIL Grant Initiative Recipients - NAIT,NAIT Work-Integrated Learning Project Chosen as One of 13 BHER-CEWIL Grant Initiative Recipients,,,https://www.nait.ca/nait/schools-programs/jr-shaw-school-of-business-old/jrssb-news-and-events/nait-work-integrated-learning-project-chosen-as-on,,,,,,[],[],['not a program page']
NAIT,Student Promotional Awards 2018 - NAIT,Student Promotional Awards 2018,,,https://www.nait.ca/nait/schools-programs/jr-shaw-school-of-business-old/jrssb-news-and-events/student-promotional-awards-2018,,,,,,[],[],['not a program page']
NAIT,Student Promotional Awards 2019 - NAIT,Student Promotional Awards 2019,,,https://www.nait.ca/nait/schools-programs/jr-shaw-school-of-business-old/jrssb-news-and-events/student-promotional-awards-2019,,,,,,[],[],['not a program page']
NAIT,Students receive industry recognition and job placement for project - NAIT,Students receive industry recognition and job placement for project,,,https://www.nait.ca/nait/schools-programs/jr-shaw-school-of-business-old/jrssb-news-and-events/students-receive-industry-recognition-and-job-plac,,,,,,[],[],['not a program page']
NAIT,Culinary Arts and Professional Food Studies - NAIT,Culinary Arts and Professional Food Studies,,,https://www.nait.ca/nait/schools-programs/jr-shaw-school-of-business/department-of-culinary-arts-and-professional-food,,,,,,[],[],['not a program page']
NAIT,Artisanal Food Market - NAIT,Artisanal Food Market,,,https://www.nait.ca/nait/schools-programs/jr-shaw-school-of-business/department-of-culinary-arts-and-professional-food/artisanal-food-market,,,,,,[],[],['not a program page']
NAIT,Chef in Residence - NAIT,Chef in Residence,,,https://www.nait.ca/nait/schools-programs/jr-shaw-school-of-business/department-of-culinary-arts-and-professional-food/chef-in-residence,,,,,,[],[],['not a program page']
NAIT,Guest Chef in Residence 2024 - NAIT,Guest Chef in Residence 2024,,,https://www.nait.ca/nait/schools-programs/jr-shaw-school-of-business/department-of-culinary-arts-and-professional-food/chef-in-residence/guest-chefs-in-residence-2024,,,,,,[],[],['not a program page']
NAIT,Club Culinaire - NAIT,Club Culinaire,,,https://www.nait.ca/nait/schools-programs/jr-shaw-school-of-business/department-of-culinary-arts-and-professional-food/club-culinaire,,,,,,[],[],['not a program page']
NAIT,Culinary Programs - NAIT,Culinary Programs,,,https://www.nait.ca/nait/schools-programs/jr-shaw-school-of-business/department-of-culinary-arts-and-professional-food/culinary-programs,,,,,,[],[],['not a program page']
NAIT,NAIT Bakes - NAIT,NAIT Bakes,,,https://www.nait.ca/nait/schools-programs/jr-shaw-school-of-business/department-of-culinary-arts-and-professional-food/nait-bakes,,,,,,[],[],['not a program page']
NAIT,NAIT International Culinary Exchange - NAIT,NAIT International Culinary Exchange,,,https://www.nait.ca/nait/schools-programs/jr-shaw-school-of-business/department-of-culinary-arts-and-professional-food/nait-international-culinary-exchange,,,,,,[],[],['not a program page']
NAIT,NAIT Olympic Culinary Team - NAIT,NAIT Olympic Culinary Team,,,https://www.nait.ca/nait/schools-programs/jr-shaw-school-of-business/department-of-culinary-arts-and-professional-food/nait-olympic-culinary-team,,,,,,[],[],['not a program page']
NAIT,Accomplishments - NAIT,Accomplishments,,,https://www.nait.ca/nait/schools-programs/jr-shaw-school-of-business/department-of-culinary-arts-and-professional-food/nait-olympic-culinary-team/accomplishments,,,,,,[],[],['not a program page']
NAIT,Bachelor of Business Administration Co-op Education - NAIT,Bachelor of Business Administration (BBA) Co-operative Education,,,https://www.nait.ca/nait/schools-programs/jr-shaw-school-of-business/experiential-learning/bachelor-of-business-administration-co-op-educatio,,,,,,[],[],['Specific high school grades are not listed in the text as it is a co-op option for current students.']
NAIT,ICON Student Managed Investment Fund - NAIT,ICON Student Managed Investment Fund,,,https://www.nait.ca/nait/schools-programs/jr-shaw-school-of-business/experiential-learning/icon-student-managed-investment-fund,,,,,,[],[],"['This is a student club/fund, not a standard degree program entry.']"
NAIT,Join the ICON team - NAIT,Join the ICON team,,,https://www.nait.ca/nait/schools-programs/jr-shaw-school-of-business/experiential-learning/icon-student-managed-investment-fund/icon-club-contact-form,,,,,,[],[],['not a program page']
NAIT,NAIT’s JR Shaw School of Business launches Accountant-in-Residence program - NAIT,NAIT’s JR Shaw School of Business launches Accountant-in-Residence program,,,https://www.nait.ca/nait/schools-programs/jr-shaw-school-of-business/experiential-learning/promos/nait-s-jr-shaw-school-of-business-launches-account,,,,,,[],[],['not a program page']
NAIT,Mawji Centre for New Venture and Student Entrepreneurship - NAIT,Mawji Centre for New Venture and Student Entrepreneurship,,,https://www.nait.ca/nait/schools-programs/jr-shaw-school-of-business/mawji-centre,,,,,,[],[],['not a program page']
NAIT,About - NAIT,About,,,https://www.nait.ca/nait/schools-programs/jr-shaw-school-of-business/mawji-centre/about,,,,,,[],[],['not a program page']
NAIT,Business Innovation Showcase - NAIT,Business Innovation Showcase,,,https://www.nait.ca/nait/schools-programs/jr-shaw-school-of-business/mawji-centre/events-programs/business-innovation-showcase,,,,,,[],[],['not a program page']
NAIT,Entrepreneurship Blue Book Program - NAIT,Entrepreneurship Blue Book Program,,Online,https://www.nait.ca/nait/schools-programs/jr-shaw-school-of-business/mawji-centre/events-programs/entrepreneurial-blue-book-program,,,,,,[],[],"['This is an extracurricular/mentorship program, not a standard degree admission.']"
NAIT,Innovation Challenge - NAIT,Innovation Challenge,,,https://www.nait.ca/nait/schools-programs/jr-shaw-school-of-business/mawji-centre/events-programs/innovation-challenge,,,,,,[],[],['not a program page']
NAIT,Pitch it to Me - NAIT,Pitch it to Me,,,https://www.nait.ca/nait/schools-programs/jr-shaw-school-of-business/mawji-centre/events-programs/pitch-it-to-me,,,,,,[],[],['not a program page']
NAIT,Mentorship - NAIT,Mentorship,,,https://www.nait.ca/nait/schools-programs/jr-shaw-school-of-business/mawji-centre/mentorship,,,,,,[],[],['not a program page']
NAIT,Student Success - NAIT,Student Success,,,https://www.nait.ca/nait/schools-programs/jr-shaw-school-of-business/mawji-centre/student-success,,,,,,[],[],['not a program page']
NAIT,Open House | NAIT,Open House,,,https://www.nait.ca/nait/schools-programs/jr-shaw-school-of-business/news-stories-events/open-house,,,,,,[],[],['not a program page']
NAIT,Office of Apprenticeship - NAIT,Office of Apprenticeship,,,https://www.nait.ca/nait/schools-programs/office-of-apprenticeship,,,,,,[],[],['not a program page']
NAIT,Apprenticeship Pathways - NAIT,Apprenticeship Pathways,,,https://www.nait.ca/nait/schools-programs/office-of-apprenticeship/apprenticeship-pathways,,,,,,[],[],['not a program page']
NAIT,Search for Programs | NAIT,Search for Programs,,,https://www.nait.ca/nait/schools-programs/office-of-apprenticeship/apprenticeship-programs,,,,,,[],[],['not a program page']
NAIT,Industry Engagement - NAIT,Industry Engagement,,,https://www.nait.ca/nait/schools-programs/office-of-apprenticeship/industry-engagement,,,,,,[],[],['not a program page']
NAIT,Sponsoring & Hiring Apprentices - NAIT,Sponsoring & Hiring Apprentices,,,https://www.nait.ca/nait/schools-programs/office-of-apprenticeship/industry-engagement/sponsoring-hiring-apprentices,,,,,,[],[],['not a program page']
NAIT,Jill of All Trades - NAIT,Jill of All Trades,,,https://www.nait.ca/nait/schools-programs/office-of-apprenticeship/jill-of-all-trades,,,,,,[],[],['not a program page']
NAIT,Next in Trades - NAIT,Next in Trades,,,https://www.nait.ca/nait/schools-programs/office-of-apprenticeship/next-in-trades,,,,,,[],[],['not a program page']
NAIT,Women Leading and Building Canada’s Future - NAIT,Women Leading and Building Canada’s Future,,,https://www.nait.ca/nait/schools-programs/office-of-apprenticeship/women-leading-and-building-canada-s-future,,,,,,[],[],['not a program page']
NAIT,Materials Testing Labs - NAIT,Materials Testing Labs,,,https://www.nait.ca/nait/schools-programs/school-of-applied-sciences-and-technology/beyond-the-classroom/locations/materials-testing-labs,,,,,,[],[],['not a program page']
NAIT,"Solar panels shine despite winter's blast, NAIT study finds - NAIT","Solar panels shine despite winter's blast, NAIT study finds",,,https://www.nait.ca/nait/schools-programs/school-of-applied-sciences-and-technology/beyond-the-classroom/news/solar-panels-shine-despite-winters-blast-nait-st,,,,,,[],[],['not a program page'] | not a program page
NAIT,Alumni profile: Jesse Tutt - NAIT,Alumni profile: Jesse Tutt,,,https://www.nait.ca/nait/schools-programs/school-of-applied-sciences-and-technology/beyond-the-classroom/students/alumni-profile-jesse-tutt,,,,,,[],[],['not a program page']
NAIT,Alumni profile: Clifton Lofthaug - NAIT,Alumni profile: Clifton Lofthaug,,,https://www.nait.ca/nait/schools-programs/school-of-applied-sciences-and-technology/beyond-the-classroom/students/alumnus-profile-clifton-lofthaug,,,,,,[],[],['not a program page']
NAIT,Alumni profile: Nicole Dunlop - NAIT,Alumni profile: Nicole Dunlop,,,https://www.nait.ca/nait/schools-programs/school-of-applied-sciences-and-technology/beyond-the-classroom/students/alumnus-profile-nicole-dunlop,,,,,,[],[],['not a program page']
NAIT,Engineering Students to Craft Rope Suspension Bridges across Whitemud Creek - NAIT,Engineering Students to Craft Rope Suspension Bridges across Whitemud Creek,,,https://www.nait.ca/nait/schools-programs/school-of-applied-sciences-and-technology/beyond-the-classroom/students/engineering-students-to-craft-rope-suspension-brid,,,,,,[],[],['not a program page']
NAIT,Animation - NAIT,Animation (Area of Emphasis),,,https://www.nait.ca/nait/schools-programs/school-of-applied-sciences-and-technology/walkthroughs/dmit-areas-of-emphasis/animation,,,,,,[],[],"[""This is an 'area of emphasis' description for the Digital Media and IT program. No specific admission requirements listed.""]"
NAIT,Computer Software Development - NAIT,Computer Software Development (Area of Emphasis),,,https://www.nait.ca/nait/schools-programs/school-of-applied-sciences-and-technology/walkthroughs/dmit-areas-of-emphasis/computer-software-development,,,,,,[],[],"[""This is an 'area of emphasis' description for the Digital Media and IT program. No specific admission requirements listed.""]"
NAIT,Digital Cinema - NAIT,Digital Cinema (Area of Emphasis),,,https://www.nait.ca/nait/schools-programs/school-of-applied-sciences-and-technology/walkthroughs/dmit-areas-of-emphasis/digital-cinema,,,,,,[],[],"[""This is an 'area of emphasis' description for the Digital Media and IT program. No specific admission requirements listed.""]"
NAIT,Game Design - NAIT,Game Design (Area of Emphasis),,,https://www.nait.ca/nait/schools-programs/school-of-applied-sciences-and-technology/walkthroughs/dmit-areas-of-emphasis/game-design,,,,,,[],[],"[""This is an 'area of emphasis' description for the Digital Media and IT program. No specific admission requirements listed.""]"
NAIT,Game Programming - NAIT,Game Programming (Area of Emphasis),,,https://www.nait.ca/nait/schools-programs/school-of-applied-sciences-and-technology/walkthroughs/dmit-areas-of-emphasis/game-programming,,,,,,[],[],"[""This is an 'area of emphasis' description for the Digital Media and IT program. No specific admission requirements listed.""]"
NAIT,IT Business Analysis - NAIT,IT Business Analysis (Area of Emphasis),,,https://www.nait.ca/nait/schools-programs/school-of-applied-sciences-and-technology/walkthroughs/dmit-areas-of-emphasis/it-business-analysis,,,,,,[],[],"[""This is an 'area of emphasis' description for the Digital Media and IT program. No specific admission requirements listed.""]"
NAIT,IT System Administration - NAIT,IT System Administration (Area of Emphasis),,,https://www.nait.ca/nait/schools-programs/school-of-applied-sciences-and-technology/walkthroughs/dmit-areas-of-emphasis/it-system-administration,,,,,,[],[],"[""This is an 'area of emphasis' description for the Digital Media and IT program. No specific admission requirements listed.""]"
NAIT,Visual Communications - NAIT,Visual Communications (Area of Emphasis),,,https://www.nait.ca/nait/schools-programs/school-of-applied-sciences-and-technology/walkthroughs/dmit-areas-of-emphasis/visual-communications,,,,,,[],[],"[""This is an 'area of emphasis' description for the Digital Media and IT program. No specific admission requirements listed.""]"
NAIT,Web Design and Development,Web Design and Development (Area of Emphasis),,,https://www.nait.ca/nait/schools-programs/school-of-applied-sciences-and-technology/walkthroughs/dmit-areas-of-emphasis/web-design-and-development,,,,,,[],[],"[""This is an 'area of emphasis' description for the Digital Media and IT program. No specific admission requirements listed.""]"
NAIT,Industry Engagement - NAIT,Industry Engagement,,,https://www.nait.ca/nait/schools-programs/school-of-construction-and-building-sciences/industry-engagement,,,,,,[],[],['not a program page']
NAIT,Next in Trades - NAIT,Next in Trades,,,https://www.nait.ca/nait/schools-programs/school-of-construction-and-building-sciences/news-stories-events/next-in-trades,,,,,,[],[],['not a program page']
NAIT,Programs - NAIT,Programs,,,https://www.nait.ca/nait/schools-programs/school-of-construction-and-building-sciences/programs,,,,,,[],[],['not a program page']
NAIT,Industry Engagement - NAIT,Industry Engagement,,,https://www.nait.ca/nait/schools-programs/school-of-energy-and-natural-resources/industry-engagement,,,,,,[],[],['not a program page']
NAIT,Open House | NAIT,Open House,,,https://www.nait.ca/nait/schools-programs/school-of-energy-and-natural-resources/news-stories-events/open-house,,,,,,[],[],['not a program page']
NAIT,Programs - NAIT,Programs,,,https://www.nait.ca/nait/schools-programs/school-of-energy-and-natural-resources/programs,,,,,,[],[],['not a program page']
NAIT,Dental and Denture Clinic - NAIT,Dental and Denture Clinic,,,https://www.nait.ca/nait/schools-programs/school-of-health-and-life-sciences/dental-and-denture-clinic,,,,,,[],[],['not a program page']
NAIT,Industry Engagement - NAIT,Industry Engagement,,,https://www.nait.ca/nait/schools-programs/school-of-health-and-life-sciences/industry-engagement,,,,,,[],[],['not a program page']
NAIT,Driving Net Zero - NAIT,Driving Net Zero,,,https://www.nait.ca/nait/schools-programs/school-of-health-and-life-sciences/industry-engagement/news-and-events/driving-net-zero,,,,,,[],[],['not a program page']
NAIT,Mawji Centre for New Venture and Student Entrepreneurship - NAIT,Mawji Centre for New Venture and Student Entrepreneurship,,,https://www.nait.ca/nait/schools-programs/school-of-health-and-life-sciences/industry-engagement/news-and-events/entrepreneurship,,,,,,[],[],['not a program page']
NAIT,NAIT Hiring Fair - NAIT,NAIT Hiring Fair,,,https://www.nait.ca/nait/schools-programs/school-of-health-and-life-sciences/industry-engagement/news-and-events/nait-hiring-career-fair,,,,,,[],[],['not a program page']
NAIT,Interprofessional Education - NAIT,Interprofessional Education,,,https://www.nait.ca/nait/schools-programs/school-of-health-and-life-sciences/interprofessional-education,,,,,,[],[],['not a program page']
NAIT,Patient partners - NAIT,Patient partners,,,https://www.nait.ca/nait/schools-programs/school-of-health-and-life-sciences/interprofessional-education/patient-partners,,,,,,[],[],['not a program page']
NAIT,Open House | NAIT,Open House,,,https://www.nait.ca/nait/schools-programs/school-of-health-and-life-sciences/news-stories-events/open-house-(1),,,,,,[],[],['not a program page']
NAIT,Open Studies Pathway - NAIT,Open Studies Pathway (School of Health and Life Sciences),,,https://www.nait.ca/nait/schools-programs/school-of-health-and-life-sciences/open-studies-pathway,,,,,,[],[],"[""This page describes a specific internal pathway, not a standalone program's general requirements.""]"
NAIT,Programs - NAIT,Programs,,,https://www.nait.ca/nait/schools-programs/school-of-health-and-life-sciences/programs,,,,,,[],[],['not a program page']
NAIT,Industry Engagement - NAIT,Industry Engagement,,,https://www.nait.ca/nait/schools-programs/school-of-manufacturing-automation/industry-engagement,,,,,,[],[],['not a program page']
NAIT,Next in Trades - NAIT,Next in Trades,,,https://www.nait.ca/nait/schools-programs/school-of-manufacturing-automation/news-stories-events/next-in-trades,,,,,,[],[],['not a program page']
NAIT,Programs - NAIT,Programs,,,https://www.nait.ca/nait/schools-programs/school-of-manufacturing-automation/programs,,,,,,[],[],['not a program page']
NAIT,Industry Engagement - NAIT,Industry Engagement,,,https://www.nait.ca/nait/schools-programs/school-of-media-and-information-technology/industry-engagement,,,,,,[],[],['not a program page']
NAIT,Open House | NAIT,Open House,,,https://www.nait.ca/nait/schools-programs/school-of-media-and-information-technology/news-stories-events/open-house,,,,,,[],[],['not a program page']
NAIT,Programs - NAIT,Programs,,,https://www.nait.ca/nait/schools-programs/school-of-media-and-information-technology/programs,,,,,,[],[],['not a program page']
NAIT,Questions - NAIT,Questions,,,https://www.nait.ca/nait/schools-programs/school-of-skilled-trades/applying-for-apprenticeship-programs/questions-about-the-application-process,,,,,,[],[],['not a program page']
NAIT,1. Application - NAIT,1. Application,,,https://www.nait.ca/nait/schools-programs/school-of-skilled-trades/applying-for-apprenticeship-programs/step-1-complete-an-apprenticeship-application-c,,,,,,[],[],['not a program page']
NAIT,2. Schedule - NAIT,2. Schedule,,,https://www.nait.ca/nait/schools-programs/school-of-skilled-trades/applying-for-apprenticeship-programs/step-2-find-training-start-and-end-dates,,,,,,[],[],['not a program page']
NAIT,3. Register - NAIT,3. Register,,,https://www.nait.ca/nait/schools-programs/school-of-skilled-trades/applying-for-apprenticeship-programs/step-3-register-for-training,,,,,,[],[],['not a program page']
NAIT,4. Create Account - NAIT,4. Create Account,,,https://www.nait.ca/nait/schools-programs/school-of-skilled-trades/applying-for-apprenticeship-programs/step-4-create-a-mynait-portal-account,,,,,,[],[],['not a program page']
NAIT,5. Confirmation - NAIT,5. Confirmation,,,https://www.nait.ca/nait/schools-programs/school-of-skilled-trades/applying-for-apprenticeship-programs/step-5-wait-for-registration-confirmation,,,,,,[],[],['not a program page']
NAIT,6. Get Set Up - NAIT,6. Get Set Up,,,https://www.nait.ca/nait/schools-programs/school-of-skilled-trades/applying-for-apprenticeship-programs/step-6-get-set-up-on-campus,,,,,,[],[],['not a program page']
NAIT,Skilled Trades Diploma and Certificate Programs - NAIT,Skilled Trades Diploma and Certificate Programs,,,https://www.nait.ca/nait/schools-programs/school-of-skilled-trades/programs/trades-diplomas-certificates,,,,,,[],[],['not a program page']
NAIT,School of Transportation - NAIT,School of Transportation,,,https://www.nait.ca/nait/schools-programs/school-of-transportation,,,,,,[],[],['not a program page']
NAIT,Industry Engagement - NAIT,Industry Engagement,,,https://www.nait.ca/nait/schools-programs/school-of-transportation/industry-engagement,,,,,,[],[],['not a program page']
NAIT,Programs - NAIT,Programs,,,https://www.nait.ca/nait/schools-programs/school-of-transportation/programs,,,,,,[],[],['not a program page']
NAIT,Work Integrated Learning - NAIT,Work Integrated Learning,,,https://www.nait.ca/nait/schools-programs/work-integrated-learning,,,,,,[],[],['not a program page']
NAIT,IGNITE Program - NAIT,IGNITE Program,,NAIT Main Campus / satellite campuses,https://www.nait.ca/nait/student-life/clubs-groups-community/nisohkamatotan-centre/the-prospective-aboriginal-youth-program,,,,,,[],[],"['This is an engagement/orientation program, not a credit-granting academic program.']"
NAIT,Outreach and Well-being Leaders Program - NAIT,Outreach and Well-being Leaders (OWLs) Program,,,https://www.nait.ca/nait/student-life/clubs-groups-community/outreach-and-well-being-leaders-program,,,,,,[],[],"['This is a student employment/leadership program, not an academic admission program.']"
NAIT,Outreach and Well-being Leaders Engagement Team - NAIT,Outreach and Well-being Leaders Engagement Team (OWLET),,,https://www.nait.ca/nait/student-life/clubs-groups-community/outreach-and-well-being-leaders-program/outreach-and-well-being-leaders-engagement-team,,,,,,[],[],"['This is a student volunteer program, not an academic admission program.']"
NAIT,Mentorship at NAIT - NAIT,Mentorship at NAIT,,,https://www.nait.ca/nait/student-life/clubs-groups-community/peer-mentorship-program,,,,,,[],[],['not a program page']
NAIT,Career Mentorship - NAIT,Career Mentorship,,,https://www.nait.ca/nait/student-life/clubs-groups-community/peer-mentorship-program/career-mentorship,,,,,,[],[],['not a program page']
NAIT,International Peer Group - NAIT,International Peer Group,,,https://www.nait.ca/nait/student-life/clubs-groups-community/peer-mentorship-program/international-peer-mentors,,,,,,[],[],['not a program page']
NAIT,Peer Mentorship - NAIT,Peer Mentorship,,,https://www.nait.ca/nait/student-life/clubs-groups-community/peer-mentorship-program/peer-mentorship,,,,,,[],[],['not a program page']
NAIT,Ceremony Schedule by Program - NAIT,Ceremony Schedule by Program,,,https://www.nait.ca/nait/student-life/graduation-convocation/about-the-convocation-ceremony/ceremony-schedule-by-program,,,,,,[],[],
NAIT,Fitness & Recreation Programs - NAIT,Fitness & Recreation Programs,,,https://www.nait.ca/nait/student-life/health-well-being/fitness-programs,,,,,,[],[],['not a program page']
NAIT,Hazard Assessment Program - NAIT,Hazard Assessment Program,,,https://www.nait.ca/nait/student-life/on-campus/health-services/hazard-assessment-program,,,,,,[],[],['not a program page']
NAIT,Become a Certified Digital Marketing Professional - NAIT,Become a Certified Digital Marketing Professional,,,https://www.nait.ca/online-digital-marketing-program,,,,,,[],[],"['not a program page', 'access error: text only contains boilerplate cookie policy']"
NAIT,Paramedicine Training at NAIT - NAIT,Paramedicine Training at NAIT,,,https://www.nait.ca/paramedic-programs,,,,,,[],[],"['not a program page', 'access error: text only contains boilerplate cookie policy']"
NAIT,Search for Programs | NAIT,Search for Programs,,,https://www.nait.ca/programs,,,,,,[],[],['not a program page']
NAIT,Explore your options - NAIT,Explore your options,,,https://www.nait.ca/schools-programs/explore,,,,,,[],[],['not a program page']
NAIT,School of Construction and Building Sciences - NAIT,School of Construction and Building Sciences,,,https://www.nait.ca/schools-programs/school-of-construction-and-building-sciences,,,,,,[],[],['not a program page']
NAIT,School of Energy and Natural Resources - NAIT,School of Energy and Natural Resources,,,https://www.nait.ca/schools-programs/school-of-energy-and-natural-resources,,,,,,[],[],['not a program page']
NAIT,School of Health and Life Sciences - NAIT,School of Health and Life Sciences,,,https://www.nait.ca/schools-programs/school-of-health-and-life-sciences,,,,,,[],[],['not a program page']
NAIT,School of Manufacturing and Automation - NAIT,School of Manufacturing and Automation,,,https://www.nait.ca/schools-programs/school-of-manufacturing-and-automation,,,,,,[],[],['not a program page']
NAIT,School of Media and Information Technology - NAIT,School of Media and Information Technology,,,https://www.nait.ca/schools-programs/school-of-media-and-information-technology,,,,,,[],[],['not a program page']
NAIT,Business Degree and Diploma Programs | NAIT JR Shaw School of Business,Business Degree and Diploma Programs,,,https://www.nait.ca/schools/jrssb/programs,,,,,,[],[],['not a program page']
NorQuest,"Continuing Education programs and courses - NorQuest College - Edmonton, Alberta",Continuing Education programs and courses,,,http://www.norquest.ca/continuing-education/continuing-education-programs-and-courses/,,,,,,[],[],['not a program page']
NorQuest,"Foundational programs - NorQuest College - Edmonton, Alberta",Foundational programs,,,http://www.norquest.ca/foundational-programs/,,,,,,[],[],['not a program page']
NorQuest,"Browse programs and courses - NorQuest College - Edmonton, Alberta",Browse programs and courses,,,http://www.norquest.ca/international-student/browse-programs-and-courses/,,,,,,[],[],['not a program page']
NorQuest,"Emerging Leaders Program - NorQuest College - Edmonton, Alberta",Emerging Leaders Program,Certificate of Recognition,,http://www.norquest.ca/international-student/international-student-services/get-involved/emerging-leaders-program/,,,,,,[],[],"['This is a student leadership program, not a primary academic admission program.']"
NorQuest,"NorQuest International Volunteer Program - NorQuest College - Edmonton, Alberta",NorQuest International Volunteer Program,,,http://www.norquest.ca/international-student/international-student-services/get-involved/norquest-international-volunteer-program/,,,,,,[],[],['not a program page']
NorQuest,"Content Creation Volunteer - NorQuest College - Edmonton, Alberta",Content Creation Volunteer,,,http://www.norquest.ca/international-student/international-student-services/get-involved/norquest-international-volunteer-program/content-creation-volunteer/,,,,,,[],[],['not a program page']
NorQuest,"Marketing & Promotions Volunteer - NorQuest College - Edmonton, Alberta",Marketing & Promotions Volunteer,,,http://www.norquest.ca/international-student/international-student-services/get-involved/norquest-international-volunteer-program/marketing-promotions-volunteer/,,,,,,[],[],['not a program page']
NorQuest,"Peer Mentorship Program - NorQuest College - Edmonton, Alberta",International Peer Mentorship Program,,,http://www.norquest.ca/international-student/international-student-services/get-involved/peer-mentorship-program/,,,,,,[],[],"['This is a peer support service, not an academic admission program.']"
NorQuest,"Program Availability - NorQuest College - Edmonton, Alberta",Program Availability,,,http://www.norquest.ca/program-availability/,,,,,,[],[],['not a program page']
NorQuest,"Programs and courses - NorQuest College - Edmonton, Alberta",Programs and courses,,,http://www.norquest.ca/programs-courses/,,,,,,[],[],['not a program page']
NorQuest,"Browse programs and courses - NorQuest College - Edmonton, Alberta",Browse programs and courses,,,http://www.norquest.ca/programs-courses/browse-programs-and-courses/,,,,,,[],[],['not a program page']
NorQuest,"Continuing Education - NorQuest College - Edmonton, Alberta",Continuing Education,,,http://www.norquest.ca/programs-courses/continuing-education/,,,,,,[],[],['not a program page']
NorQuest,"Dual credit programs - NorQuest College - Edmonton, Alberta",Dual credit programs,,,http://www.norquest.ca/programs-courses/dual-credit-programs/,,,,,,[],[],['not a program page']
NorQuest,"Dual Credit partnering - NorQuest College - Edmonton, Alberta",Dual Credit partnering,,,http://www.norquest.ca/programs-courses/dual-credit-programs/dual-credit-partnering/,,,,,,[],[],['not a program page']
NorQuest,"Dual Credit students - NorQuest College - Edmonton, Alberta",Dual Credit students,,,http://www.norquest.ca/programs-courses/dual-credit-programs/dual-credit-students/,,,,,,[],[],['not a program page']
NorQuest,"Family Caregiver Wellness Workshops - NorQuest College - Edmonton, Alberta",Family Caregiver Wellness Workshops,,,http://www.norquest.ca/programs-courses/family-caregiver-wellness-workshops/,,,,,,[],[],['not a program page']
NorQuest,"Applied Research for Innovation Badge Selector - NorQuest College - Edmonton, Alberta",Applied Research for Innovation Badge Selector,,,http://www.norquest.ca/programs-courses/introduction-to-applied-research-for-innovation/applied-research-for-innovation-badge-selector/,,,,,,[],[],['not a program page']
NorQuest,"Learning at NorQuest - NorQuest College - Edmonton, Alberta",Learning at NorQuest,,,http://www.norquest.ca/programs-courses/learning-at-norquest/,,,,,,[],[],['not a program page']
NorQuest,Sua nova carreira começa aqui — no NorQuest College,Sua nova carreira começa aqui — no NorQuest College,,,http://www.norquest.ca/programs-courses/learning-at-norquest/brasil/,,,,,,[],[],['not a program page']
NorQuest,"Obrigado - NorQuest College - Edmonton, Alberta",Obrigado,,,http://www.norquest.ca/programs-courses/learning-at-norquest/brasil/obrigado/,,,,,,[],[],['not a program page']
NorQuest,"Bring your own device - NorQuest College - Edmonton, Alberta",Bring your own device,,,http://www.norquest.ca/programs-courses/learning-at-norquest/bring-your-own-device/,,,,,,[],[],['not a program page']
NorQuest,"Business Administration to Bachelor of Commerce - NorQuest College - Edmonton, Alberta",Business Administration to Bachelor of Commerce,,,http://www.norquest.ca/programs-courses/learning-at-norquest/business-administration-to-bachelor-of-commerce/,,,,,,[],[],['not a program page']
NorQuest,"Definitions - NorQuest College - Edmonton, Alberta",Definitions,,,http://www.norquest.ca/programs-courses/learning-at-norquest/definitions/,,,,,,[],[],['not a program page']
NorQuest,Digital badges from NorQuest College.,Digital badges from NorQuest College.,,,http://www.norquest.ca/programs-courses/learning-at-norquest/definitions/digital-badges/,,,,,,[],[],['not a program page']
NorQuest,"Discover your perfect career path - NorQuest College - Edmonton, Alberta",Discover your perfect career path,,,http://www.norquest.ca/programs-courses/learning-at-norquest/discover-your-perfect-career-path/,,,,,,[],[],['not a program page']
NorQuest,"Explore NorQuest College - NorQuest College - Edmonton, Alberta",Explore NorQuest College,,,http://www.norquest.ca/programs-courses/learning-at-norquest/explore-norquest-college/,,,,,,[],[],['not a program page']
NorQuest,"Foundational Learning Hub - NorQuest College - Edmonton, Alberta",Foundational Learning Hub,,,http://www.norquest.ca/programs-courses/learning-at-norquest/foundational-learning-hub/,,,,,,[],[],['not a program page']
NorQuest,"Health programs for rural students - NorQuest College - Edmonton, Alberta",Health programs for rural students,,,http://www.norquest.ca/programs-courses/learning-at-norquest/health-programs-for-rural-students/,,,,,,[],[],['not a program page']
NorQuest,"Online delivery information - NorQuest College - Edmonton, Alberta",Online delivery information,,,http://www.norquest.ca/programs-courses/learning-at-norquest/online-delivery-information/,,,,,,[],[],['not a program page']
NorQuest,"Open Admissions Pathways - NorQuest College - Edmonton, Alberta",Open Admissions Pathways,,,http://www.norquest.ca/programs-courses/learning-at-norquest/open-admissions-pathways/,,,,,,[],[],['not a program page']
NorQuest,"Ready to score a new career? - NorQuest College - Edmonton, Alberta",Ready to score a new career?,,,http://www.norquest.ca/programs-courses/learning-at-norquest/ready-to-score-a-new-career/,,,,,,[],[],['not a program page']
NorQuest,"Start a business career - NorQuest College - Edmonton, Alberta",Start a business career,,,http://www.norquest.ca/programs-courses/learning-at-norquest/start-a-business-career/,,,,,,[],[],['not a program page']
NorQuest,"Take your healthcare career in a new direction - NorQuest College - Edmonton, Alberta",Take your healthcare career in a new direction,,,http://www.norquest.ca/programs-courses/learning-at-norquest/take-your-healthcare-career-in-a-new-direction/,,,,,,[],[],['not a program page']
NorQuest,"Your new career starts at NorQuest College - NorQuest College - Edmonton, Alberta",Your new career starts at NorQuest College,,,http://www.norquest.ca/programs-courses/learning-at-norquest/your-new-career-starts-at-norquest-college/,,,,,,[],[],['not a program page']
NorQuest,"Microcredentials - NorQuest College - Edmonton, Alberta",Microcredentials,,,http://www.norquest.ca/programs-courses/microcredentials/,,,,,,[],[],['not a program page']
NorQuest,"Frequently asked questions - NorQuest College - Edmonton, Alberta",Frequently asked questions,,,http://www.norquest.ca/programs-courses/microcredentials/frequently-asked-questions/,,,,,,[],[],['not a program page']
NorQuest,"Request information - NorQuest College - Edmonton, Alberta",Request information,,,http://www.norquest.ca/programs-courses/microcredentials/request-information/,,,,,,[],[],['not a program page']
NorQuest,"Open Studies - NorQuest College - Edmonton, Alberta",Open Studies,,,http://www.norquest.ca/programs-courses/open-studies/,,,,,,[],[],['Generic Open Studies admission information.']
NorQuest,"Foster the next generation of data analysts - NorQuest College - Edmonton, Alberta",Foster the next generation of data analysts,,,http://www.norquest.ca/programs-courses/upskilling-for-data-analytics-and-business-intelligence/foster-the-next-generation-of-data-analysts/,,,,,,[],[],['not a program page']
NorQuest,"Academic Program Advisors - NorQuest College - Edmonton, Alberta",Academic Program Advisors,,,http://www.norquest.ca/student-resources/academic-program-advisors/,,,,,,[],[],['not a program page']
NorQuest,"Our program - NorQuest College - Edmonton, Alberta",Our program,,,http://www.norquest.ca/student-services/child-care-centre/our-program/,,,,,,[],[],['not a program page']
NorQuest,"RBC Indigenous Mentorship Program - NorQuest College - Edmonton, Alberta",RBC Indigenous Mentorship Program,,,http://www.norquest.ca/student-services/indigenous-student-services/rbc-indigenous-mentorship-program/,,,,,,[],[],['not a program page']
NorQuest,"Page not found - NorQuest College - Edmonton, Alberta",Page not found,,,http://www.norquest.ca/x/workstyles-program-policy/,,,,,,[],[],['not a program page'] | not a program page
UAlberta,Composition Major – Bachelor of Music | MacEwan University Academic Catalog,Composition (Major),Bachelor of Music,,https://calendar.ualberta.ca/content.php?catoid=56&navoid=17354&print,,,,,,[],[],['Specific high school admission requirements are not listed in the provided text.']
UAlberta,About the University - University of Alberta,About,,,https://calendar.ualberta.ca/content.php?catoid=56&navoid=17516,,,,,,[],[],['not a program page']
UAlberta,Course Listings - University of Alberta,Course,,,https://calendar.ualberta.ca/content.php?catoid=56&navoid=17518,,,,,,[],[],['not a program page']
UAlberta,University Regulations - University of Alberta,University,,,https://calendar.ualberta.ca/content.php?catoid=56&navoid=17520,,,,,,[],[],['not a program page']
UAlberta,Undergraduate Admissions - University of Alberta,Undergraduate,,,https://calendar.ualberta.ca/content.php?catoid=56&navoid=17521,,,,,,[],[],['not a program page']
UAlberta,Colleges and Faculties - University of Alberta,Colleges,,,https://calendar.ualberta.ca/content.php?catoid=56&navoid=17522,,,,,,[],[],['not a program page']
UAlberta,Inquiries - University of Alberta,Inquiries,,,https://calendar.ualberta.ca/content.php?catoid=56&navoid=17523,,,,,,[],[],['not a program page']
UAlberta,"Academic Schedule, Dates and Deadlines - University of Alberta",Academic,,,https://calendar.ualberta.ca/content.php?catoid=56&navoid=17524,,,,,,[],[],['not a program page']
UAlberta,Undergraduate Programs - University of Alberta,Undergraduate,,,https://calendar.ualberta.ca/content.php?catoid=56&navoid=17526,,,,,,[],[],['not a program page']
UAlberta,Graduate Regulations - University of Alberta,Graduate,,,https://calendar.ualberta.ca/content.php?catoid=56&navoid=17527,,,,,,[],[],['not a program page']
UAlberta,About the Calendar - University of Alberta,About,,,https://calendar.ualberta.ca/content.php?catoid=56&navoid=17532,,,,,,[],[],['not a program page']
UAlberta,Graduate Admissions - University of Alberta,Graduate Programs (General),,,https://calendar.ualberta.ca/content.php?catoid=56&navoid=17533,,,,,,[],[],['This page outlines general minimum requirements for all graduate programs at UAlberta.']
UAlberta,Graduate Programs - University of Alberta,Graduate,,,https://calendar.ualberta.ca/content.php?catoid=56&navoid=17535,,,,,,[],[],['not a program page']
UAlberta,University of Alberta,University,,,https://calendar.ualberta.ca/index.php?catoid=56,,,,,,[],[],['not a program page']
UAlberta,Calendar List - University of Alberta,Calendar,,,https://calendar.ualberta.ca/misc/catalog_list.php?catoid=56,,,,,,[],[],['not a program page']
UAlberta,Calendar Search - University of Alberta,Calendar,,,https://calendar.ualberta.ca/search_advanced.php?catoid=56,,,,,,[],[],['not a program page']
UAlberta,ERROR: The request could not be satisfied,ERROR: The request could not be satisfied,,,https://www.ualberta.ca/en/admissions-programs/embedded-undergraduate-certificates/index.html,,,,,,[],[],"['not a program page', 'access error']"
UAlberta,ERROR: The request could not be satisfied,ERROR: The request could not be satisfied,,,https://www.ualberta.ca/en/admissions-programs/inclusive-education/index.html,,,,,,[],[],"['not a program page', 'access error']"
UAlberta,ERROR: The request could not be satisfied,ERROR: The request could not be satisfied,,,https://www.ualberta.ca/en/admissions-programs/index.html,,,,,,[],[],"['not a program page', 'access error']"
UAlberta,ERROR: The request could not be satisfied,ERROR: The request could not be satisfied,,,https://www.ualberta.ca/en/admissions-programs/online-courses/index.html,,,,,,[],[],"['not a program page', 'access error']"
UAlberta,ERROR: The request could not be satisfied,ERROR: The request could not be satisfied,,,https://www.ualberta.ca/en/admissions-programs/online-learning.html,,,,,,[],[],"['not a program page', 'access error']"
UAlberta,ERROR: The request could not be satisfied,ERROR: The request could not be satisfied,,,https://www.ualberta.ca/en/education/programs/english-language-school/index.html,,,,,,[],[],"['not a program page', 'access error']"
UAlberta,ERROR: The request could not be satisfied,ERROR: The request could not be satisfied,,,https://www.ualberta.ca/en/graduate-programs/index.html,,,,,,[],[],"['not a program page', 'access error']"
UAlberta,ERROR: The request could not be satisfied,ERROR: The request could not be satisfied,,,https://www.ualberta.ca/en/graduate-studies/admissions-programs/apply/index.html,,,,,,[],[],"['not a program page', 'access error']"
