institution,program_name,credential,source_url,decision,reason_code,rule_source,stage,evidence_notes
MacEwan,Academic Upgrading,,https://calendar.macewan.ca/programs/university-entrance/university-preparation/,keep,kept_non_target_institution,default_pass_through,index_filter,
MacEwan,Accounting (Major),Bachelor of Commerce,https://calendar.macewan.ca/programs/degree-programs/bcom-accounting/,keep,kept_non_target_institution,default_pass_through,index_filter,
MacEwan,Accounting Minor,Minor,https://calendar.macewan.ca/programs/min-babs-accounting/,keep,kept_non_target_institution,default_pass_through,index_filter,
MacEwan,Accounting Minor,Minor,https://calendar.macewan.ca/programs/min-bcom-accounting/,keep,kept_non_target_institution,default_pass_through,index_filter,
MacEwan,Accounting and Strategic Measurement,Diploma,https://calendar.macewan.ca/programs/certificates-diplomas/accounting-strategic-measurement/,keep,kept_non_target_institution,default_pass_through,index_filter,
MacEwan,Acupuncture,,https://calendar.macewan.ca/programs/certificates-diplomas/acupuncture/,keep,kept_non_target_institution,default_pass_through,index_filter,
MacEwan,Alberta Foundation Program (AFP),,https://calendar.macewan.ca/programs/university-entrance/foundation-alberta/,keep,kept_non_target_institution,default_pass_through,index_filter,
MacEwan,Anthropology (Major/Minor/Honours),Bachelor of Arts,https://calendar.macewan.ca/programs/degree-programs/ba-anthropology/,keep,kept_non_target_institution,default_pass_through,index_filter,
MacEwan,Anthropology Minor,Minor,https://calendar.macewan.ca/programs/min-bcom-anthropology/,keep,kept_non_target_institution,default_pass_through,index_filter,
MacEwan,Applied Statistics (Major/Honours),Bachelor of Science,https://calendar.macewan.ca/programs/degree-programs/bsc-applied-statistics/,keep,kept_non_target_institution,default_pass_through,index_filter,
MacEwan,Arts and Cultural Management,,https://calendar.macewan.ca/programs/min-babs-arts-cultural-management/,keep,kept_non_target_institution,default_pass_through,index_filter,
MacEwan,Arts and Cultural Management (Major),Bachelor of Fine Arts,https://calendar.macewan.ca/programs/degree-programs/bfa-arts-and-cultural-management/,keep,kept_non_target_institution,default_pass_through,index_filter,
MacEwan,Asia Pacific Management,Diploma,https://calendar.macewan.ca/programs/certificates-diplomas/asia-pacific-management/,keep,kept_non_target_institution,default_pass_through,index_filter,
MacEwan,Aviation Management (Major),Business Management Diploma,https://calendar.macewan.ca/programs/certificates-diplomas/aviation-management/,keep,kept_non_target_institution,default_pass_through,index_filter,
MacEwan,Bachelor of Arts Undeclared,Bachelor of Arts,https://calendar.macewan.ca/programs/degree-programs/ba-undeclared/,keep,kept_non_target_institution,default_pass_through,index_filter,
MacEwan,Bachelor of Commerce Undeclared,Bachelor of Commerce,https://calendar.macewan.ca/programs/degree-programs/bcom-undeclared/,keep,kept_non_target_institution,default_pass_through,index_filter,
MacEwan,Bachelor of Physical Education Transfer,,https://calendar.macewan.ca/programs/university-transfer/bpe-physical-education-transfer/,keep,kept_non_target_institution,default_pass_through,index_filter,
MacEwan,Bachelor of Public Safety and Justice,Bachelor of Public Safety and Justice,https://calendar.macewan.ca/programs/degree-programs/bpsj-public-safety-and-justice/,keep,kept_non_target_institution,default_pass_through,index_filter,
MacEwan,Bachelor of Science Undeclared,Bachelor of Science,https://calendar.macewan.ca/programs/degree-programs/bsc-undeclared/,keep,kept_non_target_institution,default_pass_through,index_filter,
MacEwan,Behaviour Analysis,Post-Baccalaureate Certificate,https://calendar.macewan.ca/programs/post-baccalaureate-certificate-programs/behaviour-analysis/,keep,kept_non_target_institution,default_pass_through,index_filter,
MacEwan,Behavioural Interventions Certificate,Certificate of Achievement,https://calendar.macewan.ca/programs/certificates-achievement/behavioural-intervention/,keep,kept_non_target_institution,default_pass_through,index_filter,
MacEwan,Biological Sciences,Bachelor of Science,https://calendar.macewan.ca/programs/degree-programs/bsc-biological-sciences/,keep,kept_non_target_institution,default_pass_through,index_filter,
MacEwan,Bridge to Canadian Nursing,Certificate,https://calendar.macewan.ca/programs/certificates-diplomas/bridge-canadian-nursing/,keep,kept_non_target_institution,default_pass_through,index_filter,
MacEwan,Business Intelligence Minor,Minor,https://calendar.macewan.ca/programs/min-bcom-business-intelligence/,keep,kept_non_target_institution,default_pass_through,index_filter,
MacEwan,Business Law Minor,Minor,https://calendar.macewan.ca/programs/min-babs-business-law/,keep,kept_non_target_institution,default_pass_through,index_filter,
MacEwan,Business Management,Certificate,https://calendar.macewan.ca/programs/certificates-diplomas/business-management-certificate/,keep,kept_non_target_institution,default_pass_through,index_filter,
MacEwan,Business Management,Diploma,https://calendar.macewan.ca/programs/certificates-diplomas/business-management-diploma/,keep,kept_non_target_institution,default_pass_through,index_filter,
MacEwan,Business Studies Minor,Minor,https://calendar.macewan.ca/programs/min-babs-business-studies/,keep,kept_non_target_institution,default_pass_through,index_filter,
MacEwan,Chemistry (Major),Bachelor of Science,https://calendar.macewan.ca/programs/degree-programs/bsc-chemistry/,keep,kept_non_target_institution,default_pass_through,index_filter,
MacEwan,Child and Youth Care,Bachelor of Child and Youth Care,https://calendar.macewan.ca/programs/degree-programs/bcyc-child-youth-care/,keep,kept_non_target_institution,default_pass_through,index_filter,
MacEwan,"Childhood, Youth, and Family Studies Minor",Minor,https://calendar.macewan.ca/programs/degree-programs/childhood-youth-family-studies/,keep,kept_non_target_institution,default_pass_through,index_filter,
MacEwan,Classics Minor,Minor,https://calendar.macewan.ca/programs/min-babs-classics/,keep,kept_non_target_institution,default_pass_through,index_filter,
MacEwan,Community Justice and Corrections,Diploma,https://calendar.macewan.ca/programs/certificates-diplomas/community-justice-and-corrections,keep,kept_non_target_institution,default_pass_through,index_filter,
MacEwan,Community Justice and Corrections,Diploma,https://calendar.macewan.ca/programs/certificates-diplomas/community-justice-and-corrections/,keep,kept_non_target_institution,default_pass_through,index_filter,
MacEwan,Composition Major – Bachelor of Music,Bachelor,https://calendar.macewan.ca/programs/degree-programs/bmus-composition/,keep,kept_non_target_institution,default_pass_through,index_filter,
MacEwan,Computer Science (Major),Bachelor of Science,https://calendar.macewan.ca/programs/degree-programs/bsc-computer-science/,keep,kept_non_target_institution,default_pass_through,index_filter,
MacEwan,Creative Writing Minor,Minor,https://calendar.macewan.ca/programs/min-babs-creative-writing/,keep,kept_non_target_institution,default_pass_through,index_filter,
MacEwan,Cybersecurity Studies Minor,Minor,https://calendar.macewan.ca/programs/min-babs-cybersecurity-studies/,keep,kept_non_target_institution,default_pass_through,index_filter,
MacEwan,Cybersecurity Studies Minor,Minor,https://calendar.macewan.ca/programs/min-bcom-cybersecurity-studies/,keep,kept_non_target_institution,default_pass_through,index_filter,
MacEwan,Cybersecurity Studies Minor,Minor,https://calendar.macewan.ca/programs/min-bpsj-cybersecurity-studies/,keep,kept_non_target_institution,default_pass_through,index_filter,
MacEwan,Data Science (Major),Bachelor of Science,https://calendar.macewan.ca/programs/degree-programs/bsc-data-science/,keep,kept_non_target_institution,default_pass_through,index_filter,
MacEwan,Design,Bachelor of Design,https://calendar.macewan.ca/programs/degree-programs/bdes-design/,keep,kept_non_target_institution,default_pass_through,index_filter,
MacEwan,Digital Experience Design,Post-Diploma Certificate,https://calendar.macewan.ca/programs/post-diploma-certificate-programs/digital-experience-design/,keep,kept_non_target_institution,default_pass_through,index_filter,
MacEwan,Digital Experience Design,,https://calendar.macewan.ca/programs/min-babs-digital-experience-design/,keep,kept_non_target_institution,default_pass_through,index_filter,
MacEwan,Digital Experience Design (Major),Bachelor of Design,https://calendar.macewan.ca/programs/degree-programs/bdes-digital-experience-design/,keep,kept_non_target_institution,default_pass_through,index_filter,
MacEwan,Digital Experience Design Minor,Minor,https://calendar.macewan.ca/programs/min-bcom-digital-experience-design/,keep,kept_non_target_institution,default_pass_through,index_filter,
MacEwan,Digital Experience Design Minor,Minor,https://calendar.macewan.ca/programs/min-bcs-digital-experience-design/,keep,kept_non_target_institution,default_pass_through,index_filter,
MacEwan,Early Childhood Curriculum Studies (BECCS),Bachelor of Early Childhood Curriculum Studies,https://calendar.macewan.ca/programs/degree-programs/beccs-early-childhood-curriculum-studies/,keep,kept_non_target_institution,default_pass_through,index_filter,
MacEwan,Early Learning and Child Care,,https://calendar.macewan.ca/programs/certificates-diplomas/early-learning-child-care/,keep,kept_non_target_institution,default_pass_through,index_filter,
MacEwan,Earth and Planetary Sciences Minor,Minor,https://calendar.macewan.ca/programs/min-babs-earth-planetary-sciences/,keep,kept_non_target_institution,default_pass_through,index_filter,
MacEwan,Economics (Major/Minor/Honours),Bachelor of Arts,https://calendar.macewan.ca/programs/degree-programs/ba-economics/,keep,kept_non_target_institution,default_pass_through,index_filter,
MacEwan,Economics Minor,Minor,https://calendar.macewan.ca/programs/min-bcom-economics/,keep,kept_non_target_institution,default_pass_through,index_filter,
MacEwan,Educational Assistant,Certificate,https://calendar.macewan.ca/programs/certificates-diplomas/educational-assistant/,keep,kept_non_target_institution,default_pass_through,index_filter,
MacEwan,Emergency Communications and Response,Certificate,https://calendar.macewan.ca/programs/certificates-diplomas/emergency-communications-response/,keep,kept_non_target_institution,default_pass_through,index_filter,
MacEwan,English (Major/Minor/Honours),Bachelor of Arts,https://calendar.macewan.ca/programs/degree-programs/ba-english/,keep,kept_non_target_institution,default_pass_through,index_filter,
MacEwan,English as an Additional Language (EAL),,https://calendar.macewan.ca/programs/university-entrance/eal/,keep,kept_non_target_institution,default_pass_through,index_filter,
MacEwan,Environmental Sciences (Major),Bachelor of Science,https://calendar.macewan.ca/programs/degree-programs/bsc-environmental-science/,keep,kept_non_target_institution,default_pass_through,index_filter,
MacEwan,Environmental Sciences Minor,Minor,https://calendar.macewan.ca/programs/min-babs-environmental-sciences/,keep,kept_non_target_institution,default_pass_through,index_filter,
MacEwan,Film Minor,Minor,https://calendar.macewan.ca/programs/min-babs-film/,keep,kept_non_target_institution,default_pass_through,index_filter,
MacEwan,Film Minor,Minor,https://calendar.macewan.ca/programs/min-bcs-film/,keep,kept_non_target_institution,default_pass_through,index_filter,
MacEwan,Finance Minor,Minor,https://calendar.macewan.ca/programs/min-babs-finance/,keep,kept_non_target_institution,default_pass_through,index_filter,
MacEwan,Finance Minor,Minor,https://calendar.macewan.ca/programs/min-bcom-finance/,keep,kept_non_target_institution,default_pass_through,index_filter,
MacEwan,Foundation Program International,,https://calendar.macewan.ca/programs/university-entrance/foundation-international/,keep,kept_non_target_institution,default_pass_through,index_filter,
MacEwan,French Minor,Minor,https://calendar.macewan.ca/programs/min-babs-french/,keep,kept_non_target_institution,default_pass_through,index_filter,
MacEwan,French Minor,Minor,https://calendar.macewan.ca/programs/min-bcom-french/,keep,kept_non_target_institution,default_pass_through,index_filter,
MacEwan,Gender Studies Minor,Minor,https://calendar.macewan.ca/programs/min-babs-gender-studies/,keep,kept_non_target_institution,default_pass_through,index_filter,
MacEwan,General (Major),Bachelor of Music,https://calendar.macewan.ca/programs/degree-programs/bmus-general/,keep,kept_non_target_institution,default_pass_through,index_filter,
MacEwan,Gerontology,Post-Diploma Certificate,https://calendar.macewan.ca/programs/post-diploma-certificate-programs/gerontology/,keep,kept_non_target_institution,default_pass_through,index_filter,
MacEwan,Graphic Design Minor,Minor,https://calendar.macewan.ca/programs/min-bcs-graphic-design,keep,kept_non_target_institution,default_pass_through,index_filter,
MacEwan,Graphic Design Minor,Minor,https://calendar.macewan.ca/programs/min-bcs-graphic-design/,keep,kept_non_target_institution,default_pass_through,index_filter,
MacEwan,Hearing Aid Practitioner,Diploma,https://calendar.macewan.ca/programs/certificates-diplomas/hearing-aid-practitioner/,keep,kept_non_target_institution,default_pass_through,index_filter,
MacEwan,Hospice Palliative Care,Post-Diploma Certificate,https://calendar.macewan.ca/programs/post-diploma-certificate-programs/hospice-palliative-care/,keep,kept_non_target_institution,default_pass_through,index_filter,
MacEwan,Human Resources Management,Certificate and Diploma,https://calendar.macewan.ca/programs/certificates-diplomas/human-resources-management/,keep,kept_non_target_institution,default_pass_through,index_filter,
MacEwan,Human Resources Management (Major),Bachelor of Commerce,https://calendar.macewan.ca/programs/degree-programs/bcom-human-resources-management/,keep,kept_non_target_institution,default_pass_through,index_filter,
MacEwan,Human Resources Management Minor,Minor,https://calendar.macewan.ca/programs/min-babs-human-resource-management/,keep,kept_non_target_institution,default_pass_through,index_filter,
MacEwan,Human Resources Management Minor,Minor,https://calendar.macewan.ca/programs/min-bcom-human-resources-management/,keep,kept_non_target_institution,default_pass_through,index_filter,
MacEwan,Human Service Administration,Bachelor of Applied Human Service Administration,https://calendar.macewan.ca/programs/applied-degree-programs/bahsa-human-service-admin/,keep,kept_non_target_institution,default_pass_through,index_filter,
MacEwan,Indigegogy Minor,Minor,https://calendar.macewan.ca/programs/min-babs-indigegogy/,keep,kept_non_target_institution,default_pass_through,index_filter,
MacEwan,Innovation and Entrepreneurship Minor,Minor,https://calendar.macewan.ca/programs/min-bcom-innovation-and-entrepreneurship/,keep,kept_non_target_institution,default_pass_through,index_filter,
MacEwan,Insurance and Risk Management,Business Management Diploma,https://calendar.macewan.ca/programs/certificates-diplomas/insurance-risk-management/,keep,kept_non_target_institution,default_pass_through,index_filter,
MacEwan,International Business (Major),Bachelor of Commerce,https://calendar.macewan.ca/programs/degree-programs/bcom-international-business/,keep,kept_non_target_institution,default_pass_through,index_filter,
MacEwan,International Business Minor,Minor,https://calendar.macewan.ca/programs/min-bcom-international-business/,keep,kept_non_target_institution,default_pass_through,index_filter,
MacEwan,Investigative Studies,Diploma,https://calendar.macewan.ca/programs/certificates-diplomas/investigative-studies/,keep,kept_non_target_institution,default_pass_through,index_filter,
MacEwan,Journalism (Major),Bachelor of Communication Studies,https://calendar.macewan.ca/programs/degree-programs/bcs-journalism/,keep,kept_non_target_institution,default_pass_through,index_filter,
MacEwan,Journalism Minor,Minor,https://calendar.macewan.ca/programs/min-bcom-journalism/,keep,kept_non_target_institution,default_pass_through,index_filter,
MacEwan,Journalism Minor,Minor,https://calendar.macewan.ca/programs/min-bcs-journalism/,keep,kept_non_target_institution,default_pass_through,index_filter,
MacEwan,Legal Studies in Business (Major),Bachelor of Commerce,https://calendar.macewan.ca/programs/degree-programs/bcom-legal-studies-business/,keep,kept_non_target_institution,default_pass_through,index_filter,
MacEwan,Legal Studies in Business Minor,Minor,https://calendar.macewan.ca/programs/min-bcom-legal-studies-in-business/,keep,kept_non_target_institution,default_pass_through,index_filter,
MacEwan,Library and Information Technology,Diploma,https://calendar.macewan.ca/programs/certificates-diplomas/library-information-technology/,keep,kept_non_target_institution,default_pass_through,index_filter,
MacEwan,Management (Major),Bachelor of Commerce,https://calendar.macewan.ca/programs/degree-programs/bcom-management/,keep,kept_non_target_institution,default_pass_through,index_filter,
MacEwan,Management Minor,Minor,https://calendar.macewan.ca/programs/min-bcom-management/,keep,kept_non_target_institution,default_pass_through,index_filter,
MacEwan,Marketing (Major),Bachelor of Commerce,https://calendar.macewan.ca/programs/degree-programs/bcom-marketing/,keep,kept_non_target_institution,default_pass_through,index_filter,
MacEwan,Marketing Minor,Minor,https://calendar.macewan.ca/programs/min-babs-marketing/,keep,kept_non_target_institution,default_pass_through,index_filter,
MacEwan,Marketing Minor,Minor,https://calendar.macewan.ca/programs/min-bcom-marketing/,keep,kept_non_target_institution,default_pass_through,index_filter,
MacEwan,Massage Therapy,,https://calendar.macewan.ca/programs/certificates-diplomas/massage-therapy/,keep,kept_non_target_institution,default_pass_through,index_filter,
MacEwan,Mathematical Sciences (Major),Bachelor of Science,https://calendar.macewan.ca/programs/degree-programs/bsc-mathematical-sciences/,keep,kept_non_target_institution,default_pass_through,index_filter,
MacEwan,Mathematics (Major/Honours),Bachelor of Science,https://calendar.macewan.ca/programs/degree-programs/bsc-mathematics/,keep,kept_non_target_institution,default_pass_through,index_filter,
MacEwan,Minors - Bachelor of Arts,Bachelor,https://calendar.macewan.ca/programs/degree-programs/ba-minors/,keep,kept_non_target_institution,default_pass_through,index_filter,
MacEwan,Minors - Bachelor of Commerce,Bachelor,https://calendar.macewan.ca/programs/degree-programs/bcom-minors/,keep,kept_non_target_institution,default_pass_through,index_filter,
MacEwan,Minors - Bachelor of Science,Bachelor,https://calendar.macewan.ca/programs/degree-programs/bsc-minors/,keep,kept_non_target_institution,default_pass_through,index_filter,
MacEwan,Minors - Fine Arts and Communication,,https://calendar.macewan.ca/programs/degree-programs/ffac-minors/,keep,kept_non_target_institution,default_pass_through,index_filter,
MacEwan,Music Career Management Minor,Minor,https://calendar.macewan.ca/programs/min-bmus-music-career-management/,keep,kept_non_target_institution,default_pass_through,index_filter,
MacEwan,Music Education Minor,Minor,https://calendar.macewan.ca/programs/min-bmus-music-education/,keep,kept_non_target_institution,default_pass_through,index_filter,
MacEwan,Music Technology and Production Minor,Minor,https://calendar.macewan.ca/programs/min-bmus-music-technology-production/,keep,kept_non_target_institution,default_pass_through,index_filter,
MacEwan,Music Theatre Performance (Major),Bachelor of Fine Arts,https://calendar.macewan.ca/programs/degree-programs/bfa-music-theatre-performance/,keep,kept_non_target_institution,default_pass_through,index_filter,
MacEwan,Nursing,Bachelor of Science in Nursing,https://calendar.macewan.ca/programs/degree-programs/bscn-nursing/,keep,kept_non_target_institution,default_pass_through,index_filter,
MacEwan,Occupational Health Nursing (OHN),Post-Diploma Certificate,https://calendar.macewan.ca/programs/post-diploma-certificate-programs/occupational-health-nursing/,keep,kept_non_target_institution,default_pass_through,index_filter,
MacEwan,Office Assistant - Administrative major,Certificate,https://calendar.macewan.ca/programs/certificates-diplomas/office-assistant-administrative/,keep,kept_non_target_institution,default_pass_through,index_filter,
MacEwan,Office Assistant - Legal major,Certificate,https://calendar.macewan.ca/programs/certificates-diplomas/office-assistant-legal/,keep,kept_non_target_institution,default_pass_through,index_filter,
MacEwan,Office Assistant - Medical major,Certificate,https://calendar.macewan.ca/programs/certificates-diplomas/office-assistant-medical/,keep,kept_non_target_institution,default_pass_through,index_filter,
MacEwan,Paralegal Studies,Diploma,https://calendar.macewan.ca/programs/certificates-diplomas/paralegal-studies/,keep,kept_non_target_institution,default_pass_through,index_filter,
MacEwan,Performance (Major),Bachelor of Music,https://calendar.macewan.ca/programs/degree-programs/bmus-performance/,keep,kept_non_target_institution,default_pass_through,index_filter,
MacEwan,Perioperative Nursing,Post-Diploma Certificate,https://calendar.macewan.ca/programs/post-diploma-certificate-programs/perioperative-nursing/,keep,kept_non_target_institution,default_pass_through,index_filter,
MacEwan,Philosophy (Major/Minor),Bachelor of Arts,https://calendar.macewan.ca/programs/degree-programs/ba-philosophy/,keep,kept_non_target_institution,default_pass_through,index_filter,
MacEwan,Physical Sciences (Major),Bachelor of Science,https://calendar.macewan.ca/programs/degree-programs/bsc-physical-sciences/,keep,kept_non_target_institution,default_pass_through,index_filter,
MacEwan,Physical Therapist Assistant / Occupational Therapist Assistant,Diploma,https://calendar.macewan.ca/programs/certificates-diplomas/physical-occupational-therapist-assistant/,keep,kept_non_target_institution,default_pass_through,index_filter,
MacEwan,Physics Minor,Minor,https://calendar.macewan.ca/programs/min-babs-physics/,keep,kept_non_target_institution,default_pass_through,index_filter,
MacEwan,Planetary Physics Minor,Minor,https://calendar.macewan.ca/programs/min-babs-planetary-physics/,keep,kept_non_target_institution,default_pass_through,index_filter,
MacEwan,Police Studies,Diploma,https://calendar.macewan.ca/programs/certificates-diplomas/police-studies/,keep,kept_non_target_institution,default_pass_through,index_filter,
MacEwan,Political Science (Major/Minor/Honours),Bachelor of Arts,https://calendar.macewan.ca/programs/degree-programs/ba-political-science/,keep,kept_non_target_institution,default_pass_through,index_filter,
MacEwan,Political Science Minor,Minor,https://calendar.macewan.ca/programs/min-bcom-political-science/,keep,kept_non_target_institution,default_pass_through,index_filter,
MacEwan,Professional Communication (Major),Bachelor of Communication Studies,https://calendar.macewan.ca/programs/degree-programs/bcs-professional-communication/,keep,kept_non_target_institution,default_pass_through,index_filter,
MacEwan,Professional Communication Minor,Minor,https://calendar.macewan.ca/programs/min-bcs-professional-communication/,keep,kept_non_target_institution,default_pass_through,index_filter,
MacEwan,Property Management Minor,Minor,https://calendar.macewan.ca/programs/min-bcom-property-management/,keep,kept_non_target_institution,default_pass_through,index_filter,
MacEwan,Psychiatric Nursing,Bachelor of Psychiatric Nursing,https://calendar.macewan.ca/programs/degree-programs/bpn-psychiatric-nursing/,keep,kept_non_target_institution,default_pass_through,index_filter,
MacEwan,Psychology (Major/Minor/Honours),Bachelor of Arts,https://calendar.macewan.ca/programs/degree-programs/ba-psychology/,keep,kept_non_target_institution,default_pass_through,index_filter,
MacEwan,Psychology (Major/Minor/Honours),Bachelor of Science,https://calendar.macewan.ca/programs/degree-programs/bsc-psychology/,keep,kept_non_target_institution,default_pass_through,index_filter,
MacEwan,Psychology Minor,Minor,https://calendar.macewan.ca/programs/min-bcom-psychology/,keep,kept_non_target_institution,default_pass_through,index_filter,
MacEwan,Public Relations,Diploma,https://calendar.macewan.ca/programs/certificates-diplomas/public-relations/,keep,kept_non_target_institution,default_pass_through,index_filter,
MacEwan,Public Relations (Major),Bachelor of Communication Studies,https://calendar.macewan.ca/programs/degree-programs/bcs-public-relations/,keep,kept_non_target_institution,default_pass_through,index_filter,
MacEwan,Recording and Production (Major),Bachelor of Music,https://calendar.macewan.ca/programs/degree-programs/bmus-recording-production/,keep,kept_non_target_institution,default_pass_through,index_filter,
MacEwan,Social Work,Bachelor of Social Work,https://calendar.macewan.ca/programs/degree-programs/bsw-social-work/,keep,kept_non_target_institution,default_pass_through,index_filter,
MacEwan,Social Work,Diploma,https://calendar.macewan.ca/programs/certificates-diplomas/social-work/,keep,kept_non_target_institution,default_pass_through,index_filter,
MacEwan,Sociology (Major/Minor/Honours),Bachelor of Arts,https://calendar.macewan.ca/programs/degree-programs/ba-sociology/,keep,kept_non_target_institution,default_pass_through,index_filter,
MacEwan,Sociology Minor,Minor,https://calendar.macewan.ca/programs/min-bcom-sociology/,keep,kept_non_target_institution,default_pass_through,index_filter,
MacEwan,Songwriting Minor,Minor,https://calendar.macewan.ca/programs/min-bmus-songwriting/,keep,kept_non_target_institution,default_pass_through,index_filter,
MacEwan,Spanish Minor,Minor,https://calendar.macewan.ca/programs/min-babs-spanish/,keep,kept_non_target_institution,default_pass_through,index_filter,
MacEwan,Spanish Minor,Minor,https://calendar.macewan.ca/programs/min-bcom-spanish/,keep,kept_non_target_institution,default_pass_through,index_filter,
MacEwan,Speech Language Pathologist Assistant,Diploma,https://calendar.macewan.ca/programs/certificates-diplomas/speech-language-pathologist-assistant/,keep,kept_non_target_institution,default_pass_through,index_filter,
MacEwan,Statistics Minor,Minor,https://calendar.macewan.ca/programs/min-bcom-statistics/,keep,kept_non_target_institution,default_pass_through,index_filter,
MacEwan,Studio Arts (Major),Bachelor of Fine Arts,https://calendar.macewan.ca/programs/degree-programs/bfa-studio-arts/,keep,kept_non_target_institution,default_pass_through,index_filter,
MacEwan,Supply Chain Management (Major),Bachelor of Commerce,https://calendar.macewan.ca/programs/degree-programs/bcom-supply-chain-management/,keep,kept_non_target_institution,default_pass_through,index_filter,
MacEwan,Supply Chain Management Minor,Minor,https://calendar.macewan.ca/programs/min-bcom-supply-chain-management/,keep,kept_non_target_institution,default_pass_through,index_filter,
MacEwan,Sustainability Studies,Certificate of Achievement,https://calendar.macewan.ca/programs/certificates-achievement/sustainability/,keep,kept_non_target_institution,default_pass_through,index_filter,
MacEwan,Theatre Production (Major),Bachelor of Fine Arts,https://calendar.macewan.ca/programs/degree-programs/bfa-theatre-production/,keep,kept_non_target_institution,default_pass_through,index_filter,
MacEwan,Travel and Tourism,,https://calendar.macewan.ca/programs/certificates-diplomas/travel/,keep,kept_non_target_institution,default_pass_through,index_filter,
MacEwan,Urban Wellness Minor,Minor,https://calendar.macewan.ca/programs/min-babs-urban-wellness/,keep,kept_non_target_institution,default_pass_through,index_filter,
MacEwan,pimâcihisowin Foundation Program (PFP),,https://calendar.macewan.ca/programs/university-entrance/foundation-pimacihisowin/,keep,kept_non_target_institution,default_pass_through,index_filter,
NAIT,1. Application,,https://www.nait.ca/nait/schools-programs/school-of-skilled-trades/applying-for-apprenticeship-programs/step-1-complete-an-apprenticeship-application-c,drop,dropped_evidence_non_program,evidence_not_program_tokens,index_filter,['not a program page']
NAIT,2. Schedule,,https://www.nait.ca/nait/schools-programs/school-of-skilled-trades/applying-for-apprenticeship-programs/step-2-find-training-start-and-end-dates,drop,dropped_evidence_non_program,evidence_not_program_tokens,index_filter,['not a program page']
NAIT,3. Register,,https://www.nait.ca/nait/schools-programs/school-of-skilled-trades/applying-for-apprenticeship-programs/step-3-register-for-training,drop,dropped_evidence_non_program,evidence_not_program_tokens,index_filter,['not a program page']
NAIT,4. Create Account,,https://www.nait.ca/nait/schools-programs/school-of-skilled-trades/applying-for-apprenticeship-programs/step-4-create-a-mynait-portal-account,drop,dropped_evidence_non_program,evidence_not_program_tokens,index_filter,['not a program page']
NAIT,5 programs receive government funding for expansion,,https://www.nait.ca/nait/about/newsroom/2022/5-programs-receive-government-funding-for-expansio,drop,dropped_evidence_non_program,evidence_not_program_tokens,index_filter,['not a program page'] | not a program page
NAIT,5. Confirmation,,https://www.nait.ca/nait/schools-programs/school-of-skilled-trades/applying-for-apprenticeship-programs/step-5-wait-for-registration-confirmation,drop,dropped_evidence_non_program,evidence_not_program_tokens,index_filter,['not a program page']
NAIT,6. Get Set Up,,https://www.nait.ca/nait/schools-programs/school-of-skilled-trades/applying-for-apprenticeship-programs/step-6-get-set-up-on-campus,drop,dropped_evidence_non_program,evidence_not_program_tokens,index_filter,['not a program page']
NAIT,AI and Data Governance for Innovation and Impact,Certificate,https://www.nait.ca/nait/continuing-education/programs/ai-and-data-governance-certificate,drop,dropped_blocked_url,blocked_url_patterns,index_filter,['No specific admission requirements listed in the provided text.']
NAIT,AI-Driven Project Management,,https://www.nait.ca/nait/continuing-education/programs/ai-driven-project-management,drop,dropped_blocked_url,blocked_url_patterns,index_filter,['Specific admission requirements are not listed in the provided text.']
NAIT,AWS Academy Cloud,,https://www.nait.ca/nait/continuing-education/programs/computer-training-centre/aws-academy-cloud-foundations,drop,dropped_blocked_url,blocked_url_patterns,index_filter,['No specific admission requirements listed in the provided text.']
NAIT,About,,https://www.nait.ca/nait/schools-programs/jr-shaw-school-of-business/mawji-centre/about,drop,dropped_evidence_non_program,evidence_not_program_tokens,index_filter,['not a program page']
NAIT,Accomplishments,,https://www.nait.ca/nait/schools-programs/jr-shaw-school-of-business/department-of-culinary-arts-and-professional-food/nait-olympic-culinary-team/accomplishments,drop,dropped_evidence_non_program,evidence_not_program_tokens,index_filter,['not a program page']
NAIT,Advanced Healthcare Leadership,,https://www.nait.ca/nait/continuing-education/programs/advanced-healthcare-leadership,drop,dropped_blocked_url,blocked_url_patterns,index_filter,['No specific admission requirements listed in the provided text.']
NAIT,Advanced Machining Centre Programming - Milling,Course / part of Computer Numerical Control (CNC) Certificate,https://www.nait.ca/nait/continuing-education/courses/mach206-advanced-machining-centre-programming,drop,dropped_blocked_url,blocked_url_patterns,index_filter,['This is a course-level page.']
NAIT,Advanced Turning Centre Programming - Lathe,Course / part of Computer Numerical Control (CNC) Certificate,https://www.nait.ca/nait/continuing-education/courses/mach306-advanced-turning-centre-programming,drop,dropped_blocked_url,blocked_url_patterns,index_filter,['This is a course-level page.']
NAIT,After Your Student Applies,,https://www.nait.ca/nait-authorized-agents/credit-program-students/after-your-student-applies,drop,dropped_evidence_non_program,evidence_not_program_tokens,index_filter,['not a program page']
NAIT,Agentic AI Foundation,Certificate,https://www.nait.ca/nait/continuing-education/programs/agentic-ai-foundation,drop,dropped_blocked_url,blocked_url_patterns,index_filter,['Specific admission requirements are not listed in the provided text.']
NAIT,Alberta Advantage Immigration Program,,https://www.nait.ca/nait/international/immigration-visa-requirements/alberta-advantage-immigration-program,drop,dropped_evidence_non_program,evidence_not_program_tokens,index_filter,['not a program page']
NAIT,All other NAIT programs,,https://www.nait.ca/nait/admissions/applying-to-nait/entrance-requirements/english-language-proficiency/formal-assessment/all-other-nait-programs,drop,dropped_evidence_non_program,evidence_not_program_tokens,index_filter,['not a program page']
NAIT,Alumni profile: Clifton Lofthaug,,https://www.nait.ca/nait/schools-programs/school-of-applied-sciences-and-technology/beyond-the-classroom/students/alumnus-profile-clifton-lofthaug,drop,dropped_evidence_non_program,evidence_not_program_tokens,index_filter,['not a program page']
NAIT,Alumni profile: Jesse Tutt,,https://www.nait.ca/nait/schools-programs/school-of-applied-sciences-and-technology/beyond-the-classroom/students/alumni-profile-jesse-tutt,drop,dropped_evidence_non_program,evidence_not_program_tokens,index_filter,['not a program page']
NAIT,Alumni profile: Nicole Dunlop,,https://www.nait.ca/nait/schools-programs/school-of-applied-sciences-and-technology/beyond-the-classroom/students/alumnus-profile-nicole-dunlop,drop,dropped_evidence_non_program,evidence_not_program_tokens,index_filter,['not a program page']
NAIT,Animation (Area of Emphasis),,https://www.nait.ca/nait/schools-programs/school-of-applied-sciences-and-technology/walkthroughs/dmit-areas-of-emphasis/animation,drop,dropped_blocked_url,blocked_url_patterns,index_filter,"[""This is an 'area of emphasis' description for the Digital Media and IT program. No specific admission requirements listed.""]"
NAIT,Apple iOS iPhone/iPad Mobile Developer,Certificate of Achievement,https://www.nait.ca/nait/continuing-education/programs/apple-ios-iphone-ipad-mobile-developer-certificate,drop,dropped_blocked_url,blocked_url_patterns,index_filter,['Specific admission requirements are not listed in the provided text.']
NAIT,Apprentice Sponsorship,,https://www.nait.ca/nait/schools-programs/forms/apprentice-sponsorship,drop,dropped_evidence_non_program,evidence_not_program_tokens,index_filter,['not a program page']
NAIT,Apprenticeship Pathways,,https://www.nait.ca/nait/schools-programs/office-of-apprenticeship/apprenticeship-pathways,drop,dropped_evidence_non_program,evidence_not_program_tokens,index_filter,['not a program page']
NAIT,Artisanal Food Market,,https://www.nait.ca/nait/schools-programs/jr-shaw-school-of-business/department-of-culinary-arts-and-professional-food/artisanal-food-market,drop,dropped_evidence_non_program,evidence_not_program_tokens,index_filter,['not a program page']
NAIT,Bachelor of Business Administration (BBA) Co-operative Education,,https://www.nait.ca/nait/schools-programs/jr-shaw-school-of-business/experiential-learning/bachelor-of-business-administration-co-op-educatio,keep,kept_legacy_allowlist,legacy_allowlist,index_filter,['Specific high school grades are not listed in the text as it is a co-op option for current students.']
NAIT,Basic Machine Centre Programming - Milling,Course / part of Computer Numerical Control (CNC) Certificate,https://www.nait.ca/nait/continuing-education/courses/mach204-basic-machine-centre-programming,drop,dropped_blocked_url,blocked_url_patterns,index_filter,['This is a course-level page.']
NAIT,Basic Turning Centre Programming - Lathe,Course / part of Computer Numerical Control (CNC) Certificate,https://www.nait.ca/nait/continuing-education/courses/mach304-basic-turning-centre-programming,drop,dropped_blocked_url,blocked_url_patterns,index_filter,['This is a course-level page.']
NAIT,Be Future Ready Form,,https://www.nait.ca/nait/schools-programs/forms/be-future-ready-form,drop,dropped_evidence_non_program,evidence_not_program_tokens,index_filter,['not a program page']
NAIT,Become a Certified Digital Marketing Professional,,https://www.nait.ca/online-digital-marketing-program,drop,dropped_evidence_non_program,evidence_not_program_tokens,index_filter,"['not a program page', 'access error: text only contains boilerplate cookie policy']"
NAIT,Before Your Student Applies,,https://www.nait.ca/nait-authorized-agents/credit-program-students/before-your-student-applies,drop,dropped_evidence_non_program,evidence_not_program_tokens,index_filter,['not a program page']
NAIT,Blockchain Smart Contract,,https://www.nait.ca/nait/continuing-education/programs/blockchain-smart-contract,drop,dropped_blocked_url,blocked_url_patterns,index_filter,['No specific admission requirements listed in the provided text.']
NAIT,Breast Sonography,Certificate,https://www.nait.ca/nait/continuing-education/programs/breast-sonography,drop,dropped_blocked_url,blocked_url_patterns,index_filter,['Specific admission requirements like high school grades are not listed in the text.']
NAIT,Business Continuity Management Program (BCMP) Sustainment,Course / part of Business Continuity Certificate or Business Risk Management,https://www.nait.ca/nait/continuing-education/courses/cdem306-business-continuity-management-program-(bc,drop,dropped_blocked_url,blocked_url_patterns,index_filter,['This is a course-level page.']
NAIT,Business Degree and Diploma Programs,,https://www.nait.ca/schools/jrssb/programs,drop,dropped_evidence_non_program,evidence_not_program_tokens,index_filter,['not a program page']
NAIT,Business Innovation Showcase,,https://www.nait.ca/nait/business-industry/mawji-centre/events-programs/business-innovation-showcase,drop,dropped_evidence_non_program,evidence_not_program_tokens,index_filter,['not a program page']
NAIT,Business Innovation Showcase,,https://www.nait.ca/nait/schools-programs/jr-shaw-school-of-business/mawji-centre/events-programs/business-innovation-showcase,drop,dropped_evidence_non_program,evidence_not_program_tokens,index_filter,['not a program page']
NAIT,Business Risk Management,,https://www.nait.ca/nait/continuing-education/programs/business-risk-management,drop,dropped_blocked_url,blocked_url_patterns,index_filter,['No specific admission requirements listed in the provided text.']
NAIT,C/C++ Programming Language,,https://www.nait.ca/coned/c-cpp-programming-language,keep,kept_legacy_allowlist,legacy_allowlist,index_filter,"['This is a Continuing Education listing for courses (CCTP135, CCTP136).']"
NAIT,CLA: Programming Essentials in C,Course / part of C/C++ Programming Language group,https://www.nait.ca/nait/continuing-education/courses/cctp135-cla-programming-essentials-in-c,drop,dropped_blocked_url,blocked_url_patterns,index_filter,['This is a course-level page.']
NAIT,CPA: Programming Essentials in C++,Course / part of C/C++ Programming Language group,https://www.nait.ca/nait/continuing-education/courses/cctp136-cpa-programming-essentials-in-c,drop,dropped_blocked_url,blocked_url_patterns,index_filter,['This is a course-level page.']
NAIT,Canadian Registered Safety Technician (CRST),,https://www.nait.ca/nait/continuing-education/programs/canadian-registered-safety-technician,drop,dropped_blocked_url,blocked_url_patterns,index_filter,['Specific academic prerequisites are not listed in the text.']
NAIT,Career Mentorship,,https://www.nait.ca/nait/student-life/clubs-groups-community/peer-mentorship-program/career-mentorship,drop,dropped_evidence_non_program,evidence_not_program_tokens,index_filter,['not a program page']
NAIT,Ceremony Schedule by Program,,https://www.nait.ca/nait/student-life/graduation-convocation/about-the-convocation-ceremony/ceremony-schedule-by-program,drop,dropped_blocked_name,blocked_name_patterns,index_filter,
NAIT,Certified Risk Management Professional (CRMP),,https://www.nait.ca/nait/continuing-education/programs/certified-risk-management-professional,drop,dropped_blocked_url,blocked_url_patterns,index_filter,"[""The provided text refers to 'eligibility requirements' but does not list them.""]"
NAIT,Chef in Residence,,https://www.nait.ca/nait/schools-programs/jr-shaw-school-of-business/department-of-culinary-arts-and-professional-food/chef-in-residence,drop,dropped_evidence_non_program,evidence_not_program_tokens,index_filter,['not a program page']
NAIT,Choosing Your NAIT Program,,https://www.nait.ca/nait/admissions/programs/choosing-your-nait-program,drop,dropped_evidence_non_program,evidence_not_program_tokens,index_filter,['not a program page']
NAIT,Clean Energy,,https://www.nait.ca/nait/continuing-education/programs/clean-energy,drop,dropped_blocked_url,blocked_url_patterns,index_filter,['No specific admission requirements listed in the provided text.']
NAIT,Club Culinaire,,https://www.nait.ca/nait/schools-programs/jr-shaw-school-of-business/department-of-culinary-arts-and-professional-food/club-culinaire,drop,dropped_evidence_non_program,evidence_not_program_tokens,index_filter,['not a program page']
NAIT,Competitive Entrance,,https://www.nait.ca/nait/admissions/applying-to-nait/entrance-requirements/how-does-nait-evaluate-my-application/competitive-entrance-programs,drop,dropped_evidence_non_program,evidence_not_program_tokens,index_filter,['not a program page']
NAIT,Computer Software Development (Area of Emphasis),,https://www.nait.ca/nait/schools-programs/school-of-applied-sciences-and-technology/walkthroughs/dmit-areas-of-emphasis/computer-software-development,drop,dropped_blocked_url,blocked_url_patterns,index_filter,"[""This is an 'area of emphasis' description for the Digital Media and IT program. No specific admission requirements listed.""]"
NAIT,Construction Leadership and Supervision (CLS),Certificate,https://www.nait.ca/coned/construction-leadership-and-supervision-program,keep,kept_legacy_allowlist,legacy_allowlist,index_filter,['Specific admission requirements are not listed in the provided text.']
NAIT,Continuing Education Programs & Courses,,https://www.nait.ca/coned/career-programs,drop,dropped_evidence_non_program,evidence_not_program_tokens,index_filter,['not a program page']
NAIT,Continuing Education Programs & Courses,,https://www.nait.ca/continuing-education/programs-and-courses,drop,dropped_evidence_non_program,evidence_not_program_tokens,index_filter,['not a program page']
NAIT,Continuing Education Programs & Courses,,https://www.nait.ca/nait/continuing-education/programs-and-courses/business-leadership,drop,dropped_evidence_non_program,evidence_not_program_tokens,index_filter,['not a program page']
NAIT,Continuing Education Programs & Courses,,https://www.nait.ca/nait/continuing-education/programs-and-courses/construction-trades-and-manufacturing,drop,dropped_evidence_non_program,evidence_not_program_tokens,index_filter,['not a program page']
NAIT,Continuing Education Programs & Courses,,https://www.nait.ca/nait/continuing-education/programs-and-courses/energy-and-environment,drop,dropped_evidence_non_program,evidence_not_program_tokens,index_filter,['not a program page']
NAIT,Continuing Education Programs & Courses,,https://www.nait.ca/nait/continuing-education/programs-and-courses/health,drop,dropped_evidence_non_program,evidence_not_program_tokens,index_filter,['not a program page']
NAIT,Continuing Education Programs & Courses,,https://www.nait.ca/nait/continuing-education/programs-and-courses/how-to-register-for-non-credit-programs-and-course,drop,dropped_evidence_non_program,evidence_not_program_tokens,index_filter,['not a program page']
NAIT,Continuing Education Programs & Courses,,https://www.nait.ca/nait/continuing-education/programs-and-courses/productivity-and-project-management,drop,dropped_evidence_non_program,evidence_not_program_tokens,index_filter,['not a program page']
NAIT,Core Programming,,https://www.nait.ca/coned/core-programming,keep,kept_legacy_allowlist,legacy_allowlist,index_filter,['Specific admission requirements are not listed in the provided text.']
NAIT,Corporate Training Inquiry,,https://www.nait.ca/nait/continuing-education/programs-and-courses/how-to-register-for-non-credit-programs-and-course/group-registration-and-corporate-training,drop,dropped_evidence_non_program,evidence_not_program_tokens,index_filter,['not a program page']
NAIT,Credit Program Students,,https://www.nait.ca/nait-authorized-agents/credit-program-students,drop,dropped_evidence_non_program,evidence_not_program_tokens,index_filter,['not a program page']
NAIT,Culinary Arts and Professional Food Studies,,https://www.nait.ca/nait/schools-programs/jr-shaw-school-of-business/department-of-culinary-arts-and-professional-food,drop,dropped_evidence_non_program,evidence_not_program_tokens,index_filter,['not a program page']
NAIT,Culinary Programs,,https://www.nait.ca/nait/schools-programs/jr-shaw-school-of-business/department-of-culinary-arts-and-professional-food/culinary-programs,drop,dropped_evidence_non_program,evidence_not_program_tokens,index_filter,['not a program page']
NAIT,Dental and Denture Clinic,,https://www.nait.ca/nait/schools-programs/school-of-health-and-life-sciences/dental-and-denture-clinic,drop,dropped_evidence_non_program,evidence_not_program_tokens,index_filter,['not a program page']
NAIT,Digital Cinema (Area of Emphasis),,https://www.nait.ca/nait/schools-programs/school-of-applied-sciences-and-technology/walkthroughs/dmit-areas-of-emphasis/digital-cinema,drop,dropped_blocked_url,blocked_url_patterns,index_filter,"[""This is an 'area of emphasis' description for the Digital Media and IT program. No specific admission requirements listed.""]"
NAIT,Digital Marketing,Professional Certificate,https://www.nait.ca/coned/digital-marketing-program,keep,kept_legacy_allowlist,legacy_allowlist,index_filter,['Specific admission requirements are not listed in the provided text.']
NAIT,Digital Marketing Associate Tracks,,https://www.nait.ca/nait/continuing-education/programs/digital-marketing-associate-tracks,drop,dropped_blocked_url,blocked_url_patterns,index_filter,['Specific admission requirements are not listed in the provided text.']
NAIT,Digital Marketing Professional Certification,,https://www.nait.ca/nait/continuing-education/programs/digital-marketing-professional-certification,drop,dropped_blocked_url,blocked_url_patterns,index_filter,['Specific admission requirements are not listed in the provided text.']
NAIT,Digital Marketing Specialist,,https://www.nait.ca/nait/continuing-education/programs/digital-marketing-specialist,drop,dropped_blocked_url,blocked_url_patterns,index_filter,['Specific admission requirements are not listed in the provided text.']
NAIT,Driving Net Zero,,https://www.nait.ca/nait/schools-programs/school-of-health-and-life-sciences/industry-engagement/news-and-events/driving-net-zero,drop,dropped_evidence_non_program,evidence_not_program_tokens,index_filter,['not a program page']
NAIT,Drone Training,Certificate of Completion,https://www.nait.ca/nait/continuing-education/programs/drone-training-certificate,drop,dropped_blocked_url,blocked_url_patterns,index_filter,['No specific admission requirements listed in the provided text.']
NAIT,Emergency Medical Responder (EMR),,https://www.nait.ca/nait/continuing-education/forms/emr-program-completion,drop,dropped_blocked_url,blocked_url_patterns,index_filter,['This is an application form for program completion.']
NAIT,Energy Process Operator,Certificate,https://www.nait.ca/nait/continuing-education/programs/energy-process-operator,drop,dropped_blocked_url,blocked_url_patterns,index_filter,['No specific admission requirements listed in the provided text.']
NAIT,Engineering Students to Craft Rope Suspension Bridges across Whitemud Creek,,https://www.nait.ca/nait/schools-programs/school-of-applied-sciences-and-technology/beyond-the-classroom/students/engineering-students-to-craft-rope-suspension-brid,drop,dropped_evidence_non_program,evidence_not_program_tokens,index_filter,['not a program page']
NAIT,English Summer Language Program,Certificate of Completion,https://www.nait.ca/nait/marketing/english-summer-language-program,drop,dropped_evidence_non_program,evidence_not_program_tokens,index_filter,['Academic grades are not required for this program.'] | not a program page
NAIT,Entrepreneurship Blue Book Program,,https://www.nait.ca/nait/business-industry/mawji-centre/events-programs/entrepreneurial-blue-book-program,drop,dropped_evidence_non_program,evidence_not_program_tokens,index_filter,['not a program page']
NAIT,Entrepreneurship Blue Book Program,,https://www.nait.ca/nait/schools-programs/jr-shaw-school-of-business/mawji-centre/events-programs/entrepreneurial-blue-book-program,drop,dropped_blocked_url,blocked_url_patterns,index_filter,"['This is an extracurricular/mentorship program, not a standard degree admission.']"
NAIT,Entrepreneurship and Business Management,,https://www.nait.ca/nait/continuing-education/programs/entrepreneurship,drop,dropped_blocked_url,blocked_url_patterns,index_filter,['No specific admission requirements listed in the provided text.']
NAIT,"Equity, Diversity, and Inclusion",Certificate,https://www.nait.ca/nait/continuing-education/programs/equity-diversity-and-inclusion,drop,dropped_blocked_url,blocked_url_patterns,index_filter,['No specific admission requirements listed in the provided text.']
NAIT,Explore your options,,https://www.nait.ca/schools-programs/explore,drop,dropped_evidence_non_program,evidence_not_program_tokens,index_filter,['not a program page']
NAIT,FAQ - Applying to a Program at NAIT,,https://www.nait.ca/nait/contact/faq/applying-to-a-program-at-nait,drop,dropped_evidence_non_program,evidence_not_program_tokens,index_filter,['not a program page'] | not a program page
NAIT,Find a Program,,https://www.nait.ca/nait/admissions/programs,drop,dropped_evidence_non_program,evidence_not_program_tokens,index_filter,['not a program page']
NAIT,Fitness & Recreation Programs,,https://www.nait.ca/nait/student-life/health-well-being/fitness-programs,drop,dropped_evidence_non_program,evidence_not_program_tokens,index_filter,['not a program page']
NAIT,Full Stack Development Bootcamp,,https://www.nait.ca/nait/continuing-education/programs/full-stack-development,drop,dropped_blocked_url,blocked_url_patterns,index_filter,['No specific admission requirements listed in the provided text.']
NAIT,Fundamentals of Cloud Programming,Course / part of Data Engineer Certificate,https://www.nait.ca/nait/continuing-education/courses/cctb673-fundamentals-of-cloud-programming,drop,dropped_blocked_url,blocked_url_patterns,index_filter,['This is a course-level page.']
NAIT,Game Design (Area of Emphasis),,https://www.nait.ca/nait/schools-programs/school-of-applied-sciences-and-technology/walkthroughs/dmit-areas-of-emphasis/game-design,drop,dropped_blocked_url,blocked_url_patterns,index_filter,"[""This is an 'area of emphasis' description for the Digital Media and IT program. No specific admission requirements listed.""]"
NAIT,Game Programming (Area of Emphasis),,https://www.nait.ca/nait/schools-programs/school-of-applied-sciences-and-technology/walkthroughs/dmit-areas-of-emphasis/game-programming,drop,dropped_blocked_url,blocked_url_patterns,index_filter,"[""This is an 'area of emphasis' description for the Digital Media and IT program. No specific admission requirements listed.""]"
NAIT,Generative AI: From Concepts to Real-World Solution,,https://www.nait.ca/nait/continuing-education/programs/generative-ai-from-concepts-to-real-world-solutio,drop,dropped_blocked_url,blocked_url_patterns,index_filter,['Specific academic prerequisites are not listed in the text.']
NAIT,Get hands-on with NAIT programs at Open House,,https://www.nait.ca/nait/about/newsroom/2018/get-hands-on-with-nait-programs-at-open-house,drop,dropped_evidence_non_program,evidence_not_program_tokens,index_filter,['not a program page'] | not a program page
NAIT,Glossary of NAIT Terms - MyNAIT,,https://www.nait.ca/nait-authorized-agents/credit-program-students/definition-of-nait-terms,drop,dropped_evidence_non_program,evidence_not_program_tokens,index_filter,['not a program page']
NAIT,Guest Chef in Residence 2024,,https://www.nait.ca/nait/schools-programs/jr-shaw-school-of-business/department-of-culinary-arts-and-professional-food/chef-in-residence/guest-chefs-in-residence-2024,drop,dropped_evidence_non_program,evidence_not_program_tokens,index_filter,['not a program page']
NAIT,Hazard Assessment Program,,https://www.nait.ca/nait/student-life/on-campus/health-services/hazard-assessment-program,drop,dropped_evidence_non_program,evidence_not_program_tokens,index_filter,['not a program page']
NAIT,Health Science,,https://www.nait.ca/nait/admissions/applying-to-nait/entrance-requirements/english-language-proficiency/formal-assessment/most-health-science-programs,drop,dropped_evidence_non_program,evidence_not_program_tokens,index_filter,['not a program page']
NAIT,Home Inspection Training Program: Air Conditioning and Heat Pumps,Course / part of Home Inspection Certificate,https://www.nait.ca/nait/continuing-education/courses/insp204-home-inspection-training-program-air-condi,drop,dropped_blocked_url,blocked_url_patterns,index_filter,['This is a course-level page.']
NAIT,Home Inspection Training Program: Communication and Professional Practice,Course / part of Home Inspection Certificate,https://www.nait.ca/nait/continuing-education/courses/insp101-home-inspection-training-program-communica,drop,dropped_blocked_url,blocked_url_patterns,index_filter,['This is a course-level page.']
NAIT,Home Inspection Training Program: Electrical,Course / part of Home Inspection Certificate,https://www.nait.ca/nait/continuing-education/courses/insp201-home-inspection-training-program-electrica,drop,dropped_blocked_url,blocked_url_patterns,index_filter,['This is a course-level page.']
NAIT,Home Inspection Training Program: Exterior,Course / part of Home Inspection Certificate,https://www.nait.ca/nait/continuing-education/courses/insp104-home-inspection-training-program-exterior,drop,dropped_blocked_url,blocked_url_patterns,index_filter,['This is a course-level page.']
NAIT,Home Inspection Training Program: Heating I,Course / part of Home Inspection Certificate,https://www.nait.ca/nait/continuing-education/courses/insp202-home-inspection-training-program-heating-i,drop,dropped_blocked_url,blocked_url_patterns,index_filter,['This is a course-level page.']
NAIT,Home Inspection Training Program: Heating II,Course / part of Home Inspection Certificate,https://www.nait.ca/nait/continuing-education/courses/insp203-home-inspection-training-program-heating-i,drop,dropped_blocked_url,blocked_url_patterns,index_filter,['This is a course-level page.']
NAIT,Home Inspection Training Program: Insulation and Interior,Course / part of Home Inspection Certificate,https://www.nait.ca/nait/continuing-education/courses/insp103-home-inspection-training-program-insulatio,drop,dropped_blocked_url,blocked_url_patterns,index_filter,['This is a course-level page.']
NAIT,Home Inspection Training Program: Plumbing,Course / part of Home Inspection Certificate,https://www.nait.ca/nait/continuing-education/courses/insp205-home-inspection-training-program-plumbing,drop,dropped_blocked_url,blocked_url_patterns,index_filter,['This is a course-level page.']
NAIT,Home Inspection Training Program: Roofing,Course / part of Home Inspection Certificate,https://www.nait.ca/nait/continuing-education/courses/insp105-home-inspection-training-program-roofing,drop,dropped_blocked_url,blocked_url_patterns,index_filter,['This is a course-level page.']
NAIT,Home Inspection Training Program: Structure,Course / part of Home Inspection Certificate,https://www.nait.ca/nait/continuing-education/courses/insp102-home-inspection-training-program-structure,drop,dropped_blocked_url,blocked_url_patterns,index_filter,['This is a course-level page.']
NAIT,Homeschool Students Form,,https://www.nait.ca/nait/schools-programs/forms/homeschool-students-form,drop,dropped_evidence_non_program,evidence_not_program_tokens,index_filter,['not a program page']
NAIT,How To Apply,,https://www.nait.ca/nait-authorized-agents/credit-program-students/how-to-apply,drop,dropped_evidence_non_program,evidence_not_program_tokens,index_filter,['not a program page']
NAIT,ICON Student Managed Investment Fund,,https://www.nait.ca/nait/schools-programs/jr-shaw-school-of-business/experiential-learning/icon-student-managed-investment-fund,keep,kept_legacy_allowlist,legacy_allowlist,index_filter,"['This is a student club/fund, not a standard degree program entry.']"
NAIT,IGNITE Program,,https://www.nait.ca/nait/student-life/clubs-groups-community/nisohkamatotan-centre/the-prospective-aboriginal-youth-program,keep,kept_legacy_allowlist,legacy_allowlist,index_filter,"['This is an engagement/orientation program, not a credit-granting academic program.']"
NAIT,IT Business Analysis (Area of Emphasis),,https://www.nait.ca/nait/schools-programs/school-of-applied-sciences-and-technology/walkthroughs/dmit-areas-of-emphasis/it-business-analysis,drop,dropped_blocked_url,blocked_url_patterns,index_filter,"[""This is an 'area of emphasis' description for the Digital Media and IT program. No specific admission requirements listed.""]"
NAIT,IT System Administration (Area of Emphasis),,https://www.nait.ca/nait/schools-programs/school-of-applied-sciences-and-technology/walkthroughs/dmit-areas-of-emphasis/it-system-administration,drop,dropped_blocked_url,blocked_url_patterns,index_filter,"[""This is an 'area of emphasis' description for the Digital Media and IT program. No specific admission requirements listed.""]"
NAIT,Implementing a Crisis Management Program,Course / part of Advanced Healthcare Leadership or Crisis Management Essentials Certificate,https://www.nait.ca/nait/continuing-education/courses/cdem605-implementing-a-crisis-management-program,drop,dropped_blocked_url,blocked_url_patterns,index_filter,['This is a course-level page.']
NAIT,Industry Engagement,,https://www.nait.ca/nait/schools-programs/office-of-apprenticeship/industry-engagement,drop,dropped_evidence_non_program,evidence_not_program_tokens,index_filter,['not a program page']
NAIT,Industry Engagement,,https://www.nait.ca/nait/schools-programs/school-of-construction-and-building-sciences/industry-engagement,drop,dropped_evidence_non_program,evidence_not_program_tokens,index_filter,['not a program page']
NAIT,Industry Engagement,,https://www.nait.ca/nait/schools-programs/school-of-energy-and-natural-resources/industry-engagement,drop,dropped_evidence_non_program,evidence_not_program_tokens,index_filter,['not a program page']
NAIT,Industry Engagement,,https://www.nait.ca/nait/schools-programs/school-of-health-and-life-sciences/industry-engagement,drop,dropped_evidence_non_program,evidence_not_program_tokens,index_filter,['not a program page']
NAIT,Industry Engagement,,https://www.nait.ca/nait/schools-programs/school-of-manufacturing-automation/industry-engagement,drop,dropped_evidence_non_program,evidence_not_program_tokens,index_filter,['not a program page']
NAIT,Industry Engagement,,https://www.nait.ca/nait/schools-programs/school-of-media-and-information-technology/industry-engagement,drop,dropped_evidence_non_program,evidence_not_program_tokens,index_filter,['not a program page']
NAIT,Industry Engagement,,https://www.nait.ca/nait/schools-programs/school-of-transportation/industry-engagement,drop,dropped_evidence_non_program,evidence_not_program_tokens,index_filter,['not a program page']
NAIT,Innovation Challenge,,https://www.nait.ca/nait/business-industry/mawji-centre/events-programs/innovation-challenge,drop,dropped_evidence_non_program,evidence_not_program_tokens,index_filter,['not a program page']
NAIT,Innovation Challenge,,https://www.nait.ca/nait/schools-programs/jr-shaw-school-of-business/mawji-centre/events-programs/innovation-challenge,drop,dropped_evidence_non_program,evidence_not_program_tokens,index_filter,['not a program page']
NAIT,Interior Design Business Tools,,https://www.nait.ca/nait/continuing-education/programs/interior-design-entrepreneurship,drop,dropped_blocked_url,blocked_url_patterns,index_filter,['No specific admission requirements listed in the provided text.']
NAIT,Intermediate Machine Centre Programming - Milling,Course / part of Computer Numerical Control (CNC) Certificate,https://www.nait.ca/nait/continuing-education/courses/mach205-intermediate-machine-centre-programming,drop,dropped_blocked_url,blocked_url_patterns,index_filter,['This is a course-level page.']
NAIT,Intermediate Turning Centre Programming - Lathe,Course / part of Computer Numerical Control (CNC) Certificate,https://www.nait.ca/nait/continuing-education/courses/mach305-intermediate-turning-centre-programming,drop,dropped_blocked_url,blocked_url_patterns,index_filter,['This is a course-level page.']
NAIT,International Peer Group,,https://www.nait.ca/nait/student-life/clubs-groups-community/peer-mentorship-program/international-peer-mentors,drop,dropped_evidence_non_program,evidence_not_program_tokens,index_filter,['not a program page']
NAIT,International Society of Automation Courses,,https://www.nait.ca/nait/continuing-education/programs/international-society-of-automation,drop,dropped_blocked_url,blocked_url_patterns,index_filter,['No specific admission requirements listed in the provided text.']
NAIT,International Student Program Changes,,https://www.nait.ca/nait/international/immigration-visa-requirements/international-student-program-changes,drop,dropped_evidence_non_program,evidence_not_program_tokens,index_filter,['not a program page']
NAIT,Interprofessional Education,,https://www.nait.ca/nait/schools-programs/school-of-health-and-life-sciences/interprofessional-education,drop,dropped_evidence_non_program,evidence_not_program_tokens,index_filter,['not a program page']
NAIT,Introduction to CNC Programming,"Course / part of Industrial Automation and Controls or Robotics, Automation and Control Certificate",https://www.nait.ca/nait/continuing-education/courses/iacc106-introduction-to-cnc-programming,drop,dropped_blocked_url,blocked_url_patterns,index_filter,['This is a course-level page.']
NAIT,Introduction to Programming,Course / part of Core Programming or Python Developer,https://www.nait.ca/nait/continuing-education/courses/cctp10-introduction-to-programming,drop,dropped_blocked_url,blocked_url_patterns,index_filter,['This is a course-level page.']
NAIT,Introduction to Reforestation,Certificate,https://www.nait.ca/nait/continuing-education/programs/introduction-to-reforestation,drop,dropped_blocked_url,blocked_url_patterns,index_filter,['No specific admission requirements listed in the provided text.']
NAIT,JR Shaw,,https://www.nait.ca/nait/schools-programs/jr-shaw-school-of-business-old/jrssb-news-and-events/jr-shaw,drop,dropped_evidence_non_program,evidence_not_program_tokens,index_filter,['not a program page']
NAIT,JR Shaw School of Business,,https://www.nait.ca/nait/schools-programs/jr-shaw-school-of-business,drop,dropped_evidence_non_program,evidence_not_program_tokens,index_filter,['not a program page']
NAIT,"JR Shaw School of Business Info Session - June 27, 2023",,https://www.nait.ca/nait/schools-programs/forms/nait-campus-tours-registration-june-23-2023-(1),drop,dropped_evidence_non_program,evidence_not_program_tokens,index_filter,['not a program page']
NAIT,Jill of All Trades,,https://www.nait.ca/nait/schools-programs/office-of-apprenticeship/jill-of-all-trades,drop,dropped_evidence_non_program,evidence_not_program_tokens,index_filter,['not a program page']
NAIT,Join the ICON team,,https://www.nait.ca/nait/schools-programs/jr-shaw-school-of-business/experiential-learning/icon-student-managed-investment-fund/icon-club-contact-form,drop,dropped_evidence_non_program,evidence_not_program_tokens,index_filter,['not a program page']
NAIT,Logo Design and Visual Identity,Certificate,https://www.nait.ca/nait/continuing-education/programs/logo-design,drop,dropped_blocked_url,blocked_url_patterns,index_filter,['No specific admission requirements listed in the provided text.']
NAIT,Machine Learning and Artificial Intelligence Bootcamp,,https://www.nait.ca/nait/continuing-education/programs/machine-learning-and-artificial-intelligence,drop,dropped_blocked_url,blocked_url_patterns,index_filter,['No specific admission requirements listed in the provided text.']
NAIT,Mastering Power BI,Certificate,https://www.nait.ca/nait/continuing-education/programs/mastering-power-bi,drop,dropped_blocked_url,blocked_url_patterns,index_filter,['Specific academic prerequisites are not listed in the text.']
NAIT,Materials Testing Labs,,https://www.nait.ca/nait/schools-programs/school-of-applied-sciences-and-technology/beyond-the-classroom/locations/materials-testing-labs,drop,dropped_evidence_non_program,evidence_not_program_tokens,index_filter,['not a program page']
NAIT,Mature Student Form,,https://www.nait.ca/nait/schools-programs/forms/mature-student-form,drop,dropped_evidence_non_program,evidence_not_program_tokens,index_filter,['not a program page']
NAIT,Mawji Centre for New Venture and Student Entrepreneurship,,https://www.nait.ca/nait/schools-programs/jr-shaw-school-of-business/mawji-centre,drop,dropped_evidence_non_program,evidence_not_program_tokens,index_filter,['not a program page']
NAIT,Mawji Centre for New Venture and Student Entrepreneurship,,https://www.nait.ca/nait/schools-programs/school-of-health-and-life-sciences/industry-engagement/news-and-events/entrepreneurship,drop,dropped_evidence_non_program,evidence_not_program_tokens,index_filter,['not a program page']
NAIT,Mawji Student Ambassador Program,,https://www.nait.ca/nait/business-industry/mawji-centre/events-programs/student-ambassador-program,drop,dropped_evidence_non_program,evidence_not_program_tokens,index_filter,['not a program page']
NAIT,Mental Health and Well-Being,,https://www.nait.ca/nait/continuing-education/programs/mental-health-and-well-being,drop,dropped_blocked_url,blocked_url_patterns,index_filter,['No specific admission requirements listed in the provided text.']
NAIT,Mentorship,,https://www.nait.ca/nait/schools-programs/jr-shaw-school-of-business/mawji-centre/mentorship,drop,dropped_evidence_non_program,evidence_not_program_tokens,index_filter,['not a program page']
NAIT,Mentorship at NAIT,,https://www.nait.ca/nait/student-life/clubs-groups-community/peer-mentorship-program,drop,dropped_evidence_non_program,evidence_not_program_tokens,index_filter,['not a program page']
NAIT,Microsoft Full-Stack Web Developer,Certificate,https://www.nait.ca/nait/continuing-education/programs/microsoft-full-stack-web-developer-certificate,drop,dropped_blocked_url,blocked_url_patterns,index_filter,['No specific admission requirements listed in the provided text.']
NAIT,Microsoft Power Platform,Certificate,https://www.nait.ca/nait/continuing-education/programs/microsoft-power-platform-certification,drop,dropped_blocked_url,blocked_url_patterns,index_filter,['No specific admission requirements listed in the provided text.']
NAIT,NAIT Apprenticeship Form,,https://www.nait.ca/nait/schools-programs/forms/nait-apprenticeship-form,drop,dropped_evidence_non_program,evidence_not_program_tokens,index_filter,['not a program page']
NAIT,NAIT Bakes,,https://www.nait.ca/nait/schools-programs/jr-shaw-school-of-business/department-of-culinary-arts-and-professional-food/nait-bakes,drop,dropped_evidence_non_program,evidence_not_program_tokens,index_filter,['not a program page']
NAIT,NAIT Code Word Form,,https://www.nait.ca/nait/schools-programs/forms/nait-code-word-form,drop,dropped_evidence_non_program,evidence_not_program_tokens,index_filter,['not a program page']
NAIT,NAIT Hiring Fair,,https://www.nait.ca/nait/schools-programs/school-of-health-and-life-sciences/industry-engagement/news-and-events/nait-hiring-career-fair,drop,dropped_evidence_non_program,evidence_not_program_tokens,index_filter,['not a program page']
NAIT,NAIT International Culinary Exchange,,https://www.nait.ca/nait/schools-programs/jr-shaw-school-of-business/department-of-culinary-arts-and-professional-food/nait-international-culinary-exchange,drop,dropped_evidence_non_program,evidence_not_program_tokens,index_filter,['not a program page']
NAIT,NAIT International Sign Up,,https://www.nait.ca/nait/schools-programs/forms/nait-international-sign-up,drop,dropped_evidence_non_program,evidence_not_program_tokens,index_filter,['not a program page']
NAIT,NAIT Jill of all Trades Registration,,https://www.nait.ca/nait/schools-programs/forms/nait-jill-of-all-trades-registration,drop,dropped_evidence_non_program,evidence_not_program_tokens,index_filter,['not a program page']
NAIT,NAIT Launches Engagement Phase for Paused Programs,,https://www.nait.ca/nait/about/newsroom/2025/nait-launches-engagement-phase-for-paused-programs,drop,dropped_evidence_non_program,evidence_not_program_tokens,index_filter,['not a program page'] | not a program page
NAIT,NAIT Next In Trades Registration,,https://www.nait.ca/nait/schools-programs/forms/nait-next-in-trades-registration,drop,dropped_evidence_non_program,evidence_not_program_tokens,index_filter,['not a program page']
NAIT,NAIT Olympic Culinary Team,,https://www.nait.ca/nait/schools-programs/jr-shaw-school-of-business/department-of-culinary-arts-and-professional-food/nait-olympic-culinary-team,drop,dropped_evidence_non_program,evidence_not_program_tokens,index_filter,['not a program page']
NAIT,NAIT Open House Contest,,https://www.nait.ca/nait/schools-programs/forms/nait-open-house-contest,drop,dropped_evidence_non_program,evidence_not_program_tokens,index_filter,['not a program page']
NAIT,NAIT Work-Integrated Learning Project Chosen as One of 13 BHER-CEWIL Grant Initiative Recipients,,https://www.nait.ca/nait/schools-programs/jr-shaw-school-of-business-old/jrssb-news-and-events/nait-work-integrated-learning-project-chosen-as-on,drop,dropped_evidence_non_program,evidence_not_program_tokens,index_filter,['not a program page']
NAIT,NAIT joins program launch to help students from the Philippines study in Canada,,https://www.nait.ca/nait/about/newsroom/2017/nait-joins-program-launch-to-help-students-from-th,drop,dropped_evidence_non_program,evidence_not_program_tokens,index_filter,['not a program page'] | not a program page
NAIT,NAIT launches 5 new programs,,https://www.nait.ca/nait/about/newsroom/2024/nait-launches-5-new-programs,drop,dropped_evidence_non_program,evidence_not_program_tokens,index_filter,['not a program page'] | not a program page
NAIT,NAIT reviews programs for future growth and innovation,,https://www.nait.ca/nait/about/newsroom/2025/nait-reviews-programs-for-future-growth-and-innova,drop,dropped_evidence_non_program,evidence_not_program_tokens,index_filter,['not a program page'] | not a program page
NAIT,NAIT shifts to online lecture and theory program delivery until at least Jan. 21,,https://www.nait.ca/nait/about/newsroom/2021/nait-shifts-to-online-lecture-and-theory-program-d,drop,dropped_evidence_non_program,evidence_not_program_tokens,index_filter,['not a program page'] | not a program page
NAIT,NAIT’s JR Shaw School of Business launches Accountant-in-Residence program,,https://www.nait.ca/nait/schools-programs/jr-shaw-school-of-business/experiential-learning/promos/nait-s-jr-shaw-school-of-business-launches-account,drop,dropped_evidence_non_program,evidence_not_program_tokens,index_filter,['not a program page']
NAIT,National Payroll Institute Designation Programs,PCP and PLP designations,https://www.nait.ca/coned/national-payroll-institute-program,keep,kept_legacy_allowlist,legacy_allowlist,index_filter,['Specific admission requirements like high school grades are not listed in the provided text.']
NAIT,Network Security,Certificate,https://www.nait.ca/nait/continuing-education/programs/network-security-certificate,drop,dropped_blocked_url,blocked_url_patterns,index_filter,['No specific admission requirements listed in the provided text.']
NAIT,"New NAIT program to bring more women-identifying individuals to construction, energy and manufacturi",,https://www.nait.ca/nait/about/newsroom/2024/new-nait-program-to-bring-more-women-identifying-i,drop,dropped_evidence_non_program,evidence_not_program_tokens,index_filter,['not a program page'] | not a program page
NAIT,New drill rig operator program launched at NAIT,,https://www.nait.ca/nait/about/newsroom/2017/new-drill-rig-operator-program-launched-at-nait,drop,dropped_evidence_non_program,evidence_not_program_tokens,index_filter,['not a program page'] | not a program page
NAIT,New pilot program aims to fast-track medical device innovation,,https://www.nait.ca/nait/about/newsroom/2025/new-pilot-program-aims-to-fast-track-medical-devic,drop,dropped_evidence_non_program,evidence_not_program_tokens,index_filter,['not a program page'] | not a program page
NAIT,Newcomers & International Student Form,,https://www.nait.ca/nait/schools-programs/forms/newcomers-international-student-form,drop,dropped_evidence_non_program,evidence_not_program_tokens,index_filter,['not a program page']
NAIT,Next in Trades,,https://www.nait.ca/nait/schools-programs/office-of-apprenticeship/next-in-trades,drop,dropped_evidence_non_program,evidence_not_program_tokens,index_filter,['not a program page']
NAIT,Next in Trades,,https://www.nait.ca/nait/schools-programs/school-of-construction-and-building-sciences/news-stories-events/next-in-trades,drop,dropped_evidence_non_program,evidence_not_program_tokens,index_filter,['not a program page']
NAIT,Next in Trades,,https://www.nait.ca/nait/schools-programs/school-of-manufacturing-automation/news-stories-events/next-in-trades,drop,dropped_evidence_non_program,evidence_not_program_tokens,index_filter,['not a program page']
NAIT,Nokia Bell Labs 5G Certification,,https://www.nait.ca/nait/corporate-continuing-education/programs/nokia-bell-labs-5g-certification,keep,kept_legacy_allowlist,legacy_allowlist,index_filter,['No specific admission requirements listed in the provided text.']
NAIT,Office of Apprenticeship,,https://www.nait.ca/nait/schools-programs/office-of-apprenticeship,drop,dropped_evidence_non_program,evidence_not_program_tokens,index_filter,['not a program page']
NAIT,Online Professional Development,,https://www.nait.ca/nait/continuing-education/programs-and-courses/online-professional-development,drop,dropped_evidence_non_program,evidence_not_program_tokens,index_filter,['not a program page']
NAIT,Open House,,https://www.nait.ca/nait/schools-programs/jr-shaw-school-of-business/news-stories-events/open-house,drop,dropped_evidence_non_program,evidence_not_program_tokens,index_filter,['not a program page']
NAIT,Open House,,https://www.nait.ca/nait/schools-programs/school-of-energy-and-natural-resources/news-stories-events/open-house,drop,dropped_evidence_non_program,evidence_not_program_tokens,index_filter,['not a program page']
NAIT,Open House,,https://www.nait.ca/nait/schools-programs/school-of-health-and-life-sciences/news-stories-events/open-house-(1),drop,dropped_evidence_non_program,evidence_not_program_tokens,index_filter,['not a program page']
NAIT,Open House,,https://www.nait.ca/nait/schools-programs/school-of-media-and-information-technology/news-stories-events/open-house,drop,dropped_evidence_non_program,evidence_not_program_tokens,index_filter,['not a program page']
NAIT,Open Studies Pathway (School of Health and Life Sciences),,https://www.nait.ca/nait/schools-programs/school-of-health-and-life-sciences/open-studies-pathway,keep,kept_legacy_allowlist,legacy_allowlist,index_filter,"[""This page describes a specific internal pathway, not a standalone program's general requirements.""]"
NAIT,Outreach and Well-being Leaders (OWLs) Program,,https://www.nait.ca/nait/student-life/clubs-groups-community/outreach-and-well-being-leaders-program,keep,kept_legacy_allowlist,legacy_allowlist,index_filter,"['This is a student employment/leadership program, not an academic admission program.']"
NAIT,Outreach and Well-being Leaders Engagement Team (OWLET),,https://www.nait.ca/nait/student-life/clubs-groups-community/outreach-and-well-being-leaders-program/outreach-and-well-being-leaders-engagement-team,keep,kept_legacy_allowlist,legacy_allowlist,index_filter,"['This is a student volunteer program, not an academic admission program.']"
NAIT,Paramedicine Training at NAIT,,https://www.nait.ca/paramedic-programs,drop,dropped_evidence_non_program,evidence_not_program_tokens,index_filter,"['not a program page', 'access error: text only contains boilerplate cookie policy']"
NAIT,Patient partners,,https://www.nait.ca/nait/schools-programs/school-of-health-and-life-sciences/interprofessional-education/patient-partners,drop,dropped_evidence_non_program,evidence_not_program_tokens,index_filter,['not a program page']
NAIT,Payroll Professional Program,Course / part of National Payroll Institute Designation Programs,https://www.nait.ca/nait/continuing-education/courses/cpay500-payroll-professional-program,drop,dropped_blocked_url,blocked_url_patterns,index_filter,['This is a course-level page.']
NAIT,Peer Mentorship,,https://www.nait.ca/nait/student-life/clubs-groups-community/peer-mentorship-program/peer-mentorship,drop,dropped_evidence_non_program,evidence_not_program_tokens,index_filter,['not a program page']
NAIT,Pitch it to Me,,https://www.nait.ca/nait/business-industry/mawji-centre/events-programs/pitch-it-to-me,drop,dropped_evidence_non_program,evidence_not_program_tokens,index_filter,['not a program page']
NAIT,Pitch it to Me,,https://www.nait.ca/nait/schools-programs/jr-shaw-school-of-business/mawji-centre/events-programs/pitch-it-to-me,drop,dropped_evidence_non_program,evidence_not_program_tokens,index_filter,['not a program page']
NAIT,Point-of-Care Ultrasound (POCUS),,https://www.nait.ca/nait/continuing-education/programs/point-of-care-ultrasound-(pocus),drop,dropped_blocked_url,blocked_url_patterns,index_filter,['Specific courses or grades are not listed.']
NAIT,Power Platform for SharePoint Online Owners,Certificate,https://www.nait.ca/nait/continuing-education/programs/computer-training-centre/power-platform-for-sharepoint-online-owners,drop,dropped_blocked_url,blocked_url_patterns,index_filter,['Specific academic credentials are not listed in the text.']
NAIT,Pre-Apprenticeship Courses,,https://www.nait.ca/nait/continuing-education/programs/pre-apprenticeship-courses,drop,dropped_blocked_url,blocked_url_patterns,index_filter,['Specific high school course requirements are not detailed in the text.']
NAIT,Professional Development for Real Estate Professionals,,https://www.nait.ca/nait/continuing-education/programs/real-estate-professional-development,drop,dropped_blocked_url,blocked_url_patterns,index_filter,['No specific admission requirements listed in the provided text.']
NAIT,Program Availability,,https://www.nait.ca/nait/admissions/programs/program-availability-domestic,drop,dropped_evidence_non_program,evidence_not_program_tokens,index_filter,['not a program page']
NAIT,Program Availability,,https://www.nait.ca/nait/admissions/programs/program-availability-international,drop,dropped_evidence_non_program,evidence_not_program_tokens,index_filter,['not a program page']
NAIT,Program Preview Registration - School of Health & Life Sciences,,https://www.nait.ca/nait/schools-programs/forms/program-preview-registration-school-of-health-life,drop,dropped_evidence_non_program,evidence_not_program_tokens,index_filter,['not a program page']
NAIT,Program Preview Registration - School of Skilled Trades,,https://www.nait.ca/nait/schools-programs/forms/program-preview-registration-sst,drop,dropped_evidence_non_program,evidence_not_program_tokens,index_filter,['not a program page']
NAIT,Program Previews,,https://www.nait.ca/nait/admissions/tours-events-and-info-sessions/program-previews,drop,dropped_evidence_non_program,evidence_not_program_tokens,index_filter,['not a program page']
NAIT,Programmable Logic Controller Level I,Certificate of Achievement,https://www.nait.ca/coned/programmable-logic-controller,keep,kept_legacy_allowlist,legacy_allowlist,index_filter,['Specific admission requirements are not listed in the provided text.']
NAIT,Programmable Logic Controller Level II,Certificate of Achievement,https://www.nait.ca/coned/programmable-logic-controller-ii,keep,kept_legacy_allowlist,legacy_allowlist,index_filter,['Specific admission requirements are not listed in the provided text.']
NAIT,Programming Python Web Applications,Course / part of Core Programming or Python Developer,https://www.nait.ca/nait/continuing-education/courses/cctp21-programming-python-web-applications,drop,dropped_blocked_url,blocked_url_patterns,index_filter,['This is a course-level page.']
NAIT,Programs,,https://www.nait.ca/nait/schools-programs/school-of-construction-and-building-sciences/programs,drop,dropped_evidence_non_program,evidence_not_program_tokens,index_filter,['not a program page']
NAIT,Programs,,https://www.nait.ca/nait/schools-programs/school-of-energy-and-natural-resources/programs,drop,dropped_evidence_non_program,evidence_not_program_tokens,index_filter,['not a program page']
NAIT,Programs,,https://www.nait.ca/nait/schools-programs/school-of-health-and-life-sciences/programs,drop,dropped_evidence_non_program,evidence_not_program_tokens,index_filter,['not a program page']
NAIT,Programs,,https://www.nait.ca/nait/schools-programs/school-of-manufacturing-automation/programs,drop,dropped_evidence_non_program,evidence_not_program_tokens,index_filter,['not a program page']
NAIT,Programs,,https://www.nait.ca/nait/schools-programs/school-of-media-and-information-technology/programs,drop,dropped_evidence_non_program,evidence_not_program_tokens,index_filter,['not a program page']
NAIT,Programs,,https://www.nait.ca/nait/schools-programs/school-of-transportation/programs,drop,dropped_evidence_non_program,evidence_not_program_tokens,index_filter,['not a program page']
NAIT,Python Developer,Certificate,https://www.nait.ca/nait/continuing-education/programs/python-developer,drop,dropped_blocked_url,blocked_url_patterns,index_filter,['No specific admission requirements listed in the provided text.']
NAIT,Quality Management Referral Form,,https://www.nait.ca/nait/continuing-education/forms/quality-management-program-registration,drop,dropped_evidence_non_program,evidence_not_program_tokens,index_filter,['not a program page']
NAIT,Quantum for Engineers,Certificate,https://www.nait.ca/nait/continuing-education/programs/quantum-for-engineers,drop,dropped_blocked_url,blocked_url_patterns,index_filter,['No specific admission requirements listed in the provided text.']
NAIT,Quantum for Executives,Certificate,https://www.nait.ca/nait/continuing-education/programs/quantum-for-executives,drop,dropped_blocked_url,blocked_url_patterns,index_filter,['No specific admission requirements listed in the provided text.']
NAIT,Questions,,https://www.nait.ca/nait/schools-programs/school-of-skilled-trades/applying-for-apprenticeship-programs/questions-about-the-application-process,drop,dropped_evidence_non_program,evidence_not_program_tokens,index_filter,['not a program page']
NAIT,QuickBooks Online Accounting,Certificate,https://www.nait.ca/nait/continuing-education/programs/computer-training-centre/quickbooks-online-accounting,drop,dropped_blocked_url,blocked_url_patterns,index_filter,['No specific admission requirements like high school grades are listed in the text.']
NAIT,Real Estate Licensing Alberta,,https://www.nait.ca/nait/continuing-education/programs/real-estate-licensing-alberta-(rela),drop,dropped_blocked_url,blocked_url_patterns,index_filter,['Specific academic grades are not listed in the text.']
NAIT,Risk Management for Cybersecurity,,https://www.nait.ca/nait/continuing-education/programs/risk-management-for-cybersecurity,drop,dropped_blocked_url,blocked_url_patterns,index_filter,['No specific admission requirements listed in the provided text.']
NAIT,Risk Management in Project & Quality Management,,https://www.nait.ca/nait/continuing-education/programs/risk-management-in-project-quality-management,drop,dropped_blocked_url,blocked_url_patterns,index_filter,['No specific admission requirements listed in the provided text.']
NAIT,School of Construction and Building Sciences,,https://www.nait.ca/schools-programs/school-of-construction-and-building-sciences,drop,dropped_evidence_non_program,evidence_not_program_tokens,index_filter,['not a program page']
NAIT,School of Energy and Natural Resources,,https://www.nait.ca/schools-programs/school-of-energy-and-natural-resources,drop,dropped_evidence_non_program,evidence_not_program_tokens,index_filter,['not a program page']
NAIT,School of Health and Life Sciences,,https://www.nait.ca/schools-programs/school-of-health-and-life-sciences,drop,dropped_evidence_non_program,evidence_not_program_tokens,index_filter,['not a program page']
NAIT,School of Manufacturing and Automation,,https://www.nait.ca/schools-programs/school-of-manufacturing-and-automation,drop,dropped_evidence_non_program,evidence_not_program_tokens,index_filter,['not a program page']
NAIT,School of Media and Information Technology,,https://www.nait.ca/schools-programs/school-of-media-and-information-technology,drop,dropped_evidence_non_program,evidence_not_program_tokens,index_filter,['not a program page']
NAIT,School of Transportation,,https://www.nait.ca/nait/schools-programs/school-of-transportation,drop,dropped_evidence_non_program,evidence_not_program_tokens,index_filter,['not a program page']
NAIT,Schools & Programs,,https://www.nait.ca/nait/schools-programs,drop,dropped_evidence_non_program,evidence_not_program_tokens,index_filter,['not a program page']
NAIT,Search for Programs,,https://www.nait.ca/nait/schools-programs/office-of-apprenticeship/apprenticeship-programs,drop,dropped_evidence_non_program,evidence_not_program_tokens,index_filter,['not a program page']
NAIT,Search for Programs,,https://www.nait.ca/programs,drop,dropped_evidence_non_program,evidence_not_program_tokens,index_filter,['not a program page']
NAIT,Siemens Digital Fundamentals and Programmable Logic Controllers,Course,https://www.nait.ca/nait/continuing-education/courses/smec140-siemens-digital-fundamentals-and-programma,drop,dropped_blocked_url,blocked_url_patterns,index_filter,['This is a course-level page.']
NAIT,Skilled Trades Diploma and Certificate Programs,,https://www.nait.ca/nait/schools-programs/school-of-skilled-trades/programs/trades-diplomas-certificates,drop,dropped_evidence_non_program,evidence_not_program_tokens,index_filter,['not a program page']
NAIT,Skills Alberta Contact Form,,https://www.nait.ca/nait/schools-programs/forms/skills-alberta-contact-form,drop,dropped_evidence_non_program,evidence_not_program_tokens,index_filter,['not a program page']
NAIT,Software Testing Associate,Certificate,https://www.nait.ca/nait/continuing-education/programs/computer-training-centre/software-testing-associate-certificate,drop,dropped_blocked_url,blocked_url_patterns,index_filter,['No specific admission requirements listed in the provided text.']
NAIT,"Solar panels shine despite winter's blast, NAIT study finds",,https://www.nait.ca/nait/schools-programs/school-of-applied-sciences-and-technology/beyond-the-classroom/news/solar-panels-shine-despite-winters-blast-nait-st,drop,dropped_evidence_non_program,evidence_not_program_tokens,index_filter,['not a program page'] | not a program page
NAIT,Sponsoring & Hiring Apprentices,,https://www.nait.ca/nait/schools-programs/office-of-apprenticeship/industry-engagement/sponsoring-hiring-apprentices,drop,dropped_evidence_non_program,evidence_not_program_tokens,index_filter,['not a program page']
NAIT,Student Case Competition Highlights 2017/18,,https://www.nait.ca/nait/schools-programs/jr-shaw-school-of-business-old/jrssb-news-and-events/jrssb-student-case-competition-highlights-2017-18,drop,dropped_evidence_non_program,evidence_not_program_tokens,index_filter,['not a program page']
NAIT,Student Promotional Awards 2018,,https://www.nait.ca/nait/schools-programs/jr-shaw-school-of-business-old/jrssb-news-and-events/student-promotional-awards-2018,drop,dropped_evidence_non_program,evidence_not_program_tokens,index_filter,['not a program page']
NAIT,Student Promotional Awards 2019,,https://www.nait.ca/nait/schools-programs/jr-shaw-school-of-business-old/jrssb-news-and-events/student-promotional-awards-2019,drop,dropped_evidence_non_program,evidence_not_program_tokens,index_filter,['not a program page']
NAIT,Student Success,,https://www.nait.ca/nait/schools-programs/jr-shaw-school-of-business/mawji-centre/student-success,drop,dropped_evidence_non_program,evidence_not_program_tokens,index_filter,['not a program page']
NAIT,Students receive industry recognition and job placement for project,,https://www.nait.ca/nait/schools-programs/jr-shaw-school-of-business-old/jrssb-news-and-events/students-receive-industry-recognition-and-job-plac,drop,dropped_evidence_non_program,evidence_not_program_tokens,index_filter,['not a program page']
NAIT,Summer Programs,,https://www.nait.ca/nait/international/global-learning/study-abroad-opportunities/summer-programs,drop,dropped_evidence_non_program,evidence_not_program_tokens,index_filter,['not a program page']
NAIT,Supply Chain Management,,https://www.nait.ca/nait/continuing-education/programs/supply-chain-management,drop,dropped_blocked_url,blocked_url_patterns,index_filter,['No specific admission requirements listed in the provided text.']
NAIT,Technical Drawing and Interpretation,,https://www.nait.ca/nait/continuing-education/programs/technical-drawing-and-interpretation-courses,drop,dropped_blocked_url,blocked_url_patterns,index_filter,['No specific admission requirements listed in the provided text.']
NAIT,Tips for Mature Students,,https://www.nait.ca/nait/admissions/programs/mature-students,drop,dropped_evidence_non_program,evidence_not_program_tokens,index_filter,['not a program page']
NAIT,Unique “Queers and Peers Mentorship” program celebrates 3 years at NAIT,,https://www.nait.ca/nait/about/newsroom/2024/unique-queers-and-peers-mentorship-program-celebra,drop,dropped_evidence_non_program,evidence_not_program_tokens,index_filter,['not a program page'] | not a program page
NAIT,Unlocking the Power of AI: Practical Insights,Certificate of Completion,https://www.nait.ca/nait/continuing-education/programs/unlocking-the-power-of-ai-practical-insights,drop,dropped_blocked_url,blocked_url_patterns,index_filter,['No specific admission requirements listed in the provided text.']
NAIT,Visual Communications (Area of Emphasis),,https://www.nait.ca/nait/schools-programs/school-of-applied-sciences-and-technology/walkthroughs/dmit-areas-of-emphasis/visual-communications,drop,dropped_blocked_url,blocked_url_patterns,index_filter,"[""This is an 'area of emphasis' description for the Digital Media and IT program. No specific admission requirements listed.""]"
NAIT,Water and Wastewater Technician,Specialized Certificate,https://www.nait.ca/coned/water-wastewater-tech-programming-distance,keep,kept_seed_match,seed_program_name,index_filter,['Specific admission requirements are not listed in the provided text.']
NAIT,Web Design and Development (Area of Emphasis),,https://www.nait.ca/nait/schools-programs/school-of-applied-sciences-and-technology/walkthroughs/dmit-areas-of-emphasis/web-design-and-development,drop,dropped_blocked_url,blocked_url_patterns,index_filter,"[""This is an 'area of emphasis' description for the Digital Media and IT program. No specific admission requirements listed.""]"
NAIT,Women Leading and Building Canada’s Future,,https://www.nait.ca/nait/schools-programs/office-of-apprenticeship/women-leading-and-building-canada-s-future,drop,dropped_evidence_non_program,evidence_not_program_tokens,index_filter,['not a program page']
NAIT,Women of Steel™: Forging Forward Program Comes to Edmonton,,https://www.nait.ca/nait/about/newsroom/2023/women-of-steel™-forging-forward-program-comes-to-e,drop,dropped_evidence_non_program,evidence_not_program_tokens,index_filter,['not a program page'] | not a program page
NAIT,Work Integrated Learning,,https://www.nait.ca/nait/schools-programs/work-integrated-learning,drop,dropped_evidence_non_program,evidence_not_program_tokens,index_filter,['not a program page']
NAIT,n-Tier Development Programming Architecture,Course / part of Database Administrator program,https://www.nait.ca/nait/continuing-education/courses/cctb140-n-tier-development-programming-architect,drop,dropped_blocked_url,blocked_url_patterns,index_filter,['This is a course-level page.']
NorQuest,Academic Program Advisors,,http://www.norquest.ca/student-resources/academic-program-advisors/,drop,dropped_evidence_non_program,evidence_not_program_tokens,index_filter,['not a program page']
NorQuest,Applied Research for Innovation Badge Selector,,http://www.norquest.ca/programs-courses/introduction-to-applied-research-for-innovation/applied-research-for-innovation-badge-selector/,drop,dropped_evidence_non_program,evidence_not_program_tokens,index_filter,['not a program page']
NorQuest,Bring your own device,,http://www.norquest.ca/programs-courses/learning-at-norquest/bring-your-own-device/,drop,dropped_evidence_non_program,evidence_not_program_tokens,index_filter,['not a program page']
NorQuest,Browse programs and courses,,http://www.norquest.ca/international-student/browse-programs-and-courses/,drop,dropped_evidence_non_program,evidence_not_program_tokens,index_filter,['not a program page']
NorQuest,Browse programs and courses,,http://www.norquest.ca/programs-courses/browse-programs-and-courses/,drop,dropped_evidence_non_program,evidence_not_program_tokens,index_filter,['not a program page']
NorQuest,Business Administration to Bachelor of Commerce,,http://www.norquest.ca/programs-courses/learning-at-norquest/business-administration-to-bachelor-of-commerce/,drop,dropped_evidence_non_program,evidence_not_program_tokens,index_filter,['not a program page']
NorQuest,Content Creation Volunteer,,http://www.norquest.ca/international-student/international-student-services/get-involved/norquest-international-volunteer-program/content-creation-volunteer/,drop,dropped_evidence_non_program,evidence_not_program_tokens,index_filter,['not a program page']
NorQuest,Continuing Education,,http://www.norquest.ca/programs-courses/continuing-education/,drop,dropped_evidence_non_program,evidence_not_program_tokens,index_filter,['not a program page']
NorQuest,Continuing Education programs and courses,,http://www.norquest.ca/continuing-education/continuing-education-programs-and-courses/,drop,dropped_evidence_non_program,evidence_not_program_tokens,index_filter,['not a program page']
NorQuest,Definitions,,http://www.norquest.ca/programs-courses/learning-at-norquest/definitions/,drop,dropped_evidence_non_program,evidence_not_program_tokens,index_filter,['not a program page']
NorQuest,Digital badges from NorQuest College.,,http://www.norquest.ca/programs-courses/learning-at-norquest/definitions/digital-badges/,drop,dropped_evidence_non_program,evidence_not_program_tokens,index_filter,['not a program page']
NorQuest,Discover your perfect career path,,http://www.norquest.ca/programs-courses/learning-at-norquest/discover-your-perfect-career-path/,drop,dropped_evidence_non_program,evidence_not_program_tokens,index_filter,['not a program page']
NorQuest,Dual Credit partnering,,http://www.norquest.ca/programs-courses/dual-credit-programs/dual-credit-partnering/,drop,dropped_evidence_non_program,evidence_not_program_tokens,index_filter,['not a program page']
NorQuest,Dual Credit students,,http://www.norquest.ca/programs-courses/dual-credit-programs/dual-credit-students/,drop,dropped_evidence_non_program,evidence_not_program_tokens,index_filter,['not a program page']
NorQuest,Dual credit programs,,http://www.norquest.ca/programs-courses/dual-credit-programs/,drop,dropped_evidence_non_program,evidence_not_program_tokens,index_filter,['not a program page']
NorQuest,Emerging Leaders Program,Certificate of Recognition,http://www.norquest.ca/international-student/international-student-services/get-involved/emerging-leaders-program/,drop,dropped_blocked_url,blocked_url_patterns,index_filter,"['This is a student leadership program, not a primary academic admission program.']"
NorQuest,Explore NorQuest College,,http://www.norquest.ca/programs-courses/learning-at-norquest/explore-norquest-college/,drop,dropped_evidence_non_program,evidence_not_program_tokens,index_filter,['not a program page']
NorQuest,Family Caregiver Wellness Workshops,,http://www.norquest.ca/programs-courses/family-caregiver-wellness-workshops/,drop,dropped_evidence_non_program,evidence_not_program_tokens,index_filter,['not a program page']
NorQuest,Foster the next generation of data analysts,,http://www.norquest.ca/programs-courses/upskilling-for-data-analytics-and-business-intelligence/foster-the-next-generation-of-data-analysts/,drop,dropped_evidence_non_program,evidence_not_program_tokens,index_filter,['not a program page']
NorQuest,Foundational Learning Hub,,http://www.norquest.ca/programs-courses/learning-at-norquest/foundational-learning-hub/,drop,dropped_evidence_non_program,evidence_not_program_tokens,index_filter,['not a program page']
NorQuest,Foundational programs,,http://www.norquest.ca/foundational-programs/,drop,dropped_evidence_non_program,evidence_not_program_tokens,index_filter,['not a program page']
NorQuest,Frequently asked questions,,http://www.norquest.ca/programs-courses/microcredentials/frequently-asked-questions/,drop,dropped_evidence_non_program,evidence_not_program_tokens,index_filter,['not a program page']
NorQuest,Health programs for rural students,,http://www.norquest.ca/programs-courses/learning-at-norquest/health-programs-for-rural-students/,drop,dropped_evidence_non_program,evidence_not_program_tokens,index_filter,['not a program page']
NorQuest,International Peer Mentorship Program,,http://www.norquest.ca/international-student/international-student-services/get-involved/peer-mentorship-program/,drop,dropped_blocked_url,blocked_url_patterns,index_filter,"['This is a peer support service, not an academic admission program.']"
NorQuest,Learning at NorQuest,,http://www.norquest.ca/programs-courses/learning-at-norquest/,drop,dropped_evidence_non_program,evidence_not_program_tokens,index_filter,['not a program page']
NorQuest,Marketing & Promotions Volunteer,,http://www.norquest.ca/international-student/international-student-services/get-involved/norquest-international-volunteer-program/marketing-promotions-volunteer/,drop,dropped_evidence_non_program,evidence_not_program_tokens,index_filter,['not a program page']
NorQuest,Microcredentials,,http://www.norquest.ca/programs-courses/microcredentials/,drop,dropped_evidence_non_program,evidence_not_program_tokens,index_filter,['not a program page']
NorQuest,NorQuest International Volunteer Program,,http://www.norquest.ca/international-student/international-student-services/get-involved/norquest-international-volunteer-program/,drop,dropped_evidence_non_program,evidence_not_program_tokens,index_filter,['not a program page']
NorQuest,Obrigado,,http://www.norquest.ca/programs-courses/learning-at-norquest/brasil/obrigado/,drop,dropped_evidence_non_program,evidence_not_program_tokens,index_filter,['not a program page']
NorQuest,Online delivery information,,http://www.norquest.ca/programs-courses/learning-at-norquest/online-delivery-information/,drop,dropped_evidence_non_program,evidence_not_program_tokens,index_filter,['not a program page']
NorQuest,Open Admissions Pathways,,http://www.norquest.ca/programs-courses/learning-at-norquest/open-admissions-pathways/,drop,dropped_evidence_non_program,evidence_not_program_tokens,index_filter,['not a program page']
NorQuest,Open Studies,,http://www.norquest.ca/programs-courses/open-studies/,drop,dropped_not_in_seed,seed_program_name_or_url,index_filter,['Generic Open Studies admission information.']
NorQuest,Our program,,http://www.norquest.ca/student-services/child-care-centre/our-program/,drop,dropped_evidence_non_program,evidence_not_program_tokens,index_filter,['not a program page']
NorQuest,Page not found,,http://www.norquest.ca/x/workstyles-program-policy/,drop,dropped_evidence_non_program,evidence_not_program_tokens,index_filter,['not a program page'] | not a program page
NorQuest,Program Availability,,http://www.norquest.ca/program-availability/,drop,dropped_evidence_non_program,evidence_not_program_tokens,index_filter,['not a program page']
NorQuest,Programs and courses,,http://www.norquest.ca/programs-courses/,drop,dropped_evidence_non_program,evidence_not_program_tokens,index_filter,['not a program page']
NorQuest,RBC Indigenous Mentorship Program,,http://www.norquest.ca/student-services/indigenous-student-services/rbc-indigenous-mentorship-program/,drop,dropped_evidence_non_program,evidence_not_program_tokens,index_filter,['not a program page']
NorQuest,Ready to score a new career?,,http://www.norquest.ca/programs-courses/learning-at-norquest/ready-to-score-a-new-career/,drop,dropped_evidence_non_program,evidence_not_program_tokens,index_filter,['not a program page']
NorQuest,Request information,,http://www.norquest.ca/programs-courses/microcredentials/request-information/,drop,dropped_evidence_non_program,evidence_not_program_tokens,index_filter,['not a program page']
NorQuest,Start a business career,,http://www.norquest.ca/programs-courses/learning-at-norquest/start-a-business-career/,drop,dropped_evidence_non_program,evidence_not_program_tokens,index_filter,['not a program page']
NorQuest,Sua nova carreira começa aqui — no NorQuest College,,http://www.norquest.ca/programs-courses/learning-at-norquest/brasil/,drop,dropped_evidence_non_program,evidence_not_program_tokens,index_filter,['not a program page']
NorQuest,Take your healthcare career in a new direction,,http://www.norquest.ca/programs-courses/learning-at-norquest/take-your-healthcare-career-in-a-new-direction/,drop,dropped_evidence_non_program,evidence_not_program_tokens,index_filter,['not a program page']
NorQuest,Your new career starts at NorQuest College,,http://www.norquest.ca/programs-courses/learning-at-norquest/your-new-career-starts-at-norquest-college/,drop,dropped_evidence_non_program,evidence_not_program_tokens,index_filter,['not a program page']
UAlberta,About,,https://calendar.ualberta.ca/content.php?catoid=56&navoid=17516,keep,kept_non_target_institution,default_pass_through,index_filter,
UAlberta,About,,https://calendar.ualberta.ca/content.php?catoid=56&navoid=17532,keep,kept_non_target_institution,default_pass_through,index_filter,
UAlberta,Academic,,https://calendar.ualberta.ca/content.php?catoid=56&navoid=17524,keep,kept_non_target_institution,default_pass_through,index_filter,
UAlberta,Calendar,,https://calendar.ualberta.ca/misc/catalog_list.php?catoid=56,keep,kept_non_target_institution,default_pass_through,index_filter,
UAlberta,Calendar,,https://calendar.ualberta.ca/search_advanced.php?catoid=56,keep,kept_non_target_institution,default_pass_through,index_filter,
UAlberta,Colleges,,https://calendar.ualberta.ca/content.php?catoid=56&navoid=17522,keep,kept_non_target_institution,default_pass_through,index_filter,
UAlberta,Composition (Major),Bachelor of Music,https://calendar.ualberta.ca/content.php?catoid=56&navoid=17354&print,keep,kept_non_target_institution,default_pass_through,index_filter,
UAlberta,Course,,https://calendar.ualberta.ca/content.php?catoid=56&navoid=17518,keep,kept_non_target_institution,default_pass_through,index_filter,
UAlberta,ERROR: The request could not be satisfied,,https://www.ualberta.ca/en/admissions-programs/embedded-undergraduate-certificates/index.html,keep,kept_non_target_institution,default_pass_through,index_filter,
UAlberta,ERROR: The request could not be satisfied,,https://www.ualberta.ca/en/admissions-programs/inclusive-education/index.html,keep,kept_non_target_institution,default_pass_through,index_filter,
UAlberta,ERROR: The request could not be satisfied,,https://www.ualberta.ca/en/admissions-programs/index.html,keep,kept_non_target_institution,default_pass_through,index_filter,
UAlberta,ERROR: The request could not be satisfied,,https://www.ualberta.ca/en/admissions-programs/online-courses/index.html,keep,kept_non_target_institution,default_pass_through,index_filter,
UAlberta,ERROR: The request could not be satisfied,,https://www.ualberta.ca/en/admissions-programs/online-learning.html,keep,kept_non_target_institution,default_pass_through,index_filter,
UAlberta,ERROR: The request could not be satisfied,,https://www.ualberta.ca/en/education/programs/english-language-school/index.html,keep,kept_non_target_institution,default_pass_through,index_filter,
UAlberta,ERROR: The request could not be satisfied,,https://www.ualberta.ca/en/graduate-programs/index.html,keep,kept_non_target_institution,default_pass_through,index_filter,
UAlberta,ERROR: The request could not be satisfied,,https://www.ualberta.ca/en/graduate-studies/admissions-programs/apply/index.html,keep,kept_non_target_institution,default_pass_through,index_filter,
UAlberta,Graduate,,https://calendar.ualberta.ca/content.php?catoid=56&navoid=17527,keep,kept_non_target_institution,default_pass_through,index_filter,
UAlberta,Graduate,,https://calendar.ualberta.ca/content.php?catoid=56&navoid=17535,keep,kept_non_target_institution,default_pass_through,index_filter,
UAlberta,Graduate Programs (General),,https://calendar.ualberta.ca/content.php?catoid=56&navoid=17533,keep,kept_non_target_institution,default_pass_through,index_filter,
UAlberta,Inquiries,,https://calendar.ualberta.ca/content.php?catoid=56&navoid=17523,keep,kept_non_target_institution,default_pass_through,index_filter,
UAlberta,Undergraduate,,https://calendar.ualberta.ca/content.php?catoid=56&navoid=17521,keep,kept_non_target_institution,default_pass_through,index_filter,
UAlberta,Undergraduate,,https://calendar.ualberta.ca/content.php?catoid=56&navoid=17526,keep,kept_non_target_institution,default_pass_through,index_filter,
UAlberta,University,,https://calendar.ualberta.ca/content.php?catoid=56&navoid=17520,keep,kept_non_target_institution,default_pass_through,index_filter,
UAlberta,University,,https://calendar.ualberta.ca/index.php?catoid=56,keep,kept_non_target_institution,default_pass_through,index_filter,
NAIT,Academic Upgrading,Course credits,https://www.nait.ca/programs/academic-upgrading,keep,kept_seed_replace,nait_seed_replace,seed_replace,
NAIT,Advanced Care Paramedic,Other,https://www.nait.ca/programs/advanced-care-paramedic,keep,kept_seed_replace,nait_seed_replace,seed_replace,
NAIT,Advanced Carpentry Technology,Other,https://www.nait.ca/programs/advanced-carpentry-technology,keep,kept_seed_replace,nait_seed_replace,seed_replace,
NAIT,Advanced Plumbing Technology,Other,https://www.nait.ca/programs/advanced-plumbing-technology,keep,kept_seed_replace,nait_seed_replace,seed_replace,
NAIT,Advanced Welding Technology,Other,https://www.nait.ca/programs/advanced-welding-technology,keep,kept_seed_replace,nait_seed_replace,seed_replace,
NAIT,Alternative Energy Technology,Other,https://www.nait.ca/programs/alternative-energy-technology,keep,kept_seed_replace,nait_seed_replace,seed_replace,
NAIT,Architectural Technology,Other,https://www.nait.ca/programs/architectural-technology,keep,kept_seed_replace,nait_seed_replace,seed_replace,
NAIT,Auto Body Technician,Apprenticeship,https://www.nait.ca/apprenticeship/autobody,keep,kept_seed_replace,nait_seed_replace,seed_replace,
NAIT,Automotive Service Technician,Apprenticeship,https://www.nait.ca/apprenticeship/automotive-service-technician,keep,kept_seed_replace,nait_seed_replace,seed_replace,
NAIT,Automotive Service Technology,Other,https://www.nait.ca/programs/automotive-service-technology,keep,kept_seed_replace,nait_seed_replace,seed_replace,
NAIT,Bachelor of Applied Information Systems Technology - Information Systems,Degree,https://www.nait.ca/programs/baist-information-systems,keep,kept_seed_replace,nait_seed_replace,seed_replace,
NAIT,Bachelor of Applied Information Systems Technology - Network Management,Degree,https://www.nait.ca/programs/baist-network-management,keep,kept_seed_replace,nait_seed_replace,seed_replace,
NAIT,Bachelor of Business Administration - Accounting and Analytics,Degree,https://www.nait.ca/programs/bba-accounting-and-analytics,keep,kept_seed_replace,nait_seed_replace,seed_replace,
NAIT,Bachelor of Business Administration - Entrepreneurship Innovation,Degree,https://www.nait.ca/programs/bba-entrepreneurship,keep,kept_seed_replace,nait_seed_replace,seed_replace,
NAIT,Bachelor of Business Administration - Finance,Degree,https://www.nait.ca/programs/bba-finance,keep,kept_seed_replace,nait_seed_replace,seed_replace,
NAIT,Bachelor of Business Administration - General,Degree,https://www.nait.ca/programs/bba-general,keep,kept_seed_replace,nait_seed_replace,seed_replace,
NAIT,Bachelor of Business Administration - Human Resources Management,Degree,https://www.nait.ca/programs/bba-human-resources-management,keep,kept_seed_replace,nait_seed_replace,seed_replace,
NAIT,Bachelor of Business Administration - Management,Degree,https://www.nait.ca/programs/bba-management,keep,kept_seed_replace,nait_seed_replace,seed_replace,
NAIT,Bachelor of Business Administration - Marketing,Degree,https://www.nait.ca/programs/bba-marketing,keep,kept_seed_replace,nait_seed_replace,seed_replace,
NAIT,Bachelor of Business Administration - Supply Chain Management,Degree,https://www.nait.ca/programs/bba-supply-chain-management,keep,kept_seed_replace,nait_seed_replace,seed_replace,
NAIT,Bachelor of Technology in Management - General Management,Degree,https://www.nait.ca/programs/btech,keep,kept_seed_replace,nait_seed_replace,seed_replace,
NAIT,Bachelor of Technology in Management - Operations Management,Degree,https://www.nait.ca/programs/btech-operationsmanagement,keep,kept_seed_replace,nait_seed_replace,seed_replace,
NAIT,Bachelor of Technology in Management - Project Management,Degree,https://www.nait.ca/programs/btech-projectmanagement,keep,kept_seed_replace,nait_seed_replace,seed_replace,
NAIT,Bachelor of Technology in Management - Sustainability Management,Degree,https://www.nait.ca/programs/btech-sustainabilitymanagement,keep,kept_seed_replace,nait_seed_replace,seed_replace,
NAIT,Baking and Pastry Arts,Other,https://www.nait.ca/programs/baking-and-pastry-arts,keep,kept_seed_replace,nait_seed_replace,seed_replace,
NAIT,Biomedical Engineering Technology,Other,https://www.nait.ca/programs/biomedical-engineering-technology,keep,kept_seed_replace,nait_seed_replace,seed_replace,
NAIT,Boilermaker,Apprenticeship,https://www.nait.ca/apprenticeship/boilermaker,keep,kept_seed_replace,nait_seed_replace,seed_replace,
NAIT,Building Automation Systems Technology - Immersive Industry Education,Other,https://www.nait.ca/programs/building-automation-systems-technology,keep,kept_seed_replace,nait_seed_replace,seed_replace,
NAIT,Business Administration - Accounting,Other,https://www.nait.ca/programs/business-administration-accounting,keep,kept_seed_replace,nait_seed_replace,seed_replace,
NAIT,Business Administration - Entrepreneurship and Innovation,Other,https://www.nait.ca/programs/business-administration-entrepreneurship,keep,kept_seed_replace,nait_seed_replace,seed_replace,
NAIT,Business Administration - Finance,Other,https://www.nait.ca/programs/business-administration-finance,keep,kept_seed_replace,nait_seed_replace,seed_replace,
NAIT,Business Administration - Human Resource Management,Other,https://www.nait.ca/programs/business-administration-human-resources,keep,kept_seed_replace,nait_seed_replace,seed_replace,
NAIT,Business Administration - Management,Other,https://www.nait.ca/programs/business-administration-management,keep,kept_seed_replace,nait_seed_replace,seed_replace,
NAIT,Business Administration - Marketing,Other,https://www.nait.ca/programs/business-administration-marketing,keep,kept_seed_replace,nait_seed_replace,seed_replace,
NAIT,Business for Journeyperson Pathway to a Business Administration - Management Diploma,Diploma,https://www.nait.ca/programs/business-for-journeyperson-ba-management,keep,kept_seed_replace,nait_seed_replace,seed_replace,
NAIT,Cabinetmaker,Apprenticeship,https://www.nait.ca/apprenticeship/cabinetmaker,keep,kept_seed_replace,nait_seed_replace,seed_replace,
NAIT,Captioning and Court Reporting,Other,https://www.nait.ca/programs/captioning-court-reporting,keep,kept_seed_replace,nait_seed_replace,seed_replace,
NAIT,Carpenter,Apprenticeship,https://www.nait.ca/apprenticeship/carpenter,keep,kept_seed_replace,nait_seed_replace,seed_replace,
NAIT,Chemical Engineering Technology,Other,https://www.nait.ca/programs/chemical-engineering-technology,keep,kept_seed_replace,nait_seed_replace,seed_replace,
NAIT,Chemical Technology,Other,https://www.nait.ca/programs/chemical-technology,keep,kept_seed_replace,nait_seed_replace,seed_replace,
NAIT,Civil Engineering Technology,Other,https://www.nait.ca/programs/civil-engineering-technology,keep,kept_seed_replace,nait_seed_replace,seed_replace,
NAIT,CNC Machinist Technician,Other,https://www.nait.ca/programs/cnc-machinist,keep,kept_seed_replace,nait_seed_replace,seed_replace,
NAIT,Computer Engineering Technology,Other,https://www.nait.ca/programs/computer-engineering-technology,keep,kept_seed_replace,nait_seed_replace,seed_replace,
NAIT,Computer Network Administrator,Other,https://www.nait.ca/programs/computer-network-administrator,keep,kept_seed_replace,nait_seed_replace,seed_replace,
NAIT,Conservation Biology,Other,https://www.nait.ca/programs/conservation-biology,keep,kept_seed_replace,nait_seed_replace,seed_replace,
NAIT,Construction Engineering Technology,Other,https://www.nait.ca/programs/construction-engineering-technology,keep,kept_seed_replace,nait_seed_replace,seed_replace,
NAIT,Cook,Apprenticeship,https://www.nait.ca/apprenticeship/cook,keep,kept_seed_replace,nait_seed_replace,seed_replace,
NAIT,Court Transcription,Other,https://www.nait.ca/programs/court-transcription,keep,kept_seed_replace,nait_seed_replace,seed_replace,
NAIT,Crane and Hoist Equipment Operator,Apprenticeship,https://www.nait.ca/apprenticeship/crane-hoisting-equipment-operator,keep,kept_seed_replace,nait_seed_replace,seed_replace,
NAIT,Culinary Arts,Other,https://www.nait.ca/programs/culinary-arts,keep,kept_seed_replace,nait_seed_replace,seed_replace,
NAIT,Cybersecurity,Other,https://www.nait.ca/programs/cybersecurity,keep,kept_seed_replace,nait_seed_replace,seed_replace,
NAIT,Cybersecurity Immersive Industry Education,Other,https://www.nait.ca/programs/cybersecurity-iie,keep,kept_seed_replace,nait_seed_replace,seed_replace,
NAIT,Data Analytics,Other,https://www.nait.ca/programs/data-analytics,keep,kept_seed_replace,nait_seed_replace,seed_replace,
NAIT,Dental Assisting,Other,https://www.nait.ca/programs/dental-assisting-technology,keep,kept_seed_replace,nait_seed_replace,seed_replace,
NAIT,Dental Technology,Other,https://www.nait.ca/programs/dental-technology,keep,kept_seed_replace,nait_seed_replace,seed_replace,
NAIT,Denturist Technology,Other,https://www.nait.ca/programs/denturist-technology,keep,kept_seed_replace,nait_seed_replace,seed_replace,
NAIT,Diagnostic Medical Sonography - General,Other,https://www.nait.ca/programs/diagnostic-medical-sonography-general,keep,kept_seed_replace,nait_seed_replace,seed_replace,
NAIT,Diagnostic Medical Sonography - General and Cardiac,Other,https://www.nait.ca/programs/diagnostic-medical-sonography-general-and-cardiac,keep,kept_seed_replace,nait_seed_replace,seed_replace,
NAIT,Digital Design - Visual Communication Design,Other,https://www.nait.ca/programs/dd-visual-communication-design,keep,kept_seed_replace,nait_seed_replace,seed_replace,
NAIT,Digital Design - Web Design,Other,https://www.nait.ca/programs/dd-web-design,keep,kept_seed_replace,nait_seed_replace,seed_replace,
NAIT,Disaster and Emergency Management,Other,https://www.nait.ca/programs/emergency-management,keep,kept_seed_replace,nait_seed_replace,seed_replace,
NAIT,Electrical Engineering Technology,Other,https://www.nait.ca/programs/electrical-engineering-technology,keep,kept_seed_replace,nait_seed_replace,seed_replace,
NAIT,Electrical Installations Technology,Other,https://www.nait.ca/programs/electrical-installations-technology,keep,kept_seed_replace,nait_seed_replace,seed_replace,
NAIT,Electrician,Apprenticeship,https://www.nait.ca/apprenticeship/electrician,keep,kept_seed_replace,nait_seed_replace,seed_replace,
NAIT,Electronics Engineering Technology,Other,https://www.nait.ca/programs/electronics-engineering-technology,keep,kept_seed_replace,nait_seed_replace,seed_replace,
NAIT,Engineering Design Technology,Other,https://www.nait.ca/programs/engineering-design-technology,keep,kept_seed_replace,nait_seed_replace,seed_replace,
NAIT,Environmental Monitoring and Assessment,Other,https://www.nait.ca/programs/environmental-monitoring-assessment,keep,kept_seed_replace,nait_seed_replace,seed_replace,
NAIT,Forest Technology,Other,https://www.nait.ca/programs/forest-technology,keep,kept_seed_replace,nait_seed_replace,seed_replace,
NAIT,Game Development - Animation and Game Design,Other,https://www.nait.ca/programs/gd-animation-and-game-design,keep,kept_seed_replace,nait_seed_replace,seed_replace,
NAIT,Game Development - Game Programming,Other,https://www.nait.ca/programs/gd-game-programming,keep,kept_seed_replace,nait_seed_replace,seed_replace,
NAIT,Gasfitter,Apprenticeship,https://www.nait.ca/apprenticeship/gasfitter,keep,kept_seed_replace,nait_seed_replace,seed_replace,
NAIT,Geoscience Technology,Other,https://www.nait.ca/programs/geoscience-technology,keep,kept_seed_replace,nait_seed_replace,seed_replace,
NAIT,Glazier,Apprenticeship,https://www.nait.ca/apprenticeship/glazier,keep,kept_seed_replace,nait_seed_replace,seed_replace,
NAIT,Graphic Communications,Other,https://www.nait.ca/programs/graphic-communications,keep,kept_seed_replace,nait_seed_replace,seed_replace,
NAIT,Heating Ventilation Air Conditioning Refrigeration Technician,Other,https://www.nait.ca/programs/hvac-refrigeration-technician,keep,kept_seed_replace,nait_seed_replace,seed_replace,
NAIT,Heavy Equipment Technician,Apprenticeship,https://www.nait.ca/apprenticeship/heavy-equipment-technician,keep,kept_seed_replace,nait_seed_replace,seed_replace,
NAIT,Hospitality Management,Other,https://www.nait.ca/programs/hospitality-management,keep,kept_seed_replace,nait_seed_replace,seed_replace,
NAIT,Industrial Heavy Equipment Technology,Other,https://www.nait.ca/programs/industrial-heavy-equipment-technology,keep,kept_seed_replace,nait_seed_replace,seed_replace,
NAIT,Industrial Mechanic (Millwright),Apprenticeship,https://www.nait.ca/apprenticeship/industrial-mechanic,keep,kept_seed_replace,nait_seed_replace,seed_replace,
NAIT,Instrumentation and Control Technician,Apprenticeship,https://www.nait.ca/apprenticeship/instrumentation-control-technician,keep,kept_seed_replace,nait_seed_replace,seed_replace,
NAIT,Instrumentation Engineering Technology,Other,https://www.nait.ca/programs/instrumentation-engineering-technology,keep,kept_seed_replace,nait_seed_replace,seed_replace,
NAIT,Insulator (Heat and Frost),Apprenticeship,https://www.nait.ca/apprenticeship/insulator,keep,kept_seed_replace,nait_seed_replace,seed_replace,
NAIT,Interior Design Technology,Other,https://www.nait.ca/programs/interior-design-technology,keep,kept_seed_replace,nait_seed_replace,seed_replace,
NAIT,Ironworker,Apprenticeship,https://www.nait.ca/apprenticeship/ironworker,keep,kept_seed_replace,nait_seed_replace,seed_replace,
NAIT,IT Business Analysis,Other,https://www.nait.ca/programs/it-business-analysis,keep,kept_seed_replace,nait_seed_replace,seed_replace,
NAIT,IT Systems Administration,Other,https://www.nait.ca/programs/it-systems-administration,keep,kept_seed_replace,nait_seed_replace,seed_replace,
NAIT,Laboratory and X-Ray Technology Combined,Other,https://www.nait.ca/programs/lab-and-x-ray-combined,keep,kept_seed_replace,nait_seed_replace,seed_replace,
NAIT,Laboratory Research and Biotechnology,Other,https://www.nait.ca/programs/lab-research,keep,kept_seed_replace,nait_seed_replace,seed_replace,
NAIT,Landscape Architectural Technology,Other,https://www.nait.ca/programs/landscape-architectural-technology,keep,kept_seed_replace,nait_seed_replace,seed_replace,
NAIT,Leadership in Healthcare,Other,https://www.nait.ca/programs/leadership-in-healthcare,keep,kept_seed_replace,nait_seed_replace,seed_replace,
NAIT,Machinist,Apprenticeship,https://www.nait.ca/apprenticeship/machinist,keep,kept_seed_replace,nait_seed_replace,seed_replace,
NAIT,Magnetic Resonance Imaging 1st Discipline,Other,https://www.nait.ca/programs/magnetic-resonance,keep,kept_seed_replace,nait_seed_replace,seed_replace,
NAIT,Magnetic Resonance Imaging 2nd Discipline,Other,https://www.nait.ca/programs/magnetic-resonance-imaging,keep,kept_seed_replace,nait_seed_replace,seed_replace,
NAIT,Materials Engineering Technology,Other,https://www.nait.ca/programs/materials-engineering-technology,keep,kept_seed_replace,nait_seed_replace,seed_replace,
NAIT,Mechanical Engineering Technology,Other,https://www.nait.ca/programs/mechanical-engineering-technology,keep,kept_seed_replace,nait_seed_replace,seed_replace,
NAIT,Media Communications and Production - Radio and Media Production,Other,https://www.nait.ca/programs/radio,keep,kept_seed_replace,nait_seed_replace,seed_replace,
NAIT,Media Communications and Production - Television and Media Production,Other,https://www.nait.ca/programs/television,keep,kept_seed_replace,nait_seed_replace,seed_replace,
NAIT,Medical Laboratory Assisting,Other,https://www.nait.ca/programs/medical-laboratory-assisting,keep,kept_seed_replace,nait_seed_replace,seed_replace,
NAIT,Medical Laboratory Technology,Other,https://www.nait.ca/programs/medical-laboratory-technology,keep,kept_seed_replace,nait_seed_replace,seed_replace,
NAIT,Medical Radiologic Technology,Other,https://www.nait.ca/programs/medical-radiologic-technology,keep,kept_seed_replace,nait_seed_replace,seed_replace,
NAIT,Millwork and Carpentry,Other,https://www.nait.ca/programs/millwork-and-carpentry,keep,kept_seed_replace,nait_seed_replace,seed_replace,
NAIT,Nanosystems Engineering Technology,Other,https://www.nait.ca/programs/nanosystems-engineering-technology,keep,kept_seed_replace,nait_seed_replace,seed_replace,
NAIT,Narrative Cinema Production,Other,https://www.nait.ca/programs/narrative-cinema-production,keep,kept_seed_replace,nait_seed_replace,seed_replace,
NAIT,Network Engineering Technology,Other,https://www.nait.ca/programs/network-engineering-technology,keep,kept_seed_replace,nait_seed_replace,seed_replace,
NAIT,Occupational Health and Safety,Other,https://www.nait.ca/programs/occupational-health-safety,keep,kept_seed_replace,nait_seed_replace,seed_replace,
NAIT,Optical Sciences - Contact Lenses,Other,https://www.nait.ca/programs/optical-sciences-contact-lenses,keep,kept_seed_replace,nait_seed_replace,seed_replace,
NAIT,Optical Sciences - Eyeglasses,Other,https://www.nait.ca/programs/optical-sciences-eyeglasses,keep,kept_seed_replace,nait_seed_replace,seed_replace,
NAIT,Parts Technician,Apprenticeship,https://www.nait.ca/apprenticeship/parts-technician,keep,kept_seed_replace,nait_seed_replace,seed_replace,
NAIT,Personal Fitness Trainer,Other,https://www.nait.ca/programs/personal-fitness-trainer,keep,kept_seed_replace,nait_seed_replace,seed_replace,
NAIT,Petroleum Engineering Technology,Other,https://www.nait.ca/programs/petroleum-engineering-technology,keep,kept_seed_replace,nait_seed_replace,seed_replace,
NAIT,Plumber,Apprenticeship,https://www.nait.ca/apprenticeship/plumber,keep,kept_seed_replace,nait_seed_replace,seed_replace,
NAIT,Power Engineering Technology,Other,https://www.nait.ca/programs/power-engineering-technology,keep,kept_seed_replace,nait_seed_replace,seed_replace,
NAIT,"Power Engineering, 4th Class",Other,https://www.nait.ca/programs/power-engineering-4th-class,keep,kept_seed_replace,nait_seed_replace,seed_replace,
NAIT,Power System Electrician,Apprenticeship,https://www.nait.ca/apprenticeship/power-system-electrician,keep,kept_seed_replace,nait_seed_replace,seed_replace,
NAIT,Powerline Technician,Apprenticeship,https://www.nait.ca/apprenticeship/powerline-technician,keep,kept_seed_replace,nait_seed_replace,seed_replace,
NAIT,Pre-Employment Auto Body Repair,Other,https://www.nait.ca/programs/auto-body-pre-employment,keep,kept_seed_replace,nait_seed_replace,seed_replace,
NAIT,Primary Care Paramedic,Other,https://www.nait.ca/programs/primary-care-paramedic,keep,kept_seed_replace,nait_seed_replace,seed_replace,
NAIT,Professional Meat Cutting & Merchandising,Other,https://www.nait.ca/programs/professional-meatcutting-and-merchandising,keep,kept_seed_replace,nait_seed_replace,seed_replace,
NAIT,Refrigeration and Air Conditioning Mechanic,Apprenticeship,https://www.nait.ca/apprenticeship/refrigeration-and-air-conditioning-mechanic,keep,kept_seed_replace,nait_seed_replace,seed_replace,
NAIT,Respiratory Therapy,Other,https://www.nait.ca/programs/respiratory-therapy,keep,kept_seed_replace,nait_seed_replace,seed_replace,
NAIT,Roofer,Apprenticeship,https://www.nait.ca/apprenticeship/roofer,keep,kept_seed_replace,nait_seed_replace,seed_replace,
NAIT,Sheet Metal Worker,Apprenticeship,https://www.nait.ca/apprenticeship/sheet-metal-worker,keep,kept_seed_replace,nait_seed_replace,seed_replace,
NAIT,Software Development,Other,https://www.nait.ca/programs/software-development,keep,kept_seed_replace,nait_seed_replace,seed_replace,
NAIT,Steamfitter/Pipefitter,Apprenticeship,https://www.nait.ca/apprenticeship/steamfitter-pipefitter,keep,kept_seed_replace,nait_seed_replace,seed_replace,
NAIT,Surveying and Geospatial Engineering Technology,Other,https://www.nait.ca/programs/surveying-and-geospatial-engineering-technology,keep,kept_seed_replace,nait_seed_replace,seed_replace,
NAIT,Trades to Degrees Pathway to BBA Degree - Management Concentration,Other,https://www.nait.ca/programs/trades-to-degrees,keep,kept_seed_replace,nait_seed_replace,seed_replace,
NAIT,Veterinary Medical Assistant,Other,https://www.nait.ca/programs/veterinary-medical-assistant,keep,kept_seed_replace,nait_seed_replace,seed_replace,
NAIT,Veterinary Technology,Other,https://www.nait.ca/programs/veterinary-technology,keep,kept_seed_replace,nait_seed_replace,seed_replace,
NAIT,Water and Wastewater Technician,Other,https://www.nait.ca/programs/water-wastewater-technician,keep,kept_seed_replace,nait_seed_replace,seed_replace,
NAIT,Welder,Apprenticeship,https://www.nait.ca/apprenticeship/welder,keep,kept_seed_replace,nait_seed_replace,seed_replace,
NAIT,Wireless Systems Engineering Technology,Other,https://www.nait.ca/programs/wireless-systems-engineering-technology,keep,kept_seed_replace,nait_seed_replace,seed_replace,
NorQuest,Academic Upgrading,Course credits,https://www.norquest.ca/programs-and-courses/programs/academic-upgrading/,keep,kept_seed_backfill,norquest_seed_backfill,seed_backfill,
NorQuest,Accounting Technician,Certificate,https://www.norquest.ca/programs-and-courses/programs/accounting-technician/,keep,kept_seed_backfill,norquest_seed_backfill,seed_backfill,
NorQuest,Addictions Recovery Practitioner,Post-diploma certificate,https://www.norquest.ca/programs-and-courses/programs/addictions-recovery-practitioner/,keep,kept_seed_backfill,norquest_seed_backfill,seed_backfill,
NorQuest,Administrative Professional,Certificate,https://www.norquest.ca/programs-and-courses/programs/administrative-professional/,keep,kept_seed_backfill,norquest_seed_backfill,seed_backfill,
NorQuest,Advanced Education in Orthopedics for LPN,Post-diploma certificate,https://www.norquest.ca/programs-and-courses/programs/advanced-education-in-orthopedics-for-lpn/,keep,kept_seed_backfill,norquest_seed_backfill,seed_backfill,
NorQuest,Arts and Sciences Diploma,Diploma,https://www.norquest.ca/programs-and-courses/programs/arts-and-sciences/,keep,kept_seed_backfill,norquest_seed_backfill,seed_backfill,
NorQuest,Autism in the workplace,Digital badge,https://www.norquest.ca/programs-and-courses/programs/autism-in-the-workplace/,keep,kept_seed_backfill,norquest_seed_backfill,seed_backfill,
NorQuest,Autism Studies,Post-diploma certificate,https://www.norquest.ca/programs-and-courses/programs/autism-studies/,keep,kept_seed_backfill,norquest_seed_backfill,seed_backfill,
NorQuest,Behaviour and Regulation Studies,Post-diploma certificate,https://www.norquest.ca/programs-and-courses/programs/behaviour-and-regulation-studies/,keep,kept_seed_backfill,norquest_seed_backfill,seed_backfill,
NorQuest,"Biological, Life, and Health Sciences Specialization",Diploma,https://www.norquest.ca/programs-and-courses/programs/biological-life-and-health-sciences-specialization/,keep,kept_seed_backfill,norquest_seed_backfill,seed_backfill,
NorQuest,Building Service Worker,Completion certificate,https://www.norquest.ca/programs-and-courses/programs/building-service-worker/,keep,kept_seed_backfill,norquest_seed_backfill,seed_backfill,
NorQuest,Business Administration,Diploma,https://www.norquest.ca/programs-and-courses/programs/business-administration/,keep,kept_seed_backfill,norquest_seed_backfill,seed_backfill,
NorQuest,CAEC Readiness,Microcredential,https://www.norquest.ca/programs-and-courses/programs/caec-readiness/,keep,kept_seed_backfill,norquest_seed_backfill,seed_backfill,
NorQuest,Child and Youth Care,Diploma,https://www.norquest.ca/programs-and-courses/programs/child-and-youth-care/,keep,kept_seed_backfill,norquest_seed_backfill,seed_backfill,
NorQuest,Clinical Practice Enhancement for LPNs,Completion certificate,https://www.norquest.ca/programs-and-courses/programs/clinical-practice-enhancement-for-lpns/,keep,kept_seed_backfill,norquest_seed_backfill,seed_backfill,
NorQuest,Community Support Worker,Certificate,https://www.norquest.ca/programs-and-courses/programs/community-support-worker/,keep,kept_seed_backfill,norquest_seed_backfill,seed_backfill,
NorQuest,Content Creator,Certificate,https://www.norquest.ca/programs-and-courses/programs/content-creator/,keep,kept_seed_backfill,norquest_seed_backfill,seed_backfill,
NorQuest,Demystifying Accessibility,Digital badge,https://www.norquest.ca/programs-and-courses/programs/demystifying-accessibility/,keep,kept_seed_backfill,norquest_seed_backfill,seed_backfill,
NorQuest,Dental Office Assistant,Certificate,https://www.norquest.ca/programs-and-courses/programs/dental-office-assistant/,keep,kept_seed_backfill,norquest_seed_backfill,seed_backfill,
NorQuest,Digital Design,Diploma,https://www.norquest.ca/programs-and-courses/programs/digital-design/,keep,kept_seed_backfill,norquest_seed_backfill,seed_backfill,
NorQuest,Digital Information Careers,Certificate,https://www.norquest.ca/programs-and-courses/programs/digital-information-careers/,keep,kept_seed_backfill,norquest_seed_backfill,seed_backfill,
NorQuest,Digital Marketing,Post-diploma certificate,https://www.norquest.ca/programs-and-courses/programs/digital-marketing/,keep,kept_seed_backfill,norquest_seed_backfill,seed_backfill,
NorQuest,Disability Studies,Diploma,https://www.norquest.ca/programs-and-courses/programs/disability-studies/,keep,kept_seed_backfill,norquest_seed_backfill,seed_backfill,
NorQuest,EAL Intensive,Course credits,https://www.norquest.ca/programs-and-courses/programs/eal-intensive/,keep,kept_seed_backfill,norquest_seed_backfill,seed_backfill,
NorQuest,Early Learning and Child Care – certificate,Certificate,https://www.norquest.ca/programs-and-courses/programs/early-learning-and-child-care/,keep,kept_seed_backfill,norquest_seed_backfill,seed_backfill,
NorQuest,Early Learning and Child Care – diploma,Diploma,https://www.norquest.ca/programs-and-courses/programs/early-learning-and-child-care-diploma/,keep,kept_seed_backfill,norquest_seed_backfill,seed_backfill,
NorQuest,Education and Employment Pathways,Completion certificate,https://www.norquest.ca/programs-and-courses/programs/education-and-employment-pathways/,keep,kept_seed_backfill,norquest_seed_backfill,seed_backfill,
NorQuest,Educational Assistant,Certificate,https://www.norquest.ca/programs-and-courses/programs/educational-assistant/,keep,kept_seed_backfill,norquest_seed_backfill,seed_backfill,
NorQuest,Energy Management,Diploma,https://www.norquest.ca/programs-and-courses/programs/energy-management/,keep,kept_seed_backfill,norquest_seed_backfill,seed_backfill,
NorQuest,Engineering University Transfer Certificate,Certificate,https://www.norquest.ca/programs-and-courses/programs/engineering-university-transfer-certificate/,keep,kept_seed_backfill,norquest_seed_backfill,seed_backfill,
NorQuest,Environmental Technician,Diploma,https://www.norquest.ca/programs-and-courses/programs/environmental-technician/,keep,kept_seed_backfill,norquest_seed_backfill,seed_backfill,
NorQuest,Flight Attendant,Completion certificate,https://www.norquest.ca/programs-and-courses/programs/flight-attendant/,keep,kept_seed_backfill,norquest_seed_backfill,seed_backfill,
NorQuest,Foundational Business and Entrepreneurial Skills in Healthcare,Microcredential,https://www.norquest.ca/programs-and-courses/programs/foundational-business-and-entrepreneurial-skills-in-healthcare/,keep,kept_seed_backfill,norquest_seed_backfill,seed_backfill,
NorQuest,Foundations for Learning,Course credits,https://www.norquest.ca/programs-and-courses/programs/foundations-for-learning/,keep,kept_seed_backfill,norquest_seed_backfill,seed_backfill,
NorQuest,Greenhouse Practices and Operational Fundamentals,Microcredential,https://www.norquest.ca/programs-and-courses/programs/greenhouse-practices/,keep,kept_seed_backfill,norquest_seed_backfill,seed_backfill,
NorQuest,Health Care Aide,Certificate,https://www.norquest.ca/programs-and-courses/programs/health-care-aide/,keep,kept_seed_backfill,norquest_seed_backfill,seed_backfill,
NorQuest,Health Care Aide Workplace,Certificate,https://www.norquest.ca/programs-and-courses/programs/health-care-aide-workplace/,keep,kept_seed_backfill,norquest_seed_backfill,seed_backfill,
NorQuest,Health Care Leadership,Post-diploma certificate,https://www.norquest.ca/programs-and-courses/programs/health-care-leadership/,keep,kept_seed_backfill,norquest_seed_backfill,seed_backfill,
NorQuest,Health Information Management,Microcredential,https://www.norquest.ca/programs-and-courses/programs/health-information-management/,keep,kept_seed_backfill,norquest_seed_backfill,seed_backfill,
NorQuest,Hospital Unit Clerk,Certificate,https://www.norquest.ca/programs-and-courses/programs/hospital-unit-clerk/,keep,kept_seed_backfill,norquest_seed_backfill,seed_backfill,
NorQuest,Hospitality Industry Fundamentals,Microcredential,https://www.norquest.ca/programs-and-courses/programs/hospitality-industry-fundamentals/,keep,kept_seed_backfill,norquest_seed_backfill,seed_backfill,
NorQuest,Indigenous Studies,Diploma,https://www.norquest.ca/programs-and-courses/programs/indigenous-studies/,keep,kept_seed_backfill,norquest_seed_backfill,seed_backfill,
NorQuest,Insurance Professional,Completion certificate,https://www.norquest.ca/programs-and-courses/programs/insurance-professional/,keep,kept_seed_backfill,norquest_seed_backfill,seed_backfill,
NorQuest,Interdisciplinary Therapy Assistant,Diploma,https://www.norquest.ca/programs-and-courses/programs/interdisciplinary-therapy-assistant/,keep,kept_seed_backfill,norquest_seed_backfill,seed_backfill,
NorQuest,Introduction to Anti-racism,Digital badge,https://www.norquest.ca/programs-and-courses/programs/introduction-to-anti-racism/,keep,kept_seed_backfill,norquest_seed_backfill,seed_backfill,
NorQuest,Introduction to Applied Research for Innovation,Microcredential,https://www.norquest.ca/programs-and-courses/programs/introduction-to-applied-research-for-innovation/,keep,kept_seed_backfill,norquest_seed_backfill,seed_backfill,
NorQuest,Introduction to Aviation Operations,Microcredential,https://www.norquest.ca/programs-and-courses/programs/introduction-to-aviation-operations/,keep,kept_seed_backfill,norquest_seed_backfill,seed_backfill,
NorQuest,Introduction to Esports,Microcredential,https://www.norquest.ca/programs-and-courses/programs/esports/,keep,kept_seed_backfill,norquest_seed_backfill,seed_backfill,
NorQuest,Introduction to Healthcare Technology,Microcredential,https://www.norquest.ca/programs-and-courses/programs/introduction-to-healthcare-technology/,keep,kept_seed_backfill,norquest_seed_backfill,seed_backfill,
NorQuest,Introduction to Inclusion,Digital badge,https://www.norquest.ca/programs-and-courses/programs/introduction-to-inclusion/,keep,kept_seed_backfill,norquest_seed_backfill,seed_backfill,
NorQuest,Introduction to Intercultural Understanding,Digital badge,https://www.norquest.ca/programs-and-courses/programs/introduction-to-intercultural-understanding/,keep,kept_seed_backfill,norquest_seed_backfill,seed_backfill,
NorQuest,Justice,Diploma,https://www.norquest.ca/programs-and-courses/programs/justice/,keep,kept_seed_backfill,norquest_seed_backfill,seed_backfill,
NorQuest,Leadership Training Certificate,Completion certificate,https://www.norquest.ca/programs-and-courses/programs/leadership-training-certificate/,keep,kept_seed_backfill,norquest_seed_backfill,seed_backfill,
NorQuest,LINC - Language Instruction for Newcomers to Canada,Completion certificate,https://www.norquest.ca/programs-and-courses/programs/language-instruction-for-newcomers-to-canada/,keep,kept_seed_backfill,norquest_seed_backfill,seed_backfill,
NorQuest,Machine Learning Analyst,Diploma,https://www.norquest.ca/programs-and-courses/programs/machine-learning-analyst/,keep,kept_seed_backfill,norquest_seed_backfill,seed_backfill,
NorQuest,Medical Device Reprocessing Technician,Certificate,https://www.norquest.ca/programs-and-courses/programs/medical-device-reprocessing-technician/,keep,kept_seed_backfill,norquest_seed_backfill,seed_backfill,
NorQuest,Medical Office Assistant,Certificate,https://www.norquest.ca/programs-and-courses/programs/medical-office-assistant/,keep,kept_seed_backfill,norquest_seed_backfill,seed_backfill,
NorQuest,Mental Health and Addiction Support Worker,Diploma,https://www.norquest.ca/programs-and-courses/programs/mental-health-and-addiction-support-worker/,keep,kept_seed_backfill,norquest_seed_backfill,seed_backfill,
NorQuest,Mental Health Recovery Practitioner,Post-diploma certificate,https://www.norquest.ca/programs-and-courses/programs/mental-health-recovery-practitioner/,keep,kept_seed_backfill,norquest_seed_backfill,seed_backfill,
NorQuest,"New Media, Communications, and Technology Specialization",Diploma,https://www.norquest.ca/programs-and-courses/programs/new-media-communications-and-technology-specialization/,keep,kept_seed_backfill,norquest_seed_backfill,seed_backfill,
NorQuest,Pharmacy Technician,Diploma,https://www.norquest.ca/programs-and-courses/programs/pharmacy-technician/,keep,kept_seed_backfill,norquest_seed_backfill,seed_backfill,
NorQuest,Practical Nurse,Diploma,https://www.norquest.ca/programs-and-courses/programs/practical-nurse/,keep,kept_seed_backfill,norquest_seed_backfill,seed_backfill,
NorQuest,Practical Nurse Diploma for Internationally Educated Nurses,Diploma,https://www.norquest.ca/programs-and-courses/programs/practical-nurse-diploma-for-internationally-educated-nurses/,keep,kept_seed_backfill,norquest_seed_backfill,seed_backfill,
NorQuest,Promoting Labour Market Attachment for Newcomers Living With Disabilities,Completion certificate,https://www.norquest.ca/programs-and-courses/programs/promoting-labour-market-attachment-for-newcomers-living-with-disabilities/,keep,kept_seed_backfill,norquest_seed_backfill,seed_backfill,
NorQuest,Settlement Studies,Diploma,https://www.norquest.ca/programs-and-courses/programs/settlement-studies/,keep,kept_seed_backfill,norquest_seed_backfill,seed_backfill,
NorQuest,Social Work,Diploma,https://www.norquest.ca/programs-and-courses/programs/social-work/,keep,kept_seed_backfill,norquest_seed_backfill,seed_backfill,
NorQuest,Solar Photovoltaic (PV) Systems and Installation,Microcredential,https://www.norquest.ca/programs-and-courses/programs/solar-systems-and-installation/,keep,kept_seed_backfill,norquest_seed_backfill,seed_backfill,
NorQuest,Sustainability Coordinator,Diploma,https://www.norquest.ca/programs-and-courses/programs/sustainability-coordinator/,keep,kept_seed_backfill,norquest_seed_backfill,seed_backfill,
NorQuest,Taxi Ambassador,Completion certificate,https://www.norquest.ca/programs-and-courses/programs/taxi-ambassador/,keep,kept_seed_backfill,norquest_seed_backfill,seed_backfill,
NorQuest,Teaching English as a Second Language,Completion certificate,https://www.norquest.ca/programs-and-courses/programs/teaching-english-as-a-second-language/,keep,kept_seed_backfill,norquest_seed_backfill,seed_backfill,
NorQuest,Therapeutic Recreation,Diploma,https://www.norquest.ca/programs-and-courses/programs/therapeutic-recreation/,keep,kept_seed_backfill,norquest_seed_backfill,seed_backfill,
NorQuest,Tourism Supply Chain Fundamentals,Microcredential,https://www.norquest.ca/programs-and-courses/programs/tourism-supply-chain-fundamentals/,keep,kept_seed_backfill,norquest_seed_backfill,seed_backfill,
NorQuest,Trades Pathways for Newcomers - Carpentry,Completion certificate,https://www.norquest.ca/programs-and-courses/programs/trades-pathways-for-newcomers-carpentry/,keep,kept_seed_backfill,norquest_seed_backfill,seed_backfill,
NorQuest,Transitions to Employment,Certificate,https://www.norquest.ca/programs-and-courses/programs/transitions-to-employment/,keep,kept_seed_backfill,norquest_seed_backfill,seed_backfill,
NorQuest,Upskilling For Data Analytics and Business Intelligence for Autistic Individuals,Completion certificate,https://www.norquest.ca/programs-and-courses/programs/upskilling-for-data-analytics-and-business-intelligence/,keep,kept_seed_backfill,norquest_seed_backfill,seed_backfill,
NorQuest,Veterinary Office Assistant,Certificate,https://www.norquest.ca/programs-and-courses/programs/veterinary-office-assistant/,keep,kept_seed_backfill,norquest_seed_backfill,seed_backfill,
NorQuest,Workplace Soft Skills,Completion certificate,https://www.norquest.ca/programs-and-courses/programs/workplace-soft-skills/,keep,kept_seed_backfill,norquest_seed_backfill,seed_backfill,
MacEwan,Accounting,Other,https://www.macewan.ca/academics/academic-departments/accounting-finance/academics/accounting-honours/,keep,kept_seed_replace,macewan_seed_replace,seed_replace,
MacEwan,Accounting,Other,https://www.macewan.ca/academics/academic-departments/accounting-finance/academics/accounting-major/,keep,kept_seed_replace,macewan_seed_replace,seed_replace,
MacEwan,Accounting and Strategic Measurement,Other,https://www.macewan.ca/academics/programs/accounting-and-strategic-measurement/admissions/requirements/index.html,keep,kept_seed_replace,macewan_seed_replace,seed_replace,
MacEwan,Accounting Technology,Other,https://www.macewan.ca/academics/programs/accounting-and-strategic-measurement/admissions/requirements/index.html,keep,kept_seed_replace,macewan_seed_replace,seed_replace,
MacEwan,Acupuncture,Other,https://www.macewan.ca/academics/programs/acupuncture/admissions/requirements/index.html,keep,kept_seed_replace,macewan_seed_replace,seed_replace,
MacEwan,Alberta Foundation Program,Other,https://www.macewan.ca/academics/programs/alberta-foundation-program/,keep,kept_seed_replace,macewan_seed_replace,seed_replace,
MacEwan,Anthropology,Other,https://www.macewan.ca/academics/academic-departments/anthropology-economics-political-science/academics/anthropology-honours/,keep,kept_seed_replace,macewan_seed_replace,seed_replace,
MacEwan,Anthropology,Other,https://www.macewan.ca/academics/academic-departments/anthropology-economics-political-science/academics/anthropology-major/,keep,kept_seed_replace,macewan_seed_replace,seed_replace,
MacEwan,Applied Statistics,Other,https://www.macewan.ca/academics/academic-departments/mathematics-statistics/academics/applied-statistics-honours/,keep,kept_seed_replace,macewan_seed_replace,seed_replace,
MacEwan,Applied Statistics,Other,https://www.macewan.ca/academics/academic-departments/mathematics-statistics/academics/applied-statistics-major/,keep,kept_seed_replace,macewan_seed_replace,seed_replace,
MacEwan,Arts and Cultural Management,Other,https://www.macewan.ca/academics/programs/bachelor-of-fine-arts/admissions/requirements/index.html,keep,kept_seed_replace,macewan_seed_replace,seed_replace,
MacEwan,Arts and Cultural Management,Other,https://www.macewan.ca/academics/programs/bachelor-of-fine-arts/admissions/requirements/index.html,keep,kept_seed_replace,macewan_seed_replace,seed_replace,
MacEwan,Aviation Management,Other,https://www.macewan.ca/academics/programs/business-management/admissions/requirements/index.html,keep,kept_seed_replace,macewan_seed_replace,seed_replace,
MacEwan,Bachelor of Applied Human Service Administration,Other,https://www.macewan.ca/academics/programs/bachelor-of-applied-human-service-administration/admissions/requirements/index.html,keep,kept_seed_replace,macewan_seed_replace,seed_replace,
MacEwan,Bachelor of Arts,Other,https://www.macewan.ca/academics/programs/bachelor-of-arts/admissions/requirements/index.html,keep,kept_seed_replace,macewan_seed_replace,seed_replace,
MacEwan,Bachelor of Child and Youth Care,Other,https://www.macewan.ca/academics/programs/bachelor-of-child-and-youth-care/admissions/requirements/index.html,keep,kept_seed_replace,macewan_seed_replace,seed_replace,
MacEwan,Bachelor of Commerce,Other,https://www.macewan.ca/academics/programs/bachelor-of-commerce/admissions/requirements/index.html,keep,kept_seed_replace,macewan_seed_replace,seed_replace,
MacEwan,Bachelor of Communication Studies,Other,https://www.macewan.ca/academics/programs/bachelor-of-communication-studies/admissions/requirements/index.html,keep,kept_seed_replace,macewan_seed_replace,seed_replace,
MacEwan,Bachelor of Design,Other,https://www.macewan.ca/academics/programs/bachelor-of-design/admissions/requirements/index.html,keep,kept_seed_replace,macewan_seed_replace,seed_replace,
MacEwan,Bachelor of Early Childhood Curriculum Studies,Other,https://www.macewan.ca/academics/programs/bachelor-of-early-childhood-curriculum-studies/admissions/requirements/index.html,keep,kept_seed_replace,macewan_seed_replace,seed_replace,
MacEwan,Bachelor of Fine Arts,Other,https://www.macewan.ca/academics/programs/bachelor-of-fine-arts/admissions/requirements/index.html,keep,kept_seed_replace,macewan_seed_replace,seed_replace,
MacEwan,Bachelor of Music,Other,https://www.macewan.ca/academics/programs/bachelor-of-music/admissions/requirements/index.html,keep,kept_seed_replace,macewan_seed_replace,seed_replace,
MacEwan,Bachelor of Physical Education Transfer,Other,https://www.macewan.ca/academics/programs/bachelor-of-physical-education-transfer/admissions/requirements/index.html,keep,kept_seed_replace,macewan_seed_replace,seed_replace,
MacEwan,Bachelor of Psychiatric Nursing,Other,https://www.macewan.ca/academics/programs/bachelor-of-psychiatric-nursing/admissions/requirements/index.html,keep,kept_seed_replace,macewan_seed_replace,seed_replace,
MacEwan,Bachelor of Public Safety and Justice,Other,https://www.macewan.ca/academics/programs/bachelor-of-public-safety-and-justice/admissions/requirements/index.html,keep,kept_seed_replace,macewan_seed_replace,seed_replace,
MacEwan,Bachelor of Science,Other,https://www.macewan.ca/academics/programs/bachelor-of-science/admissions/requirements/index.html,keep,kept_seed_replace,macewan_seed_replace,seed_replace,
MacEwan,Bachelor of Science in Nursing,Other,https://www.macewan.ca/academics/programs/bachelor-of-science-in-nursing/admissions/requirements/index.html,keep,kept_seed_replace,macewan_seed_replace,seed_replace,
MacEwan,Bachelor of Social Work,Other,https://www.macewan.ca/academics/programs/bachelor-of-social-work/admissions/requirements/index.html,keep,kept_seed_replace,macewan_seed_replace,seed_replace,
MacEwan,Behaviour Analysis,Other,https://www.macewan.ca/academics/programs/behaviour-analysis/admissions/requirements/index.html,keep,kept_seed_replace,macewan_seed_replace,seed_replace,
MacEwan,Biological Sciences,Other,https://www.macewan.ca/academics/academic-departments/biological-sciences/academics/biological-sciences-honours/,keep,kept_seed_replace,macewan_seed_replace,seed_replace,
MacEwan,Biological Sciences,Other,https://www.macewan.ca/academics/academic-departments/biological-sciences/academics/biological-sciences-major/,keep,kept_seed_replace,macewan_seed_replace,seed_replace,
MacEwan,Bridge to Canadian Nursing,Other,https://www.macewan.ca/academics/programs/bridge-to-canadian-nursing/,keep,kept_seed_replace,macewan_seed_replace,seed_replace,
MacEwan,Business Management,Other,https://www.macewan.ca/academics/programs/business-management/admissions/requirements/index.html,keep,kept_seed_replace,macewan_seed_replace,seed_replace,
MacEwan,Business Management,Other,https://www.macewan.ca/academics/programs/business-management/admissions/requirements/index.html,keep,kept_seed_replace,macewan_seed_replace,seed_replace,
MacEwan,Chemistry,Other,https://www.macewan.ca/academics/academic-departments/physical-sciences/academics/chemistry-major/,keep,kept_seed_replace,macewan_seed_replace,seed_replace,
MacEwan,Child and Youth Care,Other,https://www.macewan.ca/academics/programs/bachelor-of-child-and-youth-care/admissions/requirements/index.html,keep,kept_seed_replace,macewan_seed_replace,seed_replace,
MacEwan,Community Justice and Corrections,Other,https://www.macewan.ca/academics/programs/community-justice-and-corrections/admissions/requirements/index.html,keep,kept_seed_replace,macewan_seed_replace,seed_replace,
MacEwan,Composition,Other,https://www.macewan.ca/academics/programs/bachelor-of-music/admissions/requirements/index.html,keep,kept_seed_replace,macewan_seed_replace,seed_replace,
MacEwan,Computer Science,Other,https://www.macewan.ca/academics/academic-departments/computer-science/academics/computer-science-major/,keep,kept_seed_replace,macewan_seed_replace,seed_replace,
MacEwan,Data Science,Other,https://www.macewan.ca/academics/academic-departments/mathematics-statistics/academics/data-science-major/,keep,kept_seed_replace,macewan_seed_replace,seed_replace,
MacEwan,Digital Experience Design,Other,https://www.macewan.ca/academics/programs/digital-experience-design/admissions/requirements/index.html,keep,kept_seed_replace,macewan_seed_replace,seed_replace,
MacEwan,Digital Experience Design,Other,https://www.macewan.ca/academics/programs/bachelor-of-design/admissions/requirements/index.html,keep,kept_seed_replace,macewan_seed_replace,seed_replace,
MacEwan,Early Learning and Child Care,Other,https://www.macewan.ca/academics/programs/bachelor-of-early-childhood-curriculum-studies/admissions/requirements/index.html,keep,kept_seed_replace,macewan_seed_replace,seed_replace,
MacEwan,Economics,Other,https://www.macewan.ca/academics/academic-departments/anthropology-economics-political-science/academics/economics-honours/,keep,kept_seed_replace,macewan_seed_replace,seed_replace,
MacEwan,Economics,Other,https://www.macewan.ca/academics/academic-departments/anthropology-economics-political-science/academics/economics-major/,keep,kept_seed_replace,macewan_seed_replace,seed_replace,
MacEwan,Educational Assistant,Other,https://www.macewan.ca/academics/programs/educational-assistant/admissions/requirements/index.html,keep,kept_seed_replace,macewan_seed_replace,seed_replace,
MacEwan,Emergency Communications and Response,Other,https://www.macewan.ca/academics/programs/emergency-communications-response/admissions/requirements/index.html,keep,kept_seed_replace,macewan_seed_replace,seed_replace,
MacEwan,English,Other,https://www.macewan.ca/academics/academic-departments/english/academics/english-honours/,keep,kept_seed_replace,macewan_seed_replace,seed_replace,
MacEwan,English,Other,https://www.macewan.ca/academics/academic-departments/english/academics/english-major/,keep,kept_seed_replace,macewan_seed_replace,seed_replace,
MacEwan,English as an Additional Language (EAL),Other,https://www.macewan.ca/academics/programs/english-as-an-additional-language/,keep,kept_seed_replace,macewan_seed_replace,seed_replace,
MacEwan,Environmental Sciences,Other,https://www.macewan.ca/academics/academic-departments/physical-sciences/academics/environmental-sciences-major/,keep,kept_seed_replace,macewan_seed_replace,seed_replace,
MacEwan,Foundation Program International,Other,https://www.macewan.ca/academics/programs/foundation-program-international/,keep,kept_seed_replace,macewan_seed_replace,seed_replace,
MacEwan,Foundation Program pimâcihisowin,Other,https://www.macewan.ca/academics/programs/foundation-program-pimacihisowin/,keep,kept_seed_replace,macewan_seed_replace,seed_replace,
MacEwan,General,Other,https://www.macewan.ca/academics/programs/bachelor-of-music/admissions/requirements/index.html,keep,kept_seed_replace,macewan_seed_replace,seed_replace,
MacEwan,Gerontology,Other,https://www.macewan.ca/academics/programs/gerontology/admissions/requirements/index.html,keep,kept_seed_replace,macewan_seed_replace,seed_replace,
MacEwan,Graphic Design,Other,https://www.macewan.ca/academics/programs/bachelor-of-design/admissions/requirements/index.html,keep,kept_seed_replace,macewan_seed_replace,seed_replace,
MacEwan,Hearing Aid Practitioner,Other,https://www.macewan.ca/academics/programs/hearing-aid-practitioner/admissions/requirements/index.html,keep,kept_seed_replace,macewan_seed_replace,seed_replace,
MacEwan,History,Other,https://www.macewan.ca/academics/academic-departments/humanities/academics/history-major/,keep,kept_seed_replace,macewan_seed_replace,seed_replace,
MacEwan,Hospice Palliative Care,Other,https://www.macewan.ca/academics/programs/hospice-palliative-care/admissions/requirements/index.html,keep,kept_seed_replace,macewan_seed_replace,seed_replace,
MacEwan,Human Resources Management,Other,https://www.macewan.ca/academics/programs/human-resources-management/admissions/requirements/index.html,keep,kept_seed_replace,macewan_seed_replace,seed_replace,
MacEwan,Human Resources Management,Other,https://www.macewan.ca/academics/programs/human-resources-management/admissions/requirements/index.html,keep,kept_seed_replace,macewan_seed_replace,seed_replace,
MacEwan,Human Resources Management,Other,https://www.macewan.ca/academics/academic-departments/management-organizations/academics/hrmt-honours/,keep,kept_seed_replace,macewan_seed_replace,seed_replace,
MacEwan,Human Resources Management,Other,https://www.macewan.ca/academics/academic-departments/management-organizations/academics/hrmt-major/,keep,kept_seed_replace,macewan_seed_replace,seed_replace,
MacEwan,Insurance and Risk Management,Other,https://www.macewan.ca/academics/programs/business-management/admissions/requirements/index.html,keep,kept_seed_replace,macewan_seed_replace,seed_replace,
MacEwan,International Business,Other,https://www.macewan.ca/academics/academic-departments/international-business-marketing-strategy-law/academics/international-business-honours/,keep,kept_seed_replace,macewan_seed_replace,seed_replace,
MacEwan,International Business,Other,https://www.macewan.ca/academics/academic-departments/international-business-marketing-strategy-law/academics/international-business-major/,keep,kept_seed_replace,macewan_seed_replace,seed_replace,
MacEwan,Journalism,Other,https://www.macewan.ca/academics/programs/bachelor-of-communication-studies/admissions/requirements/index.html,keep,kept_seed_replace,macewan_seed_replace,seed_replace,
MacEwan,Legal Studies in Business,Other,https://www.macewan.ca/academics/academic-departments/international-business-marketing-strategy-law/academics/legal-studies-in-business-major/,keep,kept_seed_replace,macewan_seed_replace,seed_replace,
MacEwan,Library and Information Technology,Other,https://www.macewan.ca/academics/programs/library-and-information-technology/admissions/requirements/index.html,keep,kept_seed_replace,macewan_seed_replace,seed_replace,
MacEwan,Management,Other,https://www.macewan.ca/academics/academic-departments/management-organizations/academics/mgmt-honours/,keep,kept_seed_replace,macewan_seed_replace,seed_replace,
MacEwan,Management,Other,https://www.macewan.ca/academics/academic-departments/management-organizations/academics/mgmt-major/,keep,kept_seed_replace,macewan_seed_replace,seed_replace,
MacEwan,Marketing,Other,https://www.macewan.ca/academics/academic-departments/international-business-marketing-strategy-law/academics/marketing-honours/,keep,kept_seed_replace,macewan_seed_replace,seed_replace,
MacEwan,Marketing,Other,https://www.macewan.ca/academics/academic-departments/international-business-marketing-strategy-law/academics/marketing-major/,keep,kept_seed_replace,macewan_seed_replace,seed_replace,
MacEwan,Massage Therapy,Other,https://www.macewan.ca/academics/programs/massage-therapy/admissions/requirements/index.html,keep,kept_seed_replace,macewan_seed_replace,seed_replace,
MacEwan,Mathematical Sciences,Other,https://www.macewan.ca/academics/academic-departments/mathematics-statistics/academics/mathematics-sciences-major/,keep,kept_seed_replace,macewan_seed_replace,seed_replace,
MacEwan,Mathematics,Other,https://www.macewan.ca/academics/academic-departments/mathematics-statistics/academics/mathematics-honours/,keep,kept_seed_replace,macewan_seed_replace,seed_replace,
MacEwan,Mathematics,Other,https://www.macewan.ca/academics/academic-departments/mathematics-statistics/academics/mathematics-major/,keep,kept_seed_replace,macewan_seed_replace,seed_replace,
MacEwan,Music,Other,https://www.macewan.ca/academics/programs/bachelor-of-music/admissions/requirements/index.html,keep,kept_seed_replace,macewan_seed_replace,seed_replace,
MacEwan,Music Theatre Performance,Other,https://www.macewan.ca/academics/programs/bachelor-of-fine-arts/admissions/requirements/index.html,keep,kept_seed_replace,macewan_seed_replace,seed_replace,
MacEwan,Music Theatre Performance,Other,https://www.macewan.ca/academics/programs/bachelor-of-fine-arts/admissions/requirements/index.html,keep,kept_seed_replace,macewan_seed_replace,seed_replace,
MacEwan,Office Assistant,Other,https://www.macewan.ca/academics/programs/office-assistant/admissions/requirements/index.html,keep,kept_seed_replace,macewan_seed_replace,seed_replace,
MacEwan,Office Assistant - Administrative,Other,https://www.macewan.ca/academics/programs/office-assistant/admissions/requirements/index.html,keep,kept_seed_replace,macewan_seed_replace,seed_replace,
MacEwan,Office Assistant - Legal,Other,https://www.macewan.ca/academics/programs/office-assistant/admissions/requirements/index.html,keep,kept_seed_replace,macewan_seed_replace,seed_replace,
MacEwan,Office Assistant - Medical,Other,https://www.macewan.ca/academics/programs/office-assistant/admissions/requirements/index.html,keep,kept_seed_replace,macewan_seed_replace,seed_replace,
MacEwan,Open Studies,Other,https://www.macewan.ca/academics/programs/open-studies/,keep,kept_seed_replace,macewan_seed_replace,seed_replace,
MacEwan,Paralegal Studies,Other,https://www.macewan.ca/academics/programs/paralegal-studies/admissions/requirements/index.html,keep,kept_seed_replace,macewan_seed_replace,seed_replace,
MacEwan,Performance,Other,https://www.macewan.ca/academics/programs/bachelor-of-music/admissions/requirements/index.html,keep,kept_seed_replace,macewan_seed_replace,seed_replace,
MacEwan,Perioperative Nursing for Registered Nurses and Licensed Practical Nurses,Other,https://www.macewan.ca/academics/programs/perioperative-nursing/admissions/requirements/index.html,keep,kept_seed_replace,macewan_seed_replace,seed_replace,
MacEwan,Philosophy,Other,https://www.macewan.ca/academics/academic-departments/humanities/academics/philosophy-major/,keep,kept_seed_replace,macewan_seed_replace,seed_replace,
MacEwan,Physical Sciences,Other,https://www.macewan.ca/academics/academic-departments/physical-sciences/academics/physical-sciences-major/,keep,kept_seed_replace,macewan_seed_replace,seed_replace,
MacEwan,Physical Therapist Assistant and Occupational Therapist Assistant,Other,https://www.macewan.ca/academics/programs/physical-therapist-assistant-and-occupational-therapist-assistant/admissions/requirements/index.html,keep,kept_seed_replace,macewan_seed_replace,seed_replace,
MacEwan,Police and Investigations - Investigative Studies,Other,https://www.macewan.ca/academics/programs/police-investigations-investigative-studies/admissions/requirements/index.html,keep,kept_seed_replace,macewan_seed_replace,seed_replace,
MacEwan,Police and Investigations - Police Studies,Other,https://www.macewan.ca/academics/programs/police-investigations-police-studies/admissions/requirements/index.html,keep,kept_seed_replace,macewan_seed_replace,seed_replace,
MacEwan,Political Science,Other,https://www.macewan.ca/academics/academic-departments/anthropology-economics-political-science/academics/political-science-honours/,keep,kept_seed_replace,macewan_seed_replace,seed_replace,
MacEwan,Political Science,Other,https://www.macewan.ca/academics/academic-departments/anthropology-economics-political-science/academics/political-science-major/,keep,kept_seed_replace,macewan_seed_replace,seed_replace,
MacEwan,Professional Communication,Other,https://www.macewan.ca/academics/programs/bachelor-of-communication-studies/admissions/requirements/index.html,keep,kept_seed_replace,macewan_seed_replace,seed_replace,
MacEwan,Psychiatric Nursing,Other,https://www.macewan.ca/academics/programs/bachelor-of-psychiatric-nursing/admissions/requirements/index.html,keep,kept_seed_replace,macewan_seed_replace,seed_replace,
MacEwan,Psychology,Other,https://www.macewan.ca/academics/academic-departments/psychology/academics/psychology-honours/,keep,kept_seed_replace,macewan_seed_replace,seed_replace,
MacEwan,Psychology,Other,https://www.macewan.ca/academics/academic-departments/psychology/academics/psychology-honours/,keep,kept_seed_replace,macewan_seed_replace,seed_replace,
MacEwan,Psychology,Other,https://www.macewan.ca/academics/academic-departments/psychology/academics/psychology-major/,keep,kept_seed_replace,macewan_seed_replace,seed_replace,
MacEwan,Psychology,Other,https://www.macewan.ca/academics/academic-departments/psychology/academics/psychology-major/,keep,kept_seed_replace,macewan_seed_replace,seed_replace,
MacEwan,Public Relations,Other,https://www.macewan.ca/academics/programs/bachelor-of-communication-studies/admissions/requirements/index.html,keep,kept_seed_replace,macewan_seed_replace,seed_replace,
MacEwan,Recording and Production,Other,https://www.macewan.ca/academics/programs/bachelor-of-music/admissions/requirements/index.html,keep,kept_seed_replace,macewan_seed_replace,seed_replace,
MacEwan,Social Work,Other,https://www.macewan.ca/academics/programs/social-work/admissions/requirements/index.html,keep,kept_seed_replace,macewan_seed_replace,seed_replace,
MacEwan,Sociology,Other,https://www.macewan.ca/academics/academic-departments/sociology/academics/sociology-honours/,keep,kept_seed_replace,macewan_seed_replace,seed_replace,
MacEwan,Sociology,Other,https://www.macewan.ca/academics/academic-departments/sociology/academics/sociology-major/,keep,kept_seed_replace,macewan_seed_replace,seed_replace,
MacEwan,Speech Language Pathologist Assistant,Other,https://www.macewan.ca/academics/programs/speech-language-pathologist-assistant/admissions/requirements/index.html,keep,kept_seed_replace,macewan_seed_replace,seed_replace,
MacEwan,Studio Arts,Other,https://www.macewan.ca/academics/programs/bachelor-of-fine-arts/admissions/requirements/index.html,keep,kept_seed_replace,macewan_seed_replace,seed_replace,
MacEwan,Studio Arts,Other,https://www.macewan.ca/academics/programs/bachelor-of-fine-arts/admissions/requirements/index.html,keep,kept_seed_replace,macewan_seed_replace,seed_replace,
MacEwan,Supply Chain Management,Other,https://www.macewan.ca/academics/academic-departments/decision-sciences/academics/supply-chain-management-major/,keep,kept_seed_replace,macewan_seed_replace,seed_replace,
MacEwan,Theatre Production,Other,https://www.macewan.ca/academics/programs/bachelor-of-fine-arts/admissions/requirements/index.html,keep,kept_seed_replace,macewan_seed_replace,seed_replace,
MacEwan,Theatre Production,Other,https://www.macewan.ca/academics/programs/bachelor-of-fine-arts/admissions/requirements/index.html,keep,kept_seed_replace,macewan_seed_replace,seed_replace,
MacEwan,Travel and Tourism,Other,https://www.macewan.ca/academics/programs/travel-and-tourism/admissions/requirements/index.html,keep,kept_seed_replace,macewan_seed_replace,seed_replace,
MacEwan,University Preparation,Other,https://www.macewan.ca/academics/programs/university-preparation/,keep,kept_seed_replace,macewan_seed_replace,seed_replace,
UAlberta,"Agricultural, Life and Environmental Sciences (ALES) (First-Year)",Degree,https://www.ualberta.ca/en/agriculture-life-environment-sciences/programs/undergraduate-programs/admissions/index.html,keep,kept_seed_replace,ualberta_seed_replace,seed_replace,
UAlberta,Art & Design (First-Year),Degree,https://www.ualberta.ca/en/art-design/admissions/undergraduate-application/index.html,keep,kept_seed_replace,ualberta_seed_replace,seed_replace,
UAlberta,Arts (First-Year),Degree,https://www.ualberta.ca/en/arts/programs/undergraduate-programs/admissions/index.html,keep,kept_seed_replace,ualberta_seed_replace,seed_replace,
UAlberta,Augustana (First-Year),Degree,https://www.ualberta.ca/en/augustana/programs/admissions/index.html,keep,kept_seed_replace,ualberta_seed_replace,seed_replace,
UAlberta,Business (Preprofessional Entry),Other,https://www.ualberta.ca/en/business/programs/bachelor-of-commerce/degrees/bcom/admissions.html,keep,kept_seed_replace,ualberta_seed_replace,seed_replace,
UAlberta,Campus Saint-Jean (First-Year),Degree,https://www.ualberta.ca/en/campus-saint-jean/programs/undergraduate/admissions/index.html,keep,kept_seed_replace,ualberta_seed_replace,seed_replace,
UAlberta,Education (First-Year),Degree,https://www.ualberta.ca/en/education/programs/undergraduate-programs/admission-requirements.html,keep,kept_seed_replace,ualberta_seed_replace,seed_replace,
UAlberta,Engineering (First-Year),Degree,https://www.ualberta.ca/en/engineering/admissions-programs/undergraduate/admissions/index.html,keep,kept_seed_replace,ualberta_seed_replace,seed_replace,
UAlberta,Kinesiology (BScKin) (First-Year),Degree,https://www.ualberta.ca/en/kinesiology-sport-recreation/programs/undergraduate-programs/admissions/index.html,keep,kept_seed_replace,ualberta_seed_replace,seed_replace,
UAlberta,Music (First-Year),Degree,https://www.ualberta.ca/en/music/admissions/undergraduate-admissions/index.html,keep,kept_seed_replace,ualberta_seed_replace,seed_replace,
UAlberta,Native Studies (First-Year),Degree,https://www.ualberta.ca/en/native-studies/students/undergraduate.html,keep,kept_seed_replace,ualberta_seed_replace,seed_replace,
UAlberta,Nursing (First-Year),Degree,https://www.ualberta.ca/en/nursing/programs/undergraduate-programs-and-their-admissions-requirements/index.html,keep,kept_seed_replace,ualberta_seed_replace,seed_replace,
UAlberta,Open Studies (First-Year),Other,https://www.ualberta.ca/en/registrar/registration-and-courses/special-registrations/open-studies/index.html,keep,kept_seed_replace,ualberta_seed_replace,seed_replace,
UAlberta,Science (First-Year),Degree,https://www.ualberta.ca/en/science/programs/bachelor-of-science/admission-to-science/index.html,keep,kept_seed_replace,ualberta_seed_replace,seed_replace,
norquest,Accounting Technician,,https://www.norquest.ca/programs-and-courses/programs/accounting-technician/,keep,override_include,PROGRAM_OVERRIDES,override,rules appear https://www.norquest.ca/programs-and-courses/programs/accounting-technician/program-requirements/. | NorQuest high-school-template sample (missing credential/status in canonical)
norquest,Practical Nurse,,https://www.norquest.ca/programs-and-courses/programs/practical-nurse/,keep,override_include,PROGRAM_OVERRIDES,override,rules appear on https://www.norquest.ca/programs-and-courses/programs/practical-nurse/program-requirements/ | NorQuest second high-school-template sample
norquest,Health Care Aide,,https://www.norquest.ca/programs-and-courses/programs/health-care-aide/,keep,override_include,PROGRAM_OVERRIDES,override,rules appear on https://www.norquest.ca/programs-and-courses/programs/health-care-aide/program-requirements/ | NorQuest placement/assessment-template sample
nait,AI and Data Governance for Innovation and Impact,Certificate,https://www.nait.ca/nait/continuing-education/programs/ai-and-data-governance-certificate,drop,override_exclude,PROGRAM_OVERRIDES,override,continuing ed template | NAIT continuing-ed program template
nait,Advanced Machining Centre Programming - Milling,Certificate,https://www.nait.ca/nait/continuing-education/courses/mach206-advanced-machining-centre-programming,drop,override_exclude,PROGRAM_OVERRIDES,override,continuing ed template | NAIT continuing-ed course template
nait,Animation (Area of Emphasis),Certificate,https://www.nait.ca/nait/schools-programs/school-of-applied-sciences-and-technology/walkthroughs/dmit-areas-of-emphasis/animation,drop,override_exclude,PROGRAM_OVERRIDES,override,this is not a program | NAIT likely non-program/area-of-emphasis page pattern
macewan,Acupuncture,Other,https://www.macewan.ca/academics/programs/acupuncture/admissions/requirements/index.html,keep,override_include,PROGRAM_OVERRIDES,override,"button to open regular admission categories <div class=""accordion-cell-title collapsed"" tabindex=""0"">Regular admission<span class=""fa-solid fa-chevron-down closed-icon""></span><span class=""fa-solid fa-chevron-up open-icon""></span></div>. and the actual competitive admission rates are <div class=""textflow-block col-12 ""> <h3>Competitive criteria</h3> <table class=""table-invertible processed"" style=""visibility: visible;""> <tbody> <tr class=""mobile-hidden""> <th width=""40%"">&nbsp;</th> <th width=""30%"">2025/26 AVERAGE</th> <th width=""30%"">2026/27 AVERAGE</th> </tr> <tr> <td class=""mobile-heading""><div class=""mobile-value""><strong>Regular/mature admission</strong></div></td> <td> <div class=""mobile-label"">2025/26 AVERAGE</div> <div class=""mobile-value""> <p>mid 70s to high 80s</p> </div></td> <td> <div class=""mobile-label"">2026/27 AVERAGE</div> <div class=""mobile-value""> <p>mid 70s to high 80s</p> </div></td> </tr> <tr> <td class=""mobile-heading""><div class=""mobile-value""><strong>Previous post-secondary admission</strong></div></td> <td> <div class=""mobile-label"">2025/26 AVERAGE</div> <div class=""mobile-value""> <p>2.7 to 3.7</p> </div></td> <td> <div class=""mobile-label"">2026/27 AVERAGE</div> <div class=""mobile-value""> <p>2.7 to 3.7</p> </div></td> </tr> </tbody> </table> </div> | MacEwan direct admissions-requirements template"
macewan,Accounting Technology | Accounting and Strategic Measurement,Other,https://www.macewan.ca/academics/programs/accounting-and-strategic-measurement/admissions/requirements/index.html,keep,override_include,PROGRAM_OVERRIDES,override,"the element that has the requiresments are here <div class=""accordion-cell-text""><p class=""fineprint"">To be evaluated through the Office of the University Registrar</p> <p>Applicants must have a minimum overall average of 65 percent, with no course grade lower than 50 percent, in the following high school courses:</p> <ol> <li>ELA 30-1 or ELA 30-2</li> <li>Mathematics 30-1 or Mathematics 30-2</li> <li>Three Subjects from Group A, B, C, or D</li> </ol> <p><a class=""feature-glyph clean"" href=""https://www.MacEwan.ca/highschoolsubjects"" rel=""noopener"" target=""_blank"">Learn more about Group A, B, C or D courses</a></p> <h3>Notes:</h3> <ul> <li>Applicants are strongly encouraged to present a broad range of subjects in order to benefit from the breadth of learning and to increase flexibility of future program and course choices.</li> <li>A maximum of two Group B subjects may be presented; they must be from different disciplines.</li> <li>A maximum of one Group D subject may be presented. Group D subjects used for admission must be 5-credit or any credit combination of at least five credits (e.g.: two 3-credit subjects).</li> </ul> <p>Applicants with nine or more post-secondary level credits must also present a minimum Admission Grade Point Average of 2.0 on a 4.0 scale.</p> <p><a class=""feature-glyph clean"" href=""https://www.macewan.ca/AGPA"" rel=""noopener"" target=""_blank"" title=""Learn more about AGPA"">Learn more about AGPA</a></p></div> | MacEwan See Degree inheritance template"
macewan,Biological Sciences,Other,https://www.macewan.ca/academics/academic-departments/biological-sciences/academics/biological-sciences-major/,drop,override_exclude,PROGRAM_OVERRIDES,override,this is a major that is open to students in the bachelor of science so someone who is already enrolled so this is not applicable | MacEwan department-major template (likely inherited/complex rules)
ualberta,Arts (First-Year),Degree,https://www.ualberta.ca/en/arts/programs/undergraduate-programs/admissions/index.html,keep,override_include,PROGRAM_OVERRIDES,override,competitive averages https://www.ualberta.ca/en/admissions/how-to-apply/admission-requirements/competitive-requirements.html | UAlberta admissions template with subject-count language
ualberta,Engineering (First-Year),Degree,https://www.ualberta.ca/en/engineering/admissions-programs/undergraduate/admissions/index.html,keep,override_include,PROGRAM_OVERRIDES,override,competitive average https://www.ualberta.ca/en/admissions/how-to-apply/admission-requirements/competitive-requirements.html | UAlberta competitive/manual nuance template
ualberta,Nursing (First-Year),Degree,https://www.ualberta.ca/en/nursing/programs/undergraduate-programs-and-their-admissions-requirements/index.html,keep,override_include,PROGRAM_OVERRIDES,override,competitive average https://www.ualberta.ca/en/admissions/how-to-apply/admission-requirements/competitive-requirements.html | UAlberta prerequisites + manual nuance template
