"Institution","Program","Credential_Type","Status","Program_URL","Min_Avg_Final","Competitive_Final","Avg_Total","English_Req","English_Min","Eng_30_2_Allowed","Math_Req","Math_Min","Social_Req","Social_Min","Science_Req","Science_Min","Bio_30_Req","Chem_30_Req","Phys_30_Req","Sci_30_Req","Elective_Qty","Elective_Pool","Pool_Allows_Group_A","Pool_Allows_Group_B","Pool_Allows_Group_C","Pool_Allows_Group_D","Requirement_Type","HS_Diploma_Req","Math_Assessment_Flag","ELP_Tests_Mentioned"
"NorQuest","LINC - Language Instruction for Newcomers to Canada","Certificate","Active","https://www.norquest.ca/programs-and-courses/programs/language-instruction-for-newcomers-to-canada/","","","","","","","","","","","","","","","","","","","","","","","Unknown","Unknown","Unknown",""
"NorQuest","Transitions to Employment","Certificate","Active","https://www.norquest.ca/programs-and-courses/programs/transitions-to-employment/","","","","","","","","","","","","","","","","","","","","","","","Unknown","Unknown","Unknown",""
"NorQuest","Digital Information Careers","Certificate","Active","https://www.norquest.ca/programs-and-courses/programs/digital-information-careers/","","","","","","","","","","","","","","","","","","","","","","","placement_assessment; notes: ELP tests mentioned","Yes","Yes","IELTS; Duolingo; CAEL"
"NorQuest","Content Creator","Certificate","Active","https://www.norquest.ca/programs-and-courses/programs/content-creator/","","","","English 20-1","50.0","","Math (unspecified)","65.0","","","","","","","","","","","","","","","placement_assessment; notes: portfolio required; interview required; ELP tests mentioned","Unknown","Yes","IELTS; Duolingo; CAEL"
"NorQuest","Teaching English as a Second Language","Certificate","Active","https://www.norquest.ca/programs-and-courses/programs/teaching-english-as-a-second-language/","","","","","","","","","","","","","","","","","","","","","","","Unknown","Yes","Unknown","IELTS; Duolingo; CAEL; Pearson"
"NorQuest","Dental Office Assistant","Certificate","Active","https://www.norquest.ca/programs-and-courses/programs/dental-office-assistant/","","","","English 30-1 or English 30-2","50","","Placement test","","","","","","","","","","","","","","","","placement_assessment; notes: ELP tests mentioned","Yes","Yes","IELTS; TOEFL; Duolingo; CAEL; Pearson"
"NorQuest","Hospital Unit Clerk","Certificate","Active","https://www.norquest.ca/programs-and-courses/programs/hospital-unit-clerk/","","","","English 30-1 or English 30-2","50","","Placement test","","","","","","","","","","","","","","","","placement_assessment; notes: ELP tests mentioned","Yes","Yes","IELTS; TOEFL; Duolingo; CAEL; Pearson"
"NorQuest","Medical Office Assistant","Certificate","Active","https://www.norquest.ca/programs-and-courses/programs/medical-office-assistant/","","","","English 30-1 or English 30-2","50","","Placement test","","","","","","","","","","","","","","","","placement_assessment; notes: ELP tests mentioned","Yes","Yes","IELTS; TOEFL; Duolingo; CAEL; Pearson"
"NorQuest","Veterinary Office Assistant","Certificate","Active","https://www.norquest.ca/programs-and-courses/programs/veterinary-office-assistant/","","","","English 30-1 or English 30-2","50","","Placement test","","","","","","","","","","","","","","","","placement_assessment; notes: ELP tests mentioned","Yes","Yes","IELTS; TOEFL; Duolingo; CAEL; Pearson"
"NorQuest","Administrative Professional","Certificate","Active","https://www.norquest.ca/programs-and-courses/programs/administrative-professional/","","","","English 30-1 or English 30-2","50","","Math (unspecified)","50.0","","","","","","","","","","","","","","","placement_assessment; notes: ELP tests mentioned","Yes","Yes","IELTS; TOEFL; Duolingo; CAEL; Pearson"
"NorQuest","Medical Device Reprocessing Technician","Certificate","Active","https://www.norquest.ca/programs-and-courses/programs/medical-device-reprocessing-technician/","","","","English 30-1 or English 30-2","60","","Placement test","","","","","","","","","","","","","","","","placement_assessment; notes: ELP tests mentioned","Yes","Yes","IELTS; TOEFL; Duolingo; CAEL; Pearson"
"NorQuest","Community Support Worker","Certificate","Active","https://www.norquest.ca/programs-and-courses/programs/community-support-worker/","","","","English 30-1 or English 30-2","60","","Placement/assessment","","","","","","","","","","","","","","","","placement_assessment; notes: ELP tests mentioned","Yes","Yes","IELTS; TOEFL; Duolingo; CAEL; Pearson"
"NorQuest","Early Learning and Child Care – certificate","Certificate","Active","https://www.norquest.ca/programs-and-courses/programs/early-learning-and-child-care/","","","","English 30-1 or English 30-2","60","","Placement/assessment","","","","","","","","","","","","","","","","placement_assessment; notes: ELP tests mentioned","Yes","Yes","IELTS; TOEFL; Duolingo; CAEL; Pearson"
"NorQuest","Educational Assistant","Certificate","Active","https://www.norquest.ca/programs-and-courses/programs/educational-assistant/","","","","English 30-1 or English 30-2","60","","Placement/assessment","","","","","","","","","","","","","","","","placement_assessment; notes: ELP tests mentioned","Yes","Yes","IELTS; TOEFL; Duolingo; CAEL; Pearson"
"NAIT","Bachelor of Applied Information Systems Technology - Information Systems","Degree","Active","https://www.nait.ca/programs/baist-information-systems","","","","","","","","","","","","","","","","","","","","","","","regular_admission; notes: post-secondary pathway","No","No",""
"NAIT","Bachelor of Applied Information Systems Technology - Network Management","Degree","Active","https://www.nait.ca/programs/baist-network-management","","","","","","","","","","","","","","","","","","","","","","","regular_admission; notes: post-secondary pathway","No","No",""
"NAIT","Bachelor of Technology in Management - General Management","Degree","Active","https://www.nait.ca/programs/btech","","","","","","","","","","","","","","","","","","","","","","","regular_admission; notes: post-secondary pathway","No","No",""
"NAIT","Bachelor of Technology in Management - Operations Management","Degree","Active","https://www.nait.ca/programs/btech-operationsmanagement","","","","","","","","","","","","","","","","","","","","","","","regular_admission; notes: post-secondary pathway","No","No",""
"NAIT","Bachelor of Technology in Management - Project Management","Degree","Active","https://www.nait.ca/programs/btech-projectmanagement","","","","","","","","","","","","","","","","","","","","","","","regular_admission; notes: post-secondary pathway","No","No",""
"NAIT","Bachelor of Technology in Management - Sustainability Management","Degree","Active","https://www.nait.ca/programs/btech-sustainabilitymanagement","","","","","","","","","","","","","","","","","","","","","","","regular_admission; notes: post-secondary pathway","No","No",""
"NAIT","Trades to Degrees Pathway to BBA Degree - Management Concentration","Degree","Active","https://www.nait.ca/programs/trades-to-degrees","","","","","","","","","","","","","","","","","","","","","","","regular_admission; notes: post-secondary pathway","No","No",""
"NAIT","Business for Journeyperson Pathway to a Business Administration - Management Diploma","Diploma","Active","https://www.nait.ca/programs/business-for-journeyperson-ba-management","","","","","","","","","","","","","","","","","","","","","","","regular_admission; notes: post-secondary pathway","No","No",""
"NorQuest","Advanced Education in Orthopedics for LPN","Diploma","Active","https://www.norquest.ca/programs-and-courses/programs/advanced-education-in-orthopedics-for-lpn/","","","","","","","","","","","","","","","","","","","","","","","Unknown","Unknown","Unknown",""
"NorQuest","Health Care Leadership","Diploma","Active","https://www.norquest.ca/programs-and-courses/programs/health-care-leadership/","","","","","","","","","","","","","","","","","","","","","","","Unknown","Unknown","Unknown","IELTS; TOEFL"
"NorQuest","Practical Nurse Diploma for Internationally Educated Nurses","Diploma","Active","https://www.norquest.ca/programs-and-courses/programs/practical-nurse-diploma-for-internationally-educated-nurses/","","","","","","","","","","","","","","","","","","","","","","","Unknown","Unknown","Unknown","IELTS; TOEFL; Duolingo"
"NorQuest","Autism Studies","Diploma","Active","https://www.norquest.ca/programs-and-courses/programs/autism-studies/","","","","","","","","","","","","","","","","","","","","","","","Unknown","Unknown","Unknown","IELTS; TOEFL; Duolingo; CAEL; Pearson"
"NorQuest","Behaviour and Regulation Studies","Diploma","Active","https://www.norquest.ca/programs-and-courses/programs/behaviour-and-regulation-studies/","","","","","","","","","","","","","","","","","","","","","","","Unknown","Unknown","Unknown","IELTS; TOEFL; Duolingo; CAEL; Pearson"
"NorQuest","Addictions Recovery Practitioner","Diploma","Active","https://www.norquest.ca/programs-and-courses/programs/addictions-recovery-practitioner/","","","","English language proficiency","","","Placement/assessment","","","","","","","","","","","","","","","","placement_assessment","Unknown","Yes","IELTS; TOEFL; Duolingo; CAEL; Pearson"
"NorQuest","Mental Health Recovery Practitioner","Diploma","Active","https://www.norquest.ca/programs-and-courses/programs/mental-health-recovery-practitioner/","","","","English language proficiency","","","Placement/assessment","","","","","","","","","","","","","","","","placement_assessment","Unknown","Yes","IELTS; TOEFL; Duolingo; CAEL; Pearson"
"NorQuest","Indigenous Studies","Diploma","Active","https://www.norquest.ca/programs-and-courses/programs/indigenous-studies/","","","","English 30-1 or English 30-2","50","","Placement/assessment","","","","","","","","","","","","","","","","placement_assessment; notes: ELP tests mentioned","Yes","Yes","IELTS; TOEFL; Duolingo; CAEL; Pearson"
"NorQuest","Mental Health and Addiction Support Worker","Diploma","Active","https://www.norquest.ca/programs-and-courses/programs/mental-health-and-addiction-support-worker/","","","","English 30-1 or English 30-2","50","","Placement/assessment","","","","","","","","","","","","","","","","placement_assessment; notes: ELP tests mentioned","Yes","Yes","IELTS; TOEFL; Duolingo; CAEL; Pearson"
"NorQuest","Business Administration","Diploma","Active","https://www.norquest.ca/programs-and-courses/programs/business-administration/","","","","English 30-1 or English 30-2","50","","Math 20-1 or Math 20-2 or Math 30-1 or Math 30-2","50","","","","","","","","","","","","","","","placement_assessment; notes: interview required; ELP tests mentioned; post-secondary pathway","Yes","Yes","IELTS; TOEFL; Duolingo; CAEL; Pearson"
"NorQuest","Sustainability Coordinator","Diploma","Active","https://www.norquest.ca/programs-and-courses/programs/sustainability-coordinator/","","","","English 30-1 or English 30-2","60","","Math 30-1 or Math 30-2","50","","","","","","","","","","","","","","","alberta_high_school_courses; notes: ELP tests mentioned; post-secondary pathway","Yes","No","IELTS; TOEFL; Duolingo; CAEL; Pearson"
"NorQuest","Digital Design","Diploma","Active","https://www.norquest.ca/programs-and-courses/programs/digital-design/","","","","English 30-1 or English 30-2","60","","","","","","","","","","","","","","","","","","placement_assessment; notes: ELP tests mentioned","Yes","Yes","IELTS; TOEFL; Duolingo; CAEL; Pearson"
"NorQuest","Settlement Studies","Diploma","Active","https://www.norquest.ca/programs-and-courses/programs/settlement-studies/","","","","English 30-1 or English 30-2","60","","Placement test","","","","","","","","","","","","","","","","placement_assessment; notes: ELP tests mentioned","Yes","Yes","IELTS; TOEFL; Duolingo; CAEL; Pearson"
"NorQuest","Social Work","Diploma","Active","https://www.norquest.ca/programs-and-courses/programs/social-work/","","","","English 30-1 or English 30-2","60","","Placement test","","","","","","","","","","","","","","","","placement_assessment; notes: ELP tests mentioned","Yes","Yes","IELTS; TOEFL; Duolingo; CAEL; Pearson"
"NorQuest","Arts and Sciences Diploma","Diploma","Active","https://www.norquest.ca/programs-and-courses/programs/arts-and-sciences/","","","","English 30-1 or English 30-2","60","","Placement/assessment","","","","","","","","","","","","","","","","placement_assessment; notes: ELP tests mentioned","Yes","Yes","IELTS; TOEFL; Duolingo; CAEL; Pearson"
"NorQuest","Child and Youth Care","Diploma","Active","https://www.norquest.ca/programs-and-courses/programs/child-and-youth-care/","","","","English 30-1 or English 30-2","60","","Placement/assessment","","","","","","","","","","","","","","","","placement_assessment; notes: ELP tests mentioned","Yes","Yes","IELTS; TOEFL; Duolingo; CAEL; Pearson"
"NorQuest","Disability Studies","Diploma","Active","https://www.norquest.ca/programs-and-courses/programs/disability-studies/","","","","English 30-1 or English 30-2","60","","Placement/assessment","","","","","","","","","","","","","","","","placement_assessment; notes: ELP tests mentioned","Yes","Yes","IELTS; TOEFL; Duolingo; CAEL; Pearson"
"NorQuest","Early Learning and Child Care – diploma","Diploma","Active","https://www.norquest.ca/programs-and-courses/programs/early-learning-and-child-care-diploma/","","","","English 30-1 or English 30-2","60","","Placement/assessment","","","","","","","","","","","","","","","","placement_assessment; notes: ELP tests mentioned","Yes","Yes","IELTS; TOEFL; Duolingo; CAEL; Pearson"
"NorQuest","Justice","Diploma","Active","https://www.norquest.ca/programs-and-courses/programs/justice/","","","","English 30-1 or English 30-2","60","","Placement/assessment","","","","","","","","","","","","","","","","placement_assessment; notes: ELP tests mentioned","Yes","Yes","IELTS; TOEFL; Duolingo; CAEL; Pearson"
"NorQuest","Energy Management","Diploma","Active","https://www.norquest.ca/programs-and-courses/programs/energy-management/","","","","English 30-1 or English 30-2","60","","Math 30-1 or Math 30-2","50","","","","","","","","","","","","","","","placement_assessment; notes: ELP tests mentioned; post-secondary pathway","Yes","Yes","IELTS; TOEFL; Duolingo; CAEL; Pearson"
"NorQuest","Machine Learning Analyst","Diploma","Active","https://www.norquest.ca/programs-and-courses/programs/machine-learning-analyst/","","","","English 30-1 or English 30-2","60","","Math 30-1 or Math 30-2","50","","","","","","","","","","","","","","","placement_assessment; notes: interview required; ELP tests mentioned","Yes","Yes","IELTS; TOEFL; Duolingo; CAEL; Pearson"
"NorQuest","New Media, Communications, and Technology Specialization","Diploma","Active","https://www.norquest.ca/programs-and-courses/programs/new-media-communications-and-technology-specialization/","","","","English 30-1 or English 30-2","65","","Placement/assessment","","","","","","","","","","","","","","","","placement_assessment; notes: ELP tests mentioned","Yes","Yes","IELTS; TOEFL; Duolingo; CAEL; Pearson"
"NorQuest","Digital Marketing","Diploma","Active","https://www.norquest.ca/programs-and-courses/programs/digital-marketing/","","","","","","","","","","","","","","","","","","","","","","","Unknown","Unknown","Unknown","IELTS; TOEFL; Duolingo; Pearson"
"NAIT","Captioning and Court Reporting","Other","Active","https://www.nait.ca/programs/captioning-court-reporting","","","","","","","","","","","","","","","","","","","","","","","regular_admission; notes: ELP tests mentioned; post-secondary pathway","No","No",""
"NAIT","Cybersecurity","Other","Active","https://www.nait.ca/programs/cybersecurity","","","","","","","","","","","","","","","","","","","","","","","regular_admission; notes: ELP tests mentioned; post-secondary pathway","No","No",""
"NAIT","Cybersecurity Immersive Industry Education","Other","Active","https://www.nait.ca/programs/cybersecurity-iie","","","","","","","","","","","","","","","","","","","","","","","regular_admission; notes: ELP tests mentioned; post-secondary pathway","No","No",""
"NAIT","Advanced Welding Technology","Other","Active","https://www.nait.ca/programs/advanced-welding-technology","","","","","","","","","","","","","","","","","","","","","","","Unknown","Unknown","Unknown",""
"NAIT","Automotive Service Technology","Other","Active","https://www.nait.ca/programs/automotive-service-technology","","","","","","","","","","","","","","","","","","","","","","","Unknown","Unknown","Unknown",""
"NAIT","CNC Machinist Technician","Other","Active","https://www.nait.ca/programs/cnc-machinist","","","","","","","","","","","","","","","","","","","","","","","Unknown","Unknown","Unknown",""
"NAIT","Industrial Heavy Equipment Technology","Other","Active","https://www.nait.ca/programs/industrial-heavy-equipment-technology","","","","","","","","","","","","","","","","","","","","","","","Unknown","Unknown","Unknown",""
"NAIT","Leadership in Healthcare","Other","Active","https://www.nait.ca/programs/leadership-in-healthcare","","","","","","","","","","","","","","","","","","","","","","","Unknown","Unknown","Unknown",""
"NAIT","Magnetic Resonance Imaging 2nd Discipline","Other","Active","https://www.nait.ca/programs/magnetic-resonance-imaging","","","","","","","","","","","","","","","","","","","","","","","Unknown","Unknown","Unknown",""
"NAIT","Optical Sciences - Contact Lenses","Other","Active","https://www.nait.ca/programs/optical-sciences-contact-lenses","","","","","","","","","","","","","","","","","","","","","","","Unknown","Unknown","Unknown",""
"NAIT","Optical Sciences - Eyeglasses","Other","Active","https://www.nait.ca/programs/optical-sciences-eyeglasses","","","","","","","","","","","","","","","","","","","","","","","Unknown","Unknown","Unknown",""
"NAIT","Pre-Employment Auto Body Repair","Other","Active","https://www.nait.ca/programs/auto-body-pre-employment","","","","","","","","","","","","","","","","","","","","","","","Unknown","Unknown","Unknown",""
"NAIT","Professional Meat Cutting & Merchandising","Other","Active","https://www.nait.ca/programs/professional-meatcutting-and-merchandising","","","","","","","","","","","","","","","","","","","","","","","Unknown","Unknown","Unknown",""
"NAIT","Advanced Plumbing Technology","Other","Active","https://www.nait.ca/programs/advanced-plumbing-technology","","","","","","","Math 20-2","","","","","","","","","","","","","","","","alberta_high_school_courses; notes: ELP tests mentioned","Yes","No",""
"NAIT","Culinary Arts","Other","Active","https://www.nait.ca/programs/culinary-arts","","","","","","","Math 20-2","","","","","","","","","","","","","","","","alberta_high_school_courses; notes: ELP tests mentioned","Yes","No",""
"NAIT","Digital Design - Visual Communication Design","Other","Active","https://www.nait.ca/programs/dd-visual-communication-design","","","","","","","Math 20-2","","","","","","","","","","","","","","","","alberta_high_school_courses; notes: ELP tests mentioned; post-secondary pathway","Yes","No",""
"NAIT","Digital Design - Web Design","Other","Active","https://www.nait.ca/programs/dd-web-design","","","","","","","Math 20-2","","","","","","","","","","","","","","","","alberta_high_school_courses; notes: ELP tests mentioned; post-secondary pathway","Yes","No",""
"NAIT","Electrical Installations Technology","Other","Active","https://www.nait.ca/programs/electrical-installations-technology","","","","","","","Math 20-2","","","","","","","","","","","","","","","","alberta_high_school_courses; notes: ELP tests mentioned","Yes","No",""
"NAIT","Game Development - Animation and Game Design","Other","Active","https://www.nait.ca/programs/gd-animation-and-game-design","","","","","","","Math 20-2","","","","","","","","","","","","","","","","alberta_high_school_courses; notes: ELP tests mentioned; post-secondary pathway","Yes","No",""
"NAIT","Game Development - Game Programming","Other","Active","https://www.nait.ca/programs/gd-game-programming","","","","","","","Math 20-2","","","","","","","","","","","","","","","","alberta_high_school_courses; notes: ELP tests mentioned; post-secondary pathway","Yes","No",""
"NAIT","IT Business Analysis","Other","Active","https://www.nait.ca/programs/it-business-analysis","","","","","","","Math 20-2","","","","","","","","","","","","","","","","alberta_high_school_courses; notes: ELP tests mentioned; post-secondary pathway","Yes","No",""
"NAIT","IT Systems Administration","Other","Active","https://www.nait.ca/programs/it-systems-administration","","","","","","","Math 20-2","","","","","","","","","","","","","","","","alberta_high_school_courses; notes: ELP tests mentioned; post-secondary pathway","Yes","No",""
"NAIT","Software Development","Other","Active","https://www.nait.ca/programs/software-development","","","","","","","Math 20-2","","","","","","","","","","","","","","","","alberta_high_school_courses; notes: ELP tests mentioned; post-secondary pathway","Yes","No",""
"NAIT","Data Analytics","Other","Active","https://www.nait.ca/programs/data-analytics","","","","","","","Math 30-2","","","","","","","","","","","","","","","","alberta_high_school_courses; notes: ELP tests mentioned; post-secondary pathway","Yes","No",""
"NAIT","Graphic Communications","Other","Active","https://www.nait.ca/programs/graphic-communications","","","","English 30-2","","","Math 20-2","","","","","","","","","","","","","","","","alberta_high_school_courses; notes: ELP tests mentioned; post-secondary pathway","Yes","No",""
"NAIT","Alternative Energy Technology","Other","Active","https://www.nait.ca/programs/alternative-energy-technology","","","","English 30-2","","","Math 30-1","","","","","","","","","","","","","","","","alberta_high_school_courses; notes: ELP tests mentioned; post-secondary pathway","Yes","No",""
"NAIT","Instrumentation Engineering Technology","Other","Active","https://www.nait.ca/programs/instrumentation-engineering-technology","","","","English 30-2","","","Math 30-1","","","","","","","","","","","","","","","","alberta_high_school_courses; notes: ELP tests mentioned; post-secondary pathway","Yes","No",""
"NAIT","Electrical Engineering Technology","Other","Active","https://www.nait.ca/programs/electrical-engineering-technology","","","","English 30-2","","","Math 30-1","","","","Physics 30","","","","Yes","","","","","","","","alberta_high_school_courses; notes: ELP tests mentioned; post-secondary pathway","Yes","No",""
"NAIT","Architectural Technology","Other","Active","https://www.nait.ca/programs/architectural-technology","","","","English 30-2","","","Math 30-2","","","","","","","","","","","","","","","","alberta_high_school_courses; notes: ELP tests mentioned","Yes","No",""
"NAIT","Building Automation Systems Technology - Immersive Industry Education","Other","Active","https://www.nait.ca/programs/building-automation-systems-technology","","","","English 30-2","","","Math 30-2","","","","","","","","","","","","","","","","alberta_high_school_courses; notes: ELP tests mentioned","Yes","No",""
"NAIT","Business Administration - Accounting","Other","Active","https://www.nait.ca/programs/business-administration-accounting","","","","English 30-2","","","Math 30-2","","","","","","","","","","","","","","","","alberta_high_school_courses; notes: ELP tests mentioned; post-secondary pathway","Yes","No",""
"NAIT","Business Administration - Entrepreneurship and Innovation","Other","Active","https://www.nait.ca/programs/business-administration-entrepreneurship","","","","English 30-2","","","Math 30-2","","","","","","","","","","","","","","","","alberta_high_school_courses; notes: ELP tests mentioned; post-secondary pathway","Yes","No",""
"NAIT","Business Administration - Finance","Other","Active","https://www.nait.ca/programs/business-administration-finance","","","","English 30-2","","","Math 30-2","","","","","","","","","","","","","","","","alberta_high_school_courses; notes: ELP tests mentioned; post-secondary pathway","Yes","No",""
"NAIT","Business Administration - Human Resource Management","Other","Active","https://www.nait.ca/programs/business-administration-human-resources","","","","English 30-2","","","Math 30-2","","","","","","","","","","","","","","","","alberta_high_school_courses; notes: ELP tests mentioned; post-secondary pathway","Yes","No",""
"NAIT","Business Administration - Management","Other","Active","https://www.nait.ca/programs/business-administration-management","","","","English 30-2","","","Math 30-2","","","","","","","","","","","","","","","","alberta_high_school_courses; notes: ELP tests mentioned; post-secondary pathway","Yes","No",""
"NAIT","Business Administration - Marketing","Other","Active","https://www.nait.ca/programs/business-administration-marketing","","","","English 30-2","","","Math 30-2","","","","","","","","","","","","","","","","alberta_high_school_courses; notes: ELP tests mentioned; post-secondary pathway","Yes","No",""
"NAIT","Hospitality Management","Other","Active","https://www.nait.ca/programs/hospitality-management","","","","English 30-2","","","Math 30-2","","","","","","","","","","","","","","","","alberta_high_school_courses; notes: ELP tests mentioned; post-secondary pathway","Yes","No",""
"NAIT","Interior Design Technology","Other","Active","https://www.nait.ca/programs/interior-design-technology","","","","English 30-2","","","Math 30-2","","","","","","","","","","","","","","","","alberta_high_school_courses; notes: ELP tests mentioned","Yes","No",""
"NAIT","Landscape Architectural Technology","Other","Active","https://www.nait.ca/programs/landscape-architectural-technology","","","","English 30-2","","","Math 30-2","","","","","","","","","","","","","","","","alberta_high_school_courses; notes: ELP tests mentioned; post-secondary pathway","Yes","No",""
"NAIT","Occupational Health and Safety","Other","Active","https://www.nait.ca/programs/occupational-health-safety","","","","English 30-2","","","Math 30-2","","","","","","","","","","","","","","","","alberta_high_school_courses; notes: ELP tests mentioned","Yes","No",""
"NAIT","Forest Technology","Other","Active","https://www.nait.ca/programs/forest-technology","","","","English 30-2","","","Math 30-2","","","","Physics 30 or Science 30","","","","Yes","Yes","","","","","","","alberta_high_school_courses; notes: ELP tests mentioned; post-secondary pathway","Yes","No",""
"NAIT","Chemical Engineering Technology","Other","Active","https://www.nait.ca/programs/chemical-engineering-technology","","","","English 30-2","","","Math 30-2 or Math 30-1","","","","Science 30","","","","","Yes","","","","","","","alberta_high_school_courses; notes: ELP tests mentioned; post-secondary pathway","Yes","No",""
"NAIT","Civil Engineering Technology","Other","Active","https://www.nait.ca/programs/civil-engineering-technology","","","","English 30-2","","","Math 30-2 or Math 30-1","","","","","","","","","","","","","","","","alberta_high_school_courses; notes: ELP tests mentioned","Yes","No",""
"NAIT","Construction Engineering Technology","Other","Active","https://www.nait.ca/programs/construction-engineering-technology","","","","English 30-2","","","Math 30-2 or Math 30-1","","","","","","","","","","","","","","","","alberta_high_school_courses; notes: ELP tests mentioned; post-secondary pathway","Yes","No",""
"NAIT","Geoscience Technology","Other","Active","https://www.nait.ca/programs/geoscience-technology","","","","English 30-2","","","Math 30-2 or Math 30-1","","","","Science 30","","","","","Yes","","","","","","","alberta_high_school_courses; notes: ELP tests mentioned; post-secondary pathway","Yes","No",""
"NAIT","Petroleum Engineering Technology","Other","Active","https://www.nait.ca/programs/petroleum-engineering-technology","","","","English 30-2","","","Math 30-2 or Math 30-1","","","","Science 30","","","","","Yes","","","","","","","alberta_high_school_courses; notes: ELP tests mentioned; post-secondary pathway","Yes","No",""
"NAIT","Surveying and Geospatial Engineering Technology","Other","Active","https://www.nait.ca/programs/surveying-and-geospatial-engineering-technology","","","","English 30-2","","","Math 30-2 or Math 30-1","","","","Science 30","","","","","Yes","","","","","","","alberta_high_school_courses; notes: ELP tests mentioned; post-secondary pathway","Yes","No",""
"NAIT","Engineering Design Technology","Other","Active","https://www.nait.ca/programs/engineering-design-technology","","","","English 30-2","","","Math 30-2 or Math 30-1","","","","Science 30 or Physics 30","","","","Yes","Yes","","","","","","","alberta_high_school_courses; notes: ELP tests mentioned; post-secondary pathway","Yes","No",""
"NAIT","Court Transcription","Other","Active","https://www.nait.ca/programs/court-transcription","","","","English 30-2","","","","","","","","","","","","","","","","","","","alberta_high_school_courses; notes: ELP tests mentioned; post-secondary pathway","Yes","Unknown",""
"NAIT","Heating Ventilation Air Conditioning Refrigeration Technician","Other","Active","https://www.nait.ca/programs/hvac-refrigeration-technician","","","","English 30-2","","","Math 20-2","","","","","","","","","","","","","","","","placement_assessment; notes: ELP tests mentioned","Yes","Yes",""
"NAIT","Veterinary Medical Assistant","Other","Active","https://www.nait.ca/programs/veterinary-medical-assistant","","","","English 30-2","","","Math 20-2","","","","","","","","","","","","","","","","placement_assessment; notes: ELP tests mentioned; post-secondary pathway","Yes","Yes",""
"NAIT","Disaster and Emergency Management","Other","Active","https://www.nait.ca/programs/emergency-management","","","","English 30-2 or English 30-1","","","","","","","","","","","","","","","","","","","alberta_high_school_courses; notes: ELP tests mentioned; post-secondary pathway","Yes","Unknown",""
"NorQuest","CAEC Readiness","Other","Active","https://www.norquest.ca/programs-and-courses/programs/caec-readiness/","","","","English language proficiency","","","Placement/assessment","","","","","","","","","","","","","","","","placement_assessment","Yes","Yes",""
"NAIT","Academic Upgrading","Other","Active","https://www.nait.ca/programs/academic-upgrading","","","","","","","","","","","","","","","","","","","","","","","placement_assessment; notes: interview required; ELP tests mentioned","Yes","Yes","IELTS"
"NAIT","Advanced Care Paramedic","Other","Active","https://www.nait.ca/programs/advanced-care-paramedic","","","","","","","","","","","","","","","","","","","","","","","placement_assessment; notes: interview required; ELP tests mentioned","Yes","Yes","IELTS"
"NAIT","Advanced Carpentry Technology","Other","Active","https://www.nait.ca/programs/advanced-carpentry-technology","","","","","","","","","","","","","","","","","","","","","","","placement_assessment; notes: interview required; ELP tests mentioned","Yes","Yes","IELTS"
"NAIT","Auto Body Technician","Other","Active","https://www.nait.ca/apprenticeship/autobody","","","","","","","","","","","","","","","","","","","","","","","placement_assessment; notes: interview required; ELP tests mentioned","Yes","Yes","IELTS"
"NAIT","Automotive Service Technician","Other","Active","https://www.nait.ca/apprenticeship/automotive-service-technician","","","","","","","","","","","","","","","","","","","","","","","placement_assessment; notes: interview required; ELP tests mentioned","Yes","Yes","IELTS"
"NAIT","Boilermaker","Other","Active","https://www.nait.ca/apprenticeship/boilermaker","","","","","","","","","","","","","","","","","","","","","","","placement_assessment; notes: interview required; ELP tests mentioned","Yes","Yes","IELTS"
"NAIT","Cabinetmaker","Other","Active","https://www.nait.ca/apprenticeship/cabinetmaker","","","","","","","","","","","","","","","","","","","","","","","placement_assessment; notes: interview required; ELP tests mentioned","Yes","Yes","IELTS"
"NAIT","Carpenter","Other","Active","https://www.nait.ca/apprenticeship/carpenter","","","","","","","","","","","","","","","","","","","","","","","placement_assessment; notes: interview required; ELP tests mentioned","Yes","Yes","IELTS"
"NAIT","Cook","Other","Active","https://www.nait.ca/apprenticeship/cook","","","","","","","","","","","","","","","","","","","","","","","placement_assessment; notes: interview required; ELP tests mentioned","Yes","Yes","IELTS"
"NAIT","Crane and Hoist Equipment Operator","Other","Active","https://www.nait.ca/apprenticeship/crane-hoisting-equipment-operator","","","","","","","","","","","","","","","","","","","","","","","placement_assessment; notes: interview required; ELP tests mentioned","Yes","Yes","IELTS"
"NAIT","Electrician","Other","Active","https://www.nait.ca/apprenticeship/electrician","","","","","","","","","","","","","","","","","","","","","","","placement_assessment; notes: interview required; ELP tests mentioned","Yes","Yes","IELTS"
"NAIT","Gasfitter","Other","Active","https://www.nait.ca/apprenticeship/gasfitter","","","","","","","","","","","","","","","","","","","","","","","placement_assessment; notes: interview required; ELP tests mentioned","Yes","Yes","IELTS"
"NAIT","Glazier","Other","Active","https://www.nait.ca/apprenticeship/glazier","","","","","","","","","","","","","","","","","","","","","","","placement_assessment; notes: interview required; ELP tests mentioned","Yes","Yes","IELTS"
"NAIT","Heavy Equipment Technician","Other","Active","https://www.nait.ca/apprenticeship/heavy-equipment-technician","","","","","","","","","","","","","","","","","","","","","","","placement_assessment; notes: interview required; ELP tests mentioned","Yes","Yes","IELTS"
"NAIT","Industrial Mechanic (Millwright)","Other","Active","https://www.nait.ca/apprenticeship/industrial-mechanic","","","","","","","","","","","","","","","","","","","","","","","placement_assessment; notes: interview required; ELP tests mentioned","Yes","Yes","IELTS"
"NAIT","Instrumentation and Control Technician","Other","Active","https://www.nait.ca/apprenticeship/instrumentation-control-technician","","","","","","","","","","","","","","","","","","","","","","","placement_assessment; notes: interview required; ELP tests mentioned","Yes","Yes","IELTS"
"NAIT","Insulator (Heat and Frost)","Other","Active","https://www.nait.ca/apprenticeship/insulator","","","","","","","","","","","","","","","","","","","","","","","placement_assessment; notes: interview required; ELP tests mentioned","Yes","Yes","IELTS"
"NAIT","Ironworker","Other","Active","https://www.nait.ca/apprenticeship/ironworker","","","","","","","","","","","","","","","","","","","","","","","placement_assessment; notes: interview required; ELP tests mentioned","Yes","Yes","IELTS"
"NAIT","Machinist","Other","Active","https://www.nait.ca/apprenticeship/machinist","","","","","","","","","","","","","","","","","","","","","","","placement_assessment; notes: interview required; ELP tests mentioned","Yes","Yes","IELTS"
"NAIT","Materials Engineering Technology","Other","Active","https://www.nait.ca/programs/materials-engineering-technology","","","","","","","","","","","","","","","","","","","","","","","placement_assessment; notes: interview required; ELP tests mentioned","Yes","Yes","IELTS"
"NAIT","Mechanical Engineering Technology","Other","Active","https://www.nait.ca/programs/mechanical-engineering-technology","","","","","","","","","","","","","","","","","","","","","","","placement_assessment; notes: interview required; ELP tests mentioned","Yes","Yes","IELTS"
"NAIT","Media Communications and Production - Radio and Media Production","Other","Active","https://www.nait.ca/programs/radio","","","","","","","","","","","","","","","","","","","","","","","placement_assessment; notes: interview required; ELP tests mentioned","Yes","Yes","IELTS"
"NAIT","Media Communications and Production - Television and Media Production","Other","Active","https://www.nait.ca/programs/television","","","","","","","","","","","","","","","","","","","","","","","placement_assessment; notes: interview required; ELP tests mentioned","Yes","Yes","IELTS"
"NAIT","Medical Laboratory Assisting","Other","Active","https://www.nait.ca/programs/medical-laboratory-assisting","","","","","","","","","","","","","","","","","","","","","","","placement_assessment; notes: interview required; ELP tests mentioned","Yes","Yes","IELTS"
"NAIT","Medical Laboratory Technology","Other","Active","https://www.nait.ca/programs/medical-laboratory-technology","","","","","","","","","","","","","","","","","","","","","","","placement_assessment; notes: interview required; ELP tests mentioned","Yes","Yes","IELTS"
"NAIT","Medical Radiologic Technology","Other","Active","https://www.nait.ca/programs/medical-radiologic-technology","","","","","","","","","","","","","","","","","","","","","","","placement_assessment; notes: interview required; ELP tests mentioned","Yes","Yes","IELTS"
"NAIT","Millwork and Carpentry","Other","Active","https://www.nait.ca/programs/millwork-and-carpentry","","","","","","","","","","","","","","","","","","","","","","","placement_assessment; notes: interview required; ELP tests mentioned","Yes","Yes","IELTS"
"NAIT","Nanosystems Engineering Technology","Other","Active","https://www.nait.ca/programs/nanosystems-engineering-technology","","","","","","","","","","","","","","","","","","","","","","","placement_assessment; notes: interview required; ELP tests mentioned","Yes","Yes","IELTS"
"NAIT","Narrative Cinema Production","Other","Active","https://www.nait.ca/programs/narrative-cinema-production","","","","","","","","","","","","","","","","","","","","","","","placement_assessment; notes: interview required; ELP tests mentioned","Yes","Yes","IELTS"
"NAIT","Network Engineering Technology","Other","Active","https://www.nait.ca/programs/network-engineering-technology","","","","","","","","","","","","","","","","","","","","","","","placement_assessment; notes: interview required; ELP tests mentioned","Yes","Yes","IELTS"
"NAIT","Parts Technician","Other","Active","https://www.nait.ca/apprenticeship/parts-technician","","","","","","","","","","","","","","","","","","","","","","","placement_assessment; notes: interview required; ELP tests mentioned","Yes","Yes","IELTS"
"NAIT","Plumber","Other","Active","https://www.nait.ca/apprenticeship/plumber","","","","","","","","","","","","","","","","","","","","","","","placement_assessment; notes: interview required; ELP tests mentioned","Yes","Yes","IELTS"
"NAIT","Power System Electrician","Other","Active","https://www.nait.ca/apprenticeship/power-system-electrician","","","","","","","","","","","","","","","","","","","","","","","placement_assessment; notes: interview required; ELP tests mentioned","Yes","Yes","IELTS"
"NAIT","Powerline Technician","Other","Active","https://www.nait.ca/apprenticeship/powerline-technician","","","","","","","","","","","","","","","","","","","","","","","placement_assessment; notes: interview required; ELP tests mentioned","Yes","Yes","IELTS"
"NAIT","Refrigeration and Air Conditioning Mechanic","Other","Active","https://www.nait.ca/apprenticeship/refrigeration-and-air-conditioning-mechanic","","","","","","","","","","","","","","","","","","","","","","","placement_assessment; notes: interview required; ELP tests mentioned","Yes","Yes","IELTS"
"NAIT","Roofer","Other","Active","https://www.nait.ca/apprenticeship/roofer","","","","","","","","","","","","","","","","","","","","","","","placement_assessment; notes: interview required; ELP tests mentioned","Yes","Yes","IELTS"
"NAIT","Sheet Metal Worker","Other","Active","https://www.nait.ca/apprenticeship/sheet-metal-worker","","","","","","","","","","","","","","","","","","","","","","","placement_assessment; notes: interview required; ELP tests mentioned","Yes","Yes","IELTS"
"NAIT","Steamfitter/Pipefitter","Other","Active","https://www.nait.ca/apprenticeship/steamfitter-pipefitter","","","","","","","","","","","","","","","","","","","","","","","placement_assessment; notes: interview required; ELP tests mentioned","Yes","Yes","IELTS"
"NAIT","Welder","Other","Active","https://www.nait.ca/apprenticeship/welder","","","","","","","","","","","","","","","","","","","","","","","placement_assessment; notes: interview required; ELP tests mentioned","Yes","Yes","IELTS"
"NorQuest","EAL Intensive","Other","Active","https://www.norquest.ca/programs-and-courses/programs/eal-intensive/","","","","","","","","","","","","","","","","","","","","","","","Unknown","Unknown","Unknown","IELTS; TOEFL"
"NorQuest","Foundations for Learning","Other","Active","https://www.norquest.ca/programs-and-courses/programs/foundations-for-learning/","","","","","","","","","","","","","","","","","","","","","","","placement_assessment; notes: ELP tests mentioned","Unknown","Yes","IELTS; TOEFL; Duolingo"
"NAIT","Baking and Pastry Arts","Other","Active","https://www.nait.ca/programs/baking-and-pastry-arts","","entrance requirements: - Grade 12 Language Arts (English 30-2) - Grade 12 Mathematics (Math 30-2 or Applied Math 30) **Alternate Competitive Career and Technology Studies Pathway** - 70% overall average in 5 credits of Advanced Food level courses taken within the Career and Technology Studies program **Alternate Competitive Recognition of Prior Learning Pathway** - If you meet the minimum entrance requirement","","English 30-2","","","Math 30-2","","","","","","","","","","","","","","","","alberta_high_school_courses; notes: ELP tests mentioned","Yes","No",""
"NAIT","Biomedical Engineering Technology","Other","Active","https://www.nait.ca/programs/biomedical-engineering-technology","","","","English 30-2","","","Math 30-1","","","","Chemistry 30 or Physics 30","","","Yes","Yes","","","","","","","","alberta_high_school_courses; notes: ELP tests mentioned","Yes","No",""
"NAIT","Computer Engineering Technology","Other","Active","https://www.nait.ca/programs/computer-engineering-technology","","","","English 30-2","","","Math 30-1","","","","Chemistry 30 or Physics 30","","","Yes","Yes","","","","","","","","alberta_high_school_courses; notes: ELP tests mentioned","Yes","No",""
"NAIT","Electronics Engineering Technology","Other","Active","https://www.nait.ca/programs/electronics-engineering-technology","","","","English 30-2","","","Math 30-1","","","","Chemistry 30 or Physics 30 or Science 30","","","Yes","Yes","Yes","","","","","","","alberta_high_school_courses; notes: ELP tests mentioned; post-secondary pathway","Yes","No",""
"NAIT","Power Engineering Technology","Other","Active","https://www.nait.ca/programs/power-engineering-technology","","","","English 30-2","","","Math 30-1","","","","Chemistry 30 or Physics 30","","","Yes","Yes","","","","","","","","alberta_high_school_courses; notes: ELP tests mentioned; post-secondary pathway","Yes","No",""
"NAIT","Power Engineering, 4th Class","Other","Active","https://www.nait.ca/programs/power-engineering-4th-class","","","","English 30-2","","","Math 30-1","","","","Chemistry 30 or Physics 30","","","Yes","Yes","","","","","","","","alberta_high_school_courses; notes: ELP tests mentioned","Yes","No",""
"NAIT","Wireless Systems Engineering Technology","Other","Active","https://www.nait.ca/programs/wireless-systems-engineering-technology","","","","English 30-2","","","Math 30-1","","","","Chemistry 30 or Physics 30 or Science 30","","","Yes","Yes","Yes","","","","","","","alberta_high_school_courses; notes: ELP tests mentioned; post-secondary pathway","Yes","No",""
"NAIT","Chemical Technology","Other","Active","https://www.nait.ca/programs/chemical-technology","","","","English 30-2","","","Math 30-2","","","","Chemistry 30","","","Yes","","","","","","","","","alberta_high_school_courses; notes: ELP tests mentioned; post-secondary pathway","Yes","No",""
"NAIT","Computer Network Administrator","Other","Active","https://www.nait.ca/programs/computer-network-administrator","","","","English 30-2","","","Math 30-2","","","","Chemistry 30 or Science 30","","","Yes","","Yes","","","","","","","alberta_high_school_courses; notes: ELP tests mentioned; post-secondary pathway","Yes","No",""
"NAIT","Water and Wastewater Technician","Certificate","Active","https://www.nait.ca/programs/water-wastewater-technician","60.0","Minimum Only","","English 30-2","50.0","Yes","Math 20-2 or Math 30-2","50","","","Science 30","50.0","No","No","No","Yes","","","No","No","No","No","placement_assessment; notes: ELP tests mentioned; post-secondary pathway","Yes","Yes",""
"NorQuest","Therapeutic Recreation","Diploma","Active","https://www.norquest.ca/programs-and-courses/programs/therapeutic-recreation/","","","","English 30-1 or English 30-2","50","","Placement test","","","","Biology 30","50","Yes","","","","","","","","","","placement_assessment; notes: ELP tests mentioned","Yes","Yes","IELTS; TOEFL; Duolingo; CAEL; Pearson"
"NorQuest","Environmental Technician","Diploma","Active","https://www.norquest.ca/programs-and-courses/programs/environmental-technician/","","","","English 30-1 or English 30-2","50","","Math 30-2","50","","","Biology 30","50","Yes","","","","","","","","","","placement_assessment; notes: ELP tests mentioned","Yes","Yes","IELTS; TOEFL; Duolingo; CAEL; Pearson"
"NorQuest","Interdisciplinary Therapy Assistant","Diploma","Active","https://www.norquest.ca/programs-and-courses/programs/interdisciplinary-therapy-assistant/","","","","English 30-1 or English 30-2","60","","Math (unspecified)","50.0","","","Biology 30","60","Yes","","","","","","","","","","placement_assessment; notes: ELP tests mentioned","Yes","Yes","IELTS; TOEFL; Duolingo; CAEL; Pearson"
"NAIT","Dental Assisting","Other","Active","https://www.nait.ca/programs/dental-assisting-technology","","","","English 30-2","","","Math 20-2","","","","Biology 30 or Science 30","","Yes","","","Yes","","","","","","","alberta_high_school_courses; notes: interview required; ELP tests mentioned","Yes","No",""
"NAIT","Dental Technology","Other","Active","https://www.nait.ca/programs/dental-technology","","","","English 30-2","","","Math 20-2","","","","Biology 30 or Science 30","","Yes","","","Yes","","","","","","","alberta_high_school_courses; notes: ELP tests mentioned","Yes","No",""
"NAIT","Denturist Technology","Other","Active","https://www.nait.ca/programs/denturist-technology","","","","English 30-2","","","Math 20-2","","","","Biology 30 or Science 30","","Yes","","","Yes","","","","","","","alberta_high_school_courses; notes: interview required; ELP tests mentioned","Yes","No",""
"NAIT","Personal Fitness Trainer","Other","Active","https://www.nait.ca/programs/personal-fitness-trainer","","","","English 30-2","","","Math 20-2","","","","Science 30 or Biology 30","","Yes","","","Yes","","","","","","","alberta_high_school_courses; notes: ELP tests mentioned; post-secondary pathway","Yes","No",""
"NAIT","Diagnostic Medical Sonography - General","Other","Active","https://www.nait.ca/programs/diagnostic-medical-sonography-general","","","","English 30-2","","","Math 30-2","","","","Biology 30 or Physics 30","","Yes","","Yes","","","","","","","","alberta_high_school_courses; notes: interview required; ELP tests mentioned","Yes","No",""
"NAIT","Diagnostic Medical Sonography - General and Cardiac","Other","Active","https://www.nait.ca/programs/diagnostic-medical-sonography-general-and-cardiac","","","","English 30-2","","","Math 30-2","","","","Biology 30 or Physics 30","","Yes","","Yes","","","","","","","","alberta_high_school_courses; notes: interview required; ELP tests mentioned","Yes","No",""
"NAIT","Magnetic Resonance Imaging 1st Discipline","Other","Active","https://www.nait.ca/programs/magnetic-resonance","","","","English 30-2","","","Math 30-2","","","","Biology 30 or Physics 30","","Yes","","Yes","","","","","","","","alberta_high_school_courses; notes: interview required; ELP tests mentioned","Yes","No",""
"NAIT","Primary Care Paramedic","Other","Active","https://www.nait.ca/programs/primary-care-paramedic","","","","English 30-2","","","Math 20-2","","","","Biology 30 or Science 30","","Yes","","","Yes","","","","","","","placement_assessment; notes: interview required; ELP tests mentioned","Yes","Yes",""
"NorQuest","Building Service Worker","Certificate","Active","https://www.norquest.ca/programs-and-courses/programs/building-service-worker/","","","","English language proficiency","","","Math 30-1 or Math 30-2","","","","Biology 30 or Chemistry 30","","Yes","Yes","","","","","","","","","placement_assessment; notes: portfolio required; interview required; ELP tests mentioned","Yes","Yes",""
"NorQuest","Flight Attendant","Certificate","Active","https://www.norquest.ca/programs-and-courses/programs/flight-attendant/","","","","English language proficiency","","","Math 30-1 or Math 30-2","","","","Biology 30 or Chemistry 30","","Yes","Yes","","","","","","","","","placement_assessment; notes: portfolio required; interview required; ELP tests mentioned","Yes","Yes",""
"NorQuest","Insurance Professional","Certificate","Active","https://www.norquest.ca/programs-and-courses/programs/insurance-professional/","","","","English language proficiency","","","Math 30-1 or Math 30-2","","","","Biology 30 or Chemistry 30","","Yes","Yes","","","","","","","","","placement_assessment; notes: portfolio required; interview required; ELP tests mentioned","Yes","Yes",""
"NorQuest","Leadership Training Certificate","Certificate","Active","https://www.norquest.ca/programs-and-courses/programs/leadership-training-certificate/","","","","English language proficiency","","","Math 30-1 or Math 30-2","","","","Chemistry 30 or Biology 30","","Yes","Yes","","","","","","","","","placement_assessment; notes: portfolio required; interview required; ELP tests mentioned","Yes","Yes",""
"NorQuest","Pharmacy Technician","Diploma","Active","https://www.norquest.ca/programs-and-courses/programs/pharmacy-technician/","","","","English 30-1 or English 30-2","60","","Math 30-1 or Math 30-2","60","","","Biology 30 or Chemistry 30","60","Yes","Yes","","","","","","","","","placement_assessment; notes: ELP tests mentioned","Yes","Yes","IELTS"
"NorQuest","Biological, Life, and Health Sciences Specialization","Diploma","Active","https://www.norquest.ca/programs-and-courses/programs/biological-life-and-health-sciences-specialization/","","","","English 30-1 or English 30-2","60","","Math 30-1 or Math 30-2","50","","","Biology 30 or Chemistry 30","50","Yes","Yes","","","","","","","","","alberta_high_school_courses; notes: ELP tests mentioned","Yes","No","IELTS; TOEFL; Duolingo; CAEL; Pearson"
"NorQuest","Autism in the workplace","Other","Active","https://www.norquest.ca/programs-and-courses/programs/autism-in-the-workplace/","","","","","","","Math 30-1 or Math 30-2","","","","Chemistry 30 or Biology 30","","Yes","Yes","","","","","","","","","alberta_high_school_courses; notes: portfolio required; interview required; ELP tests mentioned","Yes","No",""
"NorQuest","Demystifying Accessibility","Other","Active","https://www.norquest.ca/programs-and-courses/programs/demystifying-accessibility/","","","","","","","Math 30-1 or Math 30-2","","","","Biology 30 or Chemistry 30","","Yes","Yes","","","","","","","","","alberta_high_school_courses; notes: portfolio required; interview required; ELP tests mentioned","Yes","No",""
"NorQuest","Introduction to Anti-racism","Other","Active","https://www.norquest.ca/programs-and-courses/programs/introduction-to-anti-racism/","","","","","","","Math 30-1 or Math 30-2","","","","Chemistry 30 or Biology 30","","Yes","Yes","","","","","","","","","alberta_high_school_courses; notes: portfolio required; interview required; ELP tests mentioned","Yes","No",""
"NorQuest","Introduction to Inclusion","Other","Active","https://www.norquest.ca/programs-and-courses/programs/introduction-to-inclusion/","","","","","","","Math 30-1 or Math 30-2","","","","Biology 30 or Chemistry 30","","Yes","Yes","","","","","","","","","alberta_high_school_courses; notes: portfolio required; interview required; ELP tests mentioned","Yes","No",""
"NorQuest","Introduction to Intercultural Understanding","Other","Active","https://www.norquest.ca/programs-and-courses/programs/introduction-to-intercultural-understanding/","","","","","","","Math 30-1 or Math 30-2","","","","Chemistry 30 or Biology 30","","Yes","Yes","","","","","","","","","alberta_high_school_courses; notes: portfolio required; interview required; ELP tests mentioned","Yes","No",""
"NAIT","Laboratory and X-Ray Technology Combined","Other","Active","https://www.nait.ca/programs/lab-and-x-ray-combined","","","","English 30-2","","","Math 30-2","","","","Biology 30 or Chemistry 30","","Yes","Yes","","","","","","","","","alberta_high_school_courses; notes: interview required; ELP tests mentioned","Yes","No",""
"NAIT","Respiratory Therapy","Other","Active","https://www.nait.ca/programs/respiratory-therapy","","","","English 30-2","","","Math 30-2","","","","Biology 30 or Chemistry 30","","Yes","Yes","","","","","","","","","alberta_high_school_courses; notes: interview required; ELP tests mentioned","Yes","No",""
"NAIT","Veterinary Technology","Other","Active","https://www.nait.ca/programs/veterinary-technology","","","","English 30-2","","","Math 30-2","","","","Biology 30 or Chemistry 30","","Yes","Yes","","","","","","","","","alberta_high_school_courses; notes: ELP tests mentioned","Yes","No",""
"NAIT","Conservation Biology","Other","Active","https://www.nait.ca/programs/conservation-biology","","","","English 30-2","","","Math 30-2","","","","Physics 30 or Biology 30 or Chemistry 30","","Yes","Yes","Yes","","","","","","","","alberta_high_school_courses; notes: ELP tests mentioned; post-secondary pathway","Yes","No",""
"NAIT","Environmental Monitoring and Assessment","Other","Active","https://www.nait.ca/programs/environmental-monitoring-assessment","","","","English 30-2","","","Math 30-2","","","","Physics 30 or Biology 30 or Chemistry 30","","Yes","Yes","Yes","","","","","","","","alberta_high_school_courses; notes: ELP tests mentioned; post-secondary pathway","Yes","No",""
"NAIT","Laboratory Research and Biotechnology","Other","Active","https://www.nait.ca/programs/lab-research","","","","English 30-2","","","Math 30-2","","","","Physics 30 or Biology 30 or Chemistry 30","","Yes","Yes","Yes","","","","","","","","alberta_high_school_courses; notes: ELP tests mentioned; post-secondary pathway","Yes","No",""
"NorQuest","Foundational Business and Entrepreneurial Skills in Healthcare","Other","Active","https://www.norquest.ca/programs-and-courses/programs/foundational-business-and-entrepreneurial-skills-in-healthcare/","","","","English language proficiency","","","Math 30-1 or Math 30-2","","","","Biology 30 or Chemistry 30","","Yes","Yes","","","","","","","","","placement_assessment; notes: portfolio required; interview required; ELP tests mentioned","Yes","Yes",""
"NorQuest","Greenhouse Practices and Operational Fundamentals","Other","Active","https://www.norquest.ca/programs-and-courses/programs/greenhouse-practices/","","","","English language proficiency","","","Math 30-1 or Math 30-2","","","","Biology 30 or Chemistry 30","","Yes","Yes","","","","","","","","","placement_assessment; notes: portfolio required; interview required; ELP tests mentioned","Yes","Yes",""
"NorQuest","Health Information Management","Other","Active","https://www.norquest.ca/programs-and-courses/programs/health-information-management/","","","","English language proficiency","","","Math 30-1 or Math 30-2","","","","Biology 30 or Chemistry 30","","Yes","Yes","","","","","","","","","placement_assessment; notes: portfolio required; interview required; ELP tests mentioned","Yes","Yes",""
"NorQuest","Hospitality Industry Fundamentals","Other","Active","https://www.norquest.ca/programs-and-courses/programs/hospitality-industry-fundamentals/","","","","English language proficiency","","","Math 30-1 or Math 30-2","","","","Chemistry 30 or Biology 30","","Yes","Yes","","","","","","","","","placement_assessment; notes: portfolio required; interview required; ELP tests mentioned","Yes","Yes",""
"NorQuest","Introduction to Applied Research for Innovation","Other","Active","https://www.norquest.ca/programs-and-courses/programs/introduction-to-applied-research-for-innovation/","","","","English language proficiency","","","Math 30-1 or Math 30-2","","","","Biology 30 or Chemistry 30","","Yes","Yes","","","","","","","","","placement_assessment; notes: portfolio required; interview required; ELP tests mentioned","Yes","Yes",""
"NorQuest","Introduction to Aviation Operations","Other","Active","https://www.norquest.ca/programs-and-courses/programs/introduction-to-aviation-operations/","","","","English language proficiency","","","Math 30-1 or Math 30-2","","","","Biology 30 or Chemistry 30","","Yes","Yes","","","","","","","","","placement_assessment; notes: portfolio required; interview required; ELP tests mentioned","Yes","Yes",""
"NorQuest","Introduction to Esports","Other","Active","https://www.norquest.ca/programs-and-courses/programs/esports/","","","","English language proficiency","","","Math 30-1 or Math 30-2","","","","Biology 30 or Chemistry 30","","Yes","Yes","","","","","","","","","placement_assessment; notes: portfolio required; interview required; ELP tests mentioned","Yes","Yes",""
"NorQuest","Introduction to Healthcare Technology","Other","Active","https://www.norquest.ca/programs-and-courses/programs/introduction-to-healthcare-technology/","","","","English language proficiency","","","Math 30-1 or Math 30-2","","","","Biology 30 or Chemistry 30","","Yes","Yes","","","","","","","","","placement_assessment; notes: portfolio required; interview required; ELP tests mentioned","Yes","Yes",""
"NorQuest","Solar Photovoltaic (PV) Systems and Installation","Other","Active","https://www.norquest.ca/programs-and-courses/programs/solar-systems-and-installation/","","","","English language proficiency","","","Math 30-1 or Math 30-2","","","","Biology 30 or Chemistry 30","","Yes","Yes","","","","","","","","","placement_assessment; notes: portfolio required; interview required; ELP tests mentioned","Yes","Yes",""
"NorQuest","Tourism Supply Chain Fundamentals","Other","Active","https://www.norquest.ca/programs-and-courses/programs/tourism-supply-chain-fundamentals/","","","","English language proficiency","","","Math 30-1 or Math 30-2","","","","Chemistry 30 or Biology 30","","Yes","Yes","","","","","","","","","placement_assessment; notes: portfolio required; interview required; ELP tests mentioned","Yes","Yes",""
"NorQuest","Academic Upgrading","Other","Active","https://www.norquest.ca/programs-and-courses/programs/academic-upgrading/","","","","English 30-1 or English 30-2","","","Math 30-1 or Math 30-2 or Math 31 or Math 20-1 or Math 20-2","","Aboriginal Studies 30 or Social Studies 30-1 or Social Studies 30-2","","Biology 30 or Chemistry 30 or Physics 30 or Science 30","","Yes","Yes","Yes","Yes","","","","","","","placement_assessment; notes: ELP tests mentioned","Yes","Yes","IELTS; TOEFL; Duolingo"
"NorQuest","Health Care Aide","Certificate","Active","https://www.norquest.ca/programs-and-courses/programs/health-care-aide/","","","1","English 30-2","55","","Placement test","","","","","","","","","","","","","","","","placement_assessment","Yes","Yes","IELTS; TOEFL; Duolingo"
"NorQuest","Health Care Aide Workplace","Certificate","Active","https://www.norquest.ca/programs-and-courses/programs/health-care-aide-workplace/","","","1","English 30-2","55","","Placement test","","","","","","","","","","","","","","","","placement_assessment","Yes","Yes","IELTS; TOEFL; Duolingo"
"NorQuest","Accounting Technician","Certificate","Active","https://www.norquest.ca/programs-and-courses/programs/accounting-technician/","","","2","English 30-1 or English 30-2","50","","Math 20-1 or Math 20-2 or Math 30-1 or Math 30-2","50","","","","","","","","","","","","","","","placement_assessment","Yes","Yes","IELTS; TOEFL; Duolingo; CAEL; Pearson"
"NorQuest","Practical Nurse","Diploma","Active","https://www.norquest.ca/programs-and-courses/programs/practical-nurse/","","","3","English 30-1 or English 30-2","60","","Math 20-1 or Math 20-2 or Math 30-1 or Math 30-2","50","","","Biology 30","60","Yes","","","","","","","","","","placement_assessment","Yes","Yes","IELTS; TOEFL"
"NAIT","Bachelor of Business Administration - Accounting and Analytics","Degree","Active","https://www.nait.ca/programs/bba-accounting-and-analytics","65","","5","English 30-2","","","Math 30-2","","","","","","","","","","3","30-1,30-2,30,35","","","","","alberta_high_school_courses; notes: ELP tests mentioned; post-secondary pathway","Yes","No",""
"NAIT","Bachelor of Business Administration - Entrepreneurship Innovation","Degree","Active","https://www.nait.ca/programs/bba-entrepreneurship","65","","5","English 30-2","","","Math 30-2","","","","","","","","","","3","30-1,30-2,30,35","","","","","alberta_high_school_courses; notes: ELP tests mentioned; post-secondary pathway","Yes","No",""
"NAIT","Bachelor of Business Administration - Finance","Degree","Active","https://www.nait.ca/programs/bba-finance","65","","5","English 30-2","","","Math 30-2","","","","","","","","","","3","30-1,30-2,30,35","","","","","alberta_high_school_courses; notes: ELP tests mentioned; post-secondary pathway","Yes","No",""
"NAIT","Bachelor of Business Administration - General","Degree","Active","https://www.nait.ca/programs/bba-general","65","","5","English 30-2","","","Math 30-2","","","","","","","","","","3","30-1,30-2,30,35","","","","","alberta_high_school_courses; notes: ELP tests mentioned; post-secondary pathway","Yes","No",""
"NAIT","Bachelor of Business Administration - Human Resources Management","Degree","Active","https://www.nait.ca/programs/bba-human-resources-management","65","","5","English 30-2","","","Math 30-2","","","","","","","","","","3","30-1,30-2,30,35","","","","","alberta_high_school_courses; notes: ELP tests mentioned; post-secondary pathway","Yes","No",""
"NAIT","Bachelor of Business Administration - Management","Degree","Active","https://www.nait.ca/programs/bba-management","65","","5","English 30-2","","","Math 30-2","","","","","","","","","","3","30-1,30-2,30,35","","","","","alberta_high_school_courses; notes: ELP tests mentioned; post-secondary pathway","Yes","No",""
"NAIT","Bachelor of Business Administration - Marketing","Degree","Active","https://www.nait.ca/programs/bba-marketing","65","","5","English 30-2","","","Math 30-2","","","","","","","","","","3","30-1,30-2,30,35","","","","","alberta_high_school_courses; notes: ELP tests mentioned; post-secondary pathway","Yes","No",""
"NAIT","Bachelor of Business Administration - Supply Chain Management","Degree","Active","https://www.nait.ca/programs/bba-supply-chain-management","65","","5","English 30-2","","","Math 30-2","","","","","","","","","","3","30-1,30-2,30,35","","","","","alberta_high_school_courses; notes: ELP tests mentioned; post-secondary pathway","Yes","No",""
"UAlberta","Art & Design (First-Year)","Degree","Active","https://www.ualberta.ca/en/art-design/admissions/undergraduate-application/index.html","70","Competitive varies by year","5","English Language Arts 30-1","50","No","","","","","","","","","","","Four","Groups A, B, or C","","","","","alberta_high_school_courses; notes: Portfolio required for some programs","Yes","No",""
"UAlberta","Arts (First-Year)","Degree","Active","https://www.ualberta.ca/en/arts/programs/undergraduate-programs/admissions/index.html","70","Competitive varies by year","5","English Language Arts 30-1","50","No","","","","","","","","","","","Four","Groups A, B, or C","","","","","alberta_high_school_courses; notes:  Admission average uses 5 subjects (English 30-1 + 4 from Groups A/B/C); max 1 Group B; each subject must be >=50","Yes","No",""
"UAlberta","Augustana (First-Year)","Degree","Active","https://www.ualberta.ca/en/augustana/programs/admissions/index.html","70","Competitive varies by year","5","English Language Arts 30-1","50","No","","","","","","","","","","","Four","Groups A, B, or C","","","","","alberta_high_school_courses; notes: 3 admission subjects must be from Groups A or C (UAlberta chart); 1 more from Groups A/B/C (verify current)","Yes","No",""
"UAlberta","Campus Saint-Jean (First-Year)","Degree","Active","https://www.ualberta.ca/en/campus-saint-jean/programs/undergraduate/admissions/index.html","70","Competitive varies by year","5","English Language Arts 30-1","50","No","","","","","","","","","","","Four","Groups A, B, or C","","","","","alberta_high_school_courses; notes: French language proficiency (e.g., French 30 or equivalent) required; not checked by this tool (verify current)","Yes","No",""
"UAlberta","Education (First-Year)","Degree","Active","https://www.ualberta.ca/en/education/programs/undergraduate-programs/admission-requirements.html","70","Competitive varies by year","5","English Language Arts 30-1","50","No","","","","","","","","","","","Four","Groups A, B, or C","","","","","alberta_high_school_courses; notes: 3 admission subjects must be from Groups A or C (UAlberta chart); 1 more from Groups A/B/C (some substitutions may apply)","Yes","No",""
"UAlberta","Music (First-Year)","Degree","Active","https://www.ualberta.ca/en/music/admissions/undergraduate-admissions/index.html","70","Competitive varies by year","5","English Language Arts 30-1","50","No","","","","","","","","","","","Four","Groups A, B, or C","","","","","alberta_high_school_courses; notes: Audition required for some programs","Yes","No",""
"UAlberta","Native Studies (First-Year)","Degree","Active","https://www.ualberta.ca/en/native-studies/students/undergraduate.html","70","Competitive varies by year","5","English Language Arts 30-1","50","No","","","","","","","","","","","Four","Groups A, B, or C","","","","","alberta_high_school_courses; notes: Admission average uses 5 subjects; max 1 Group B; additional requirements (e.g., interview) may apply in some cases","Yes","No",""
"UAlberta","Science (First-Year)","Degree","Active","https://www.ualberta.ca/en/science/programs/bachelor-of-science/admission-to-science/index.html","70","Competitive varies by year","5","English Language Arts 30-1","50","No","Mathematics 30-1","50","","","Two of Biology 30, Chemistry 30, Mathematics 31, Physics 30","50","","","","","One","Groups A, B, or C","","","","","alberta_high_school_courses; notes: Admission average uses 5 subjects; Computing Science Advanced CTS may be used as an admission subject (see UAlberta chart)","Yes","No",""
"UAlberta","Agricultural, Life and Environmental Sciences (ALES) (First-Year)","Degree","Active","https://www.ualberta.ca/en/agriculture-life-environment-sciences/programs/undergraduate-programs/admissions/index.html","70","Competitive varies by year","5","English Language Arts 30-1","50","No","Mathematics 30-1 or 30-2","50","","","Biology 30, Chemistry 30, Physics 30","50","","","","","Two","Groups A, B, or C","","","","","alberta_high_school_courses; notes: One admission subject must be from Groups A or C (UAlberta chart); CTS substitutions may apply (verify current)","Yes","No",""
"UAlberta","Open Studies (First-Year)","Other","Active","https://www.ualberta.ca/en/registrar/registration-and-courses/special-registrations/open-studies/index.html","70","Competitive varies by year","5","English Language Arts 30-1","50","No","","","","","","","","","","","Four","Groups A, B, or C","","","","","alberta_high_school_courses; notes: Open Studies admission rules can vary; confirm requirements for your intended pathway","Yes","No",""
"UAlberta","Business (Preprofessional Entry)","Other","Active","https://www.ualberta.ca/en/business/programs/bachelor-of-commerce/degrees/bcom/admissions.html","70","Not direct-entry to BCom","5","English Language Arts 30-1","50","No","","","","","","","","","","","Four","Groups A, B, or C","","","","","alberta_high_school_courses; notes: BCom admission is typically after a preprofessional year; this row checks baseline UAlberta high-school admission only","Yes","No",""
"NorQuest","Engineering University Transfer Certificate","Certificate","Active","https://www.norquest.ca/programs-and-courses/programs/engineering-university-transfer-certificate/","","","5","","","","Math 30-1 or Math 31","","","","Chemistry 30 or Physics 30","","","Yes","Yes","","","","","","","","alberta_high_school_courses; notes: ELP tests mentioned; post-secondary pathway","Yes","No","IELTS; TOEFL; Duolingo; CAEL; Pearson"
"UAlberta","Engineering (First-Year)","Degree","Active","https://www.ualberta.ca/en/engineering/admissions-programs/undergraduate/admissions/index.html","80","80%+ in recent years","5","English Language Arts 30-1","50","No","Mathematics 30-1 and Mathematics 31","50","","","","50","","Yes","Yes","","0.0","","","","","","alberta_high_school_courses; notes:  Minimum admission average is set annually; past several years ~80% or above (verify current)","Yes","No",""
"UAlberta","Kinesiology (BScKin) (First-Year)","Degree","Active","https://www.ualberta.ca/en/kinesiology-sport-recreation/programs/undergraduate-programs/admissions/index.html","70","Competitive varies by year","5","English Language Arts 30-1","60","No","Mathematics 30-1","50","","","Biology 30, Physical Education 30, Recreation Leadership (Advanced Level CTS)","50","","Yes","Yes","","0","","","","","","alberta_high_school_courses; notes: Requires Chemistry 30 and Physics 30 plus 1 of Biology 30/PE 30/REC-CTS (verify current)","Yes","No",""
"UAlberta","Nursing (First-Year)","Degree","Active","https://www.ualberta.ca/en/nursing/programs/undergraduate-programs-and-their-admissions-requirements/index.html","70","Competitive varies by year","5","English Language Arts 30-1","50","No","Mathematics 30-1 or 30-2","50","","","Chemistry 30, Science 30","50","Yes","","","","One","Groups A, B, or C","","","","","alberta_high_school_courses; notes:  Requires Biology 30 and 1 of Chemistry 30/Science 30; 1 additional admission subject from Groups A/B/C (verify current)","Yes","No",""
"NorQuest","Clinical Practice Enhancement for LPNs","Certificate","Active","https://www.norquest.ca/programs-and-courses/programs/clinical-practice-enhancement-for-lpns/","","","5","","","","Math 30-1 or Math 30-2","","","","Biology 30 or Chemistry 30","","Yes","Yes","","","","","","","","","alberta_high_school_courses; notes: portfolio required; interview required; ELP tests mentioned","Yes","No",""
"NorQuest","Education and Employment Pathways","Certificate","Active","https://www.norquest.ca/programs-and-courses/programs/education-and-employment-pathways/","","","5","","","","Math 30-1 or Math 30-2","","","","Biology 30 or Chemistry 30","","Yes","Yes","","","","","","","","","alberta_high_school_courses; notes: portfolio required; interview required; ELP tests mentioned","Yes","No",""
"NorQuest","Promoting Labour Market Attachment for Newcomers Living With Disabilities","Certificate","Active","https://www.norquest.ca/programs-and-courses/programs/promoting-labour-market-attachment-for-newcomers-living-with-disabilities/","","","5","","","","Math 30-1 or Math 30-2","","","","Chemistry 30 or Biology 30","","Yes","Yes","","","","","","","","","alberta_high_school_courses; notes: portfolio required; interview required; ELP tests mentioned","Yes","No",""
"NorQuest","Taxi Ambassador","Certificate","Active","https://www.norquest.ca/programs-and-courses/programs/taxi-ambassador/","","","5","","","","Math 30-1 or Math 30-2","","","","Biology 30 or Chemistry 30","","Yes","Yes","","","","","","","","","alberta_high_school_courses; notes: portfolio required; interview required; ELP tests mentioned","Yes","No",""
"NorQuest","Upskilling For Data Analytics and Business Intelligence for Autistic Individuals","Certificate","Active","https://www.norquest.ca/programs-and-courses/programs/upskilling-for-data-analytics-and-business-intelligence/","","","5","","","","Math 30-1 or Math 30-2","","","","Biology 30 or Chemistry 30","","Yes","Yes","","","","","","","","","alberta_high_school_courses; notes: portfolio required; interview required; ELP tests mentioned","Yes","No",""
"NorQuest","Workplace Soft Skills","Certificate","Active","https://www.norquest.ca/programs-and-courses/programs/workplace-soft-skills/","","","5","","","","Math 30-1 or Math 30-2","","","","Chemistry 30 or Biology 30","","Yes","Yes","","","","","","","","","alberta_high_school_courses; notes: portfolio required; interview required; ELP tests mentioned","Yes","No",""
"NorQuest","Trades Pathways for Newcomers - Carpentry","Certificate","Active","https://www.norquest.ca/programs-and-courses/programs/trades-pathways-for-newcomers-carpentry/","","","5","","","","Math 30-1 or Math 30-2","","","","Biology 30 or Chemistry 30","","Yes","Yes","","","","","","","","","alberta_high_school_courses; notes: portfolio required; interview required; ELP tests mentioned","Yes","No","TOEFL; Duolingo"
"MacEwan","Accounting","Degree","Active","https://www.macewan.ca/academics/academic-departments/accounting-finance/academics/accounting-honours/","65","Mid-70s","5","30-1","65","","30-1 or 30-2","50","","50.0","","50.0","","","","","Three","Groups A, B, C, or D","","","","","alberta_high_school_courses","","",""
"MacEwan","Accounting","Degree","Active","https://www.macewan.ca/academics/academic-departments/accounting-finance/academics/accounting-major/","65","Mid-70s","5","30-1","65","","30-1 or 30-2","50","","50.0","","50.0","","","","","Three","Groups A, B, C, or D","","","","","alberta_high_school_courses","","",""
"MacEwan","Accounting and Strategic Measurement","Other","Active","https://www.macewan.ca/academics/programs/accounting-and-strategic-measurement/admissions/requirements/index.html","65","nimum grades you need to achieve to be considered for admission to the program. Take note if your program of choice is considered competitive —which means you may need to achieve a higher admission average or complete additional admission criteria. International students must qualify for admission under the regular or previous post-secondary categories for any program. The m","5","English 30-1 or English 30-2","65","","Math 30-1 or Math 30-2","50","","50.0","","50.0","","","","","Three","A,B,C,D","","","","","alberta_high_school_courses; notes: See Degree","Yes","No",""
"MacEwan","Accounting Technology","Other","Active","https://www.macewan.ca/academics/programs/accounting-and-strategic-measurement/admissions/requirements/index.html","65","nimum grades you need to achieve to be considered for admission to the program. Take note if your program of choice is considered competitive —which means you may need to achieve a higher admission average or complete additional admission criteria. International students must qualify for admission under the regular or previous post-secondary categories for any program. The m","5","English 30-1 or English 30-2","","","Math 30-1 or Math 30-2","","","","","","","","","","Three","A,B,C,D","","","","","alberta_high_school_courses; notes: See Degree","Yes","No",""
"MacEwan","Acupuncture","Other","Active","https://www.macewan.ca/academics/programs/acupuncture/admissions/requirements/index.html","60","nimum grades you need to achieve to be considered for admission to the program. Take note if your program of choice is considered competitive —which means you may need to achieve a higher admission average or complete additional admission criteria. International students must qualify for admission under the regular or previous post-secondary categories for any program. The m","5","English 30-1 or English 30-2","65","","","50","","50.0","Biology 30 or Chemistry 30 or Science 30","50.0","Yes","Yes","","Yes","Two","C,A,B,D","","","","","alberta_high_school_courses; notes: max 2 Group B; max 1 Group D; regular admission; ELP tests mentioned; post-secondary pathway","Yes","","IELTS; TOEFL; Duolingo; CAEL; Pearson"
"MacEwan","Alberta Foundation Program","Other","Active","https://www.macewan.ca/academics/programs/alberta-foundation-program/","65","Minimum Only","","30-1","65","","","50","","50.0","","50.0","","","","","0","","","","","","regular_admission","No","",""
"MacEwan","Anthropology","Other","Active","https://www.macewan.ca/academics/academic-departments/anthropology-economics-political-science/academics/anthropology-honours/","65","Minimum Only","5","30-1","65","","30-1","50","","50.0","","50.0","","","","","Four","Groups A, B, C, or D","","","","","alberta_high_school_courses","","",""
"MacEwan","Anthropology","Other","Active","https://www.macewan.ca/academics/academic-departments/anthropology-economics-political-science/academics/anthropology-major/","65","Minimum Only","5","30-1","65","","30-1","50","","50.0","","50.0","","","","","Four","Groups A, B, C, or D","","","","","alberta_high_school_courses","","",""
"MacEwan","Applied Statistics","Degree","Active","https://www.macewan.ca/academics/academic-departments/mathematics-statistics/academics/applied-statistics-honours/","65","Minimum Only","5","30-1","65","","30-1 or 30-2","50","","50.0","Bio 30, Chem 30","50.0","","","","","Check Notes","Groups A, B, C, or D","","","","","alberta_high_school_courses","","",""
"MacEwan","Applied Statistics","Degree","Active","https://www.macewan.ca/academics/academic-departments/mathematics-statistics/academics/applied-statistics-major/","65","Minimum Only","5","30-1","65","","30-1 or 30-2","50","","50.0","Bio 30, Chem 30","50.0","","","","","Check Notes","Groups A, B, C, or D","","","","","alberta_high_school_courses","","",""
"MacEwan","Arts and Cultural Management","Degree","Active","https://www.macewan.ca/academics/programs/bachelor-of-fine-arts/admissions/requirements/index.html","65","nimum grades you need to achieve to be considered for admission to the program. Take note if your program of choice is considered competitive —which means you may need to achieve a higher admission average or complete additional admission criteria. International students must qualify for admission under the regular or previous post-secondary categories for any program. The m","5","English 30-1 or English 30-2","65","","","50","","50.0","","50.0","","","","","4","A,B,C,D","","","","","alberta_high_school_courses; notes: max 2 Group B; max 1 Group D; portfolio required; audition required; regular admission; ELP tests mentioned","Yes","","IELTS; TOEFL; Duolingo; CAEL; Pearson"
"MacEwan","Arts and Cultural Management","Degree","Active","https://www.macewan.ca/academics/programs/bachelor-of-fine-arts/admissions/requirements/index.html","65","nimum grades you need to achieve to be considered for admission to the program. Take note if your program of choice is considered competitive —which means you may need to achieve a higher admission average or complete additional admission criteria. International students must qualify for admission under the regular or previous post-secondary categories for any program. The m","5","English 30-1 or English 30-2","65","","","50","","50.0","","50.0","","","","","4","A,B,C,D","","","","","alberta_high_school_courses; notes: max 2 Group B; max 1 Group D; portfolio required; audition required; regular admission; ELP tests mentioned","Yes","","IELTS; TOEFL; Duolingo; CAEL; Pearson"
"MacEwan","Aviation Management","Degree","Active","https://www.macewan.ca/academics/programs/business-management/admissions/requirements/index.html","65","nimum grades you need to achieve to be considered for admission to the program. Take note if your program of choice is considered competitive —which means you may need to achieve a higher admission average or complete additional admission criteria. International students must qualify for admission under the regular or previous post-secondary categories for any program. The m","5","English 30-1 or English 30-2","65","","Math 30-1 or Math 30-2","50","","50.0","","50.0","","","","","3","A,B,C,D","","","","","alberta_high_school_courses; notes: max 2 Group B; max 1 Group D; regular admission; ELP tests mentioned","Yes","No","IELTS; TOEFL; Duolingo; CAEL; Pearson"
"MacEwan","Bachelor of Applied Human Service Administration","Degree","Active","https://www.macewan.ca/academics/programs/bachelor-of-applied-human-service-administration/admissions/requirements/index.html","","nimum grades you need to achieve to be considered for admission to the program. Take note if your program of choice is considered competitive —which means you may need to achieve a higher admission average or complete additional admission criteria. International students must qualify for admission under the regular or previous post-secondary categories for any program. The m","5","English 30-1","","","","","","","","","","","","","","","","","","","alberta_high_school_courses; notes: ELP tests mentioned","Yes","Unknown","IELTS; TOEFL; Duolingo; CAEL; Pearson"
"MacEwan","Bachelor of Arts","Degree","Active","https://www.macewan.ca/academics/programs/bachelor-of-arts/admissions/requirements/index.html","65","nimum grades you need to achieve to be considered for admission to the program. Take note if your program of choice is considered competitive —which means you may need to achieve a higher admission average or complete additional admission criteria. International students must qualify for admission under the regular or previous post-secondary categories for any program. The m","5","English 30-1","65","","Math 30-1 or Math 30-2","","","","","","","","","","4","A,B,C,D","","","","","alberta_high_school_courses; notes: max 2 Group B; max 1 Group D; regular admission; ELP tests mentioned","Yes","No","IELTS; TOEFL; Duolingo; CAEL; Pearson"
"MacEwan","Bachelor of Child and Youth Care","Other","Active","https://www.macewan.ca/academics/programs/bachelor-of-child-and-youth-care/admissions/requirements/index.html","65","nimum grades you need to achieve to be considered for admission to the program. Take note if your program of choice is considered competitive —which means you may need to achieve a higher admission average or complete additional admission criteria. International students must qualify for admission under the regular or previous post-secondary categories for any program. The m","5","English 30-1","65","","","50","","50.0","","50.0","","","","","4","A,B,C,D","","","","","alberta_high_school_courses; notes: max 2 Group B; max 1 Group D; regular admission; ELP tests mentioned","Yes","","IELTS; TOEFL; Duolingo; CAEL; Pearson"
"MacEwan","Bachelor of Commerce","Degree","Active","https://www.macewan.ca/academics/programs/bachelor-of-commerce/admissions/requirements/index.html","65","nimum grades you need to achieve to be considered for admission to the program. Take note if your program of choice is considered competitive —which means you may need to achieve a higher admission average or complete additional admission criteria. International students must qualify for admission under the regular or previous post-secondary categories for any program. The m","5","English 30-1","","","Math 30-1 or Math 30-2","","","","","","","","","","3","A,B,C,D","","","","","alberta_high_school_courses; notes: max 2 Group B; max 1 Group D; regular admission; ELP tests mentioned","Yes","No","IELTS; TOEFL; Duolingo; CAEL; Pearson"
"MacEwan","Bachelor of Communication Studies","Degree","Active","https://www.macewan.ca/academics/programs/bachelor-of-communication-studies/admissions/requirements/index.html","65","nimum grades you need to achieve to be considered for admission to the program. Take note if your program of choice is considered competitive —which means you may need to achieve a higher admission average or complete additional admission criteria. International students must qualify for admission under the regular or previous post-secondary categories for any program. The m","5","English 30-1","65","","","","","","","","","","","","4","A,B,C,D","","","","","alberta_high_school_courses; notes: max 2 Group B; max 1 Group D; regular admission; ELP tests mentioned","Yes","Unknown","IELTS; TOEFL; Duolingo; CAEL; Pearson"
"MacEwan","Bachelor of Design","Degree","Active","https://www.macewan.ca/academics/programs/bachelor-of-design/admissions/requirements/index.html","65","nimum grades you need to achieve to be considered for admission to the program. Take note if your program of choice is considered competitive —which means you may need to achieve a higher admission average or complete additional admission criteria. International students must qualify for admission under the regular or previous post-secondary categories for any program. The m","5","English 30-1 or English 30-2","65","","","","","","","","","","","","4","A,B,C,D","","","","","alberta_high_school_courses; notes: max 2 Group B; max 1 Group D; portfolio required; regular admission; ELP tests mentioned","Yes","Unknown","IELTS; TOEFL; Duolingo; CAEL; Pearson"
"MacEwan","Bachelor of Early Childhood Curriculum Studies","Other","Active","https://www.macewan.ca/academics/programs/bachelor-of-early-childhood-curriculum-studies/admissions/requirements/index.html","65","nimum grades you need to achieve to be considered for admission to the program. Take note if your program of choice is considered competitive —which means you may need to achieve a higher admission average or complete additional admission criteria. International students must qualify for admission under the regular or previous post-secondary categories for any program. The m","5","English 30-1 or English 30-2","65","","","50","Social Studies 30-1","50.0","","50.0","","","","","3","A,B,C,D","","","","","alberta_high_school_courses; notes: max 2 Group B; max 1 Group D; regular admission; ELP tests mentioned","Yes","","IELTS; TOEFL; Duolingo; CAEL; Pearson"
"MacEwan","Bachelor of Fine Arts","Degree","Active","https://www.macewan.ca/academics/programs/bachelor-of-fine-arts/admissions/requirements/index.html","65","nimum grades you need to achieve to be considered for admission to the program. Take note if your program of choice is considered competitive —which means you may need to achieve a higher admission average or complete additional admission criteria. International students must qualify for admission under the regular or previous post-secondary categories for any program. The m","5","English 30-1 or English 30-2","65","","","","","","","","","","","","4","A,B,C,D","","","","","alberta_high_school_courses; notes: max 2 Group B; max 1 Group D; portfolio required; audition required; regular admission; ELP tests mentioned","Yes","Unknown","IELTS; TOEFL; Duolingo; CAEL; Pearson"
"MacEwan","Bachelor of Music","Degree","Active","https://www.macewan.ca/academics/programs/bachelor-of-music/admissions/requirements/index.html","65","nimum grades you need to achieve to be considered for admission to the program. Take note if your program of choice is considered competitive —which means you may need to achieve a higher admission average or complete additional admission criteria. International students must qualify for admission under the regular or previous post-secondary categories for any program. The m","5","English 30-1 or English 30-2","65","","","50","","50.0","","50.0","","","","","4","A,B,C,D","","","","","alberta_high_school_courses; notes: max 2 Group B; max 1 Group D; audition required; regular admission; ELP tests mentioned; post-secondary pathway","Yes","","IELTS; TOEFL; Duolingo; CAEL; Pearson"
"MacEwan","Bachelor of Physical Education Transfer","Degree","Active","https://www.macewan.ca/academics/programs/bachelor-of-physical-education-transfer/admissions/requirements/index.html","65","nimum grades you need to achieve to be considered for admission to the program. Take note if your program of choice is considered competitive —which means you may need to achieve a higher admission average or complete additional admission criteria. International students must qualify for admission under the regular or previous post-secondary categories for any program. The m","5","English 30-1","60","","","50","","50.0","Biology 30","60","Yes","","","","3","A,B,C,D","","","","","alberta_high_school_courses; notes: max 2 Group B; max 1 Group D; regular admission; ELP tests mentioned","Yes","","IELTS; TOEFL; Duolingo; CAEL; Pearson"
"MacEwan","Bachelor of Psychiatric Nursing","Degree","Active","https://www.macewan.ca/academics/programs/bachelor-of-psychiatric-nursing/admissions/requirements/index.html","65","nimum grades you need to achieve to be considered for admission to the program. Take note if your program of choice is considered competitive —which means you may need to achieve a higher admission average or complete additional admission criteria. International students must qualify for admission under the regular or previous post-secondary categories for any program. The m","5","English 30-1","","","Math 30-1 or Math 30-2 or Math 31","","","","Biology 30 or Chemistry 30 or Science 30","","Yes","Yes","","Yes","","","","","","","alberta_high_school_courses; notes: max 1 Group D; regular admission; ELP tests mentioned","Yes","No",""
"MacEwan","Bachelor of Public Safety and Justice","Degree","Active","https://www.macewan.ca/academics/programs/bachelor-of-public-safety-and-justice/admissions/requirements/index.html","65","nimum grades you need to achieve to be considered for admission to the program. Take note if your program of choice is considered competitive —which means you may need to achieve a higher admission average or complete additional admission criteria. International students must qualify for admission under the regular or previous post-secondary categories for any program. The m","5","English 30-1 or English 30-2","65","","","50","","50.0","","50.0","","","","","3","A,B,C,D","","","","","alberta_high_school_courses; notes: max 2 Group B; max 1 Group D; regular admission; ELP tests mentioned; post-secondary pathway","Yes","","IELTS; TOEFL; Duolingo; CAEL; Pearson"
"MacEwan","Bachelor of Science","Degree","Active","https://www.macewan.ca/academics/programs/bachelor-of-science/admissions/requirements/index.html","60","nimum grades you need to achieve to be considered for admission to the program. Take note if your program of choice is considered competitive —which means you may need to achieve a higher admission average or complete additional admission criteria. International students must qualify for admission under the regular or previous post-secondary categories for any program. The m","5","English 30-1","","","Math 30-1 or Math 31","","","","Biology 30 or Chemistry 30 or Physics 30","","Yes","Yes","Yes","","1","A,B,C,D","","","","","alberta_high_school_courses; notes: max 1 Group D; regular admission; ELP tests mentioned","Yes","No","IELTS; TOEFL; Duolingo; CAEL; Pearson"
"MacEwan","Bachelor of Science in Nursing","Degree","Active","https://www.macewan.ca/academics/programs/bachelor-of-science-in-nursing/admissions/requirements/index.html","65","nimum grades you need to achieve to be considered for admission to the program. Take note if your program of choice is considered competitive —which means you may need to achieve a higher admission average or complete additional admission criteria. International students must qualify for admission under the regular or previous post-secondary categories for any program. The m","5","English 30-1","","","Math 30-1 or Math 30-2 or Math 31","","","","Biology 30 or Chemistry 30 or Science 30","","Yes","Yes","","Yes","","","","","","","alberta_high_school_courses; notes: max 1 Group D; regular admission; ELP tests mentioned","Yes","No",""
"MacEwan","Bachelor of Social Work","Degree","Active","https://www.macewan.ca/academics/programs/bachelor-of-social-work/admissions/requirements/index.html","","nimum grades you need to achieve to be considered for admission to the program. Take note if your program of choice is considered competitive —which means you may need to achieve a higher admission average or complete additional admission criteria. International students must qualify for admission under the regular or previous post-secondary categories for any program. The m","5","English 30-1","","","","","","","","","","","","","","","","","","","alberta_high_school_courses; notes: ELP tests mentioned","Yes","Unknown","IELTS; TOEFL; Duolingo; CAEL; Pearson"
"MacEwan","Behaviour Analysis","Other","Active","https://www.macewan.ca/academics/programs/behaviour-analysis/admissions/requirements/index.html","65","nimum grades you need to achieve to be considered for admission to the program. Take note if your program of choice is considered competitive —which means you may need to achieve a higher admission average or complete additional admission criteria. International students must qualify for admission under the regular or previous post-secondary categories for any program. The m","5","English 30-1","65","","","50","","50.0","","50.0","","","","","0","","","","","","alberta_high_school_courses; notes: ELP tests mentioned","Yes","","IELTS; TOEFL; Duolingo; CAEL; Pearson"
"MacEwan","Bridge to Canadian Nursing","Other","Active","https://www.macewan.ca/academics/programs/bridge-to-canadian-nursing/","65","Low-to-mid 80s","5","30-1","65","","","50","","50.0","","50.0","","","","","0","","","","","","alberta_high_school_courses","","",""
"MacEwan","Business Management","Other","Active","https://www.macewan.ca/academics/programs/business-management/admissions/requirements/index.html","65","nimum grades you need to achieve to be considered for admission to the program. Take note if your program of choice is considered competitive —which means you may need to achieve a higher admission average or complete additional admission criteria. International students must qualify for admission under the regular or previous post-secondary categories for any program. The m","5","English 30-1 or English 30-2","65","","Math 30-1 or Math 30-2","50","","50.0","","50.0","","","","","3","A,B,C,D","","","","","alberta_high_school_courses; notes: max 2 Group B; max 1 Group D; regular admission; ELP tests mentioned","Yes","No","IELTS; TOEFL; Duolingo; CAEL; Pearson"
"MacEwan","Business Management","Other","Active","https://www.macewan.ca/academics/programs/business-management/admissions/requirements/index.html","65","nimum grades you need to achieve to be considered for admission to the program. Take note if your program of choice is considered competitive —which means you may need to achieve a higher admission average or complete additional admission criteria. International students must qualify for admission under the regular or previous post-secondary categories for any program. The m","5","English 30-1 or English 30-2","65","","Math 30-1 or Math 30-2","50","","50.0","","50.0","","","","","3","A,B,C,D","","","","","alberta_high_school_courses; notes: max 2 Group B; max 1 Group D; regular admission; ELP tests mentioned","Yes","No","IELTS; TOEFL; Duolingo; CAEL; Pearson"
"MacEwan","Chemistry","Degree","Active","https://www.macewan.ca/academics/academic-departments/physical-sciences/academics/chemistry-major/","65","Minimum Only","5","30-1","65","","30-1","50","","50.0","Bio 30, Chem 30","50.0","","","","","Check Notes","Groups A, B, C, or D","","","","","alberta_high_school_courses","","",""
"MacEwan","Child and Youth Care","Other","Active","https://www.macewan.ca/academics/programs/bachelor-of-child-and-youth-care/admissions/requirements/index.html","65","nimum grades you need to achieve to be considered for admission to the program. Take note if your program of choice is considered competitive —which means you may need to achieve a higher admission average or complete additional admission criteria. International students must qualify for admission under the regular or previous post-secondary categories for any program. The m","5","English 30-1","65","","","50","","50.0","","50.0","","","","","4","A,B,C,D","","","","","alberta_high_school_courses; notes: max 2 Group B; max 1 Group D; regular admission; ELP tests mentioned","Yes","","IELTS; TOEFL; Duolingo; CAEL; Pearson"
"MacEwan","Community Justice and Corrections","Other","Active","https://www.macewan.ca/academics/programs/community-justice-and-corrections/admissions/requirements/index.html","65","nimum grades you need to achieve to be considered for admission to the program. Take note if your program of choice is considered competitive —which means you may need to achieve a higher admission average or complete additional admission criteria. International students must qualify for admission under the regular or previous post-secondary categories for any program. The m","5","English 30-1 or English 30-2","65","","","50","","50.0","","50.0","","","","","3","A,B,C,D","","","","","alberta_high_school_courses; notes: max 2 Group B; max 1 Group D; regular admission; ELP tests mentioned; post-secondary pathway","Yes","","IELTS; TOEFL; Duolingo; CAEL; Pearson"
"MacEwan","Composition","Other","Active","https://www.macewan.ca/academics/programs/bachelor-of-music/admissions/requirements/index.html","65","nimum grades you need to achieve to be considered for admission to the program. Take note if your program of choice is considered competitive —which means you may need to achieve a higher admission average or complete additional admission criteria. International students must qualify for admission under the regular or previous post-secondary categories for any program. The m","5","English 30-1 or English 30-2","65","","","","","","","","","","","","4","A,B,C,D","","","","","alberta_high_school_courses; notes: max 2 Group B; max 1 Group D; audition required; regular admission; ELP tests mentioned; post-secondary pathway","Yes","Unknown","IELTS; TOEFL; Duolingo; CAEL; Pearson"
"MacEwan","Computer Science","Degree","Active","https://www.macewan.ca/academics/academic-departments/computer-science/academics/computer-science-major/","65","Mid-70s","5","30-1","65","","30-1","50","","50.0","Bio 30, Chem 30","50.0","","","","","Check Notes","Groups A, B, C, or D","","","","","alberta_high_school_courses","","",""
"MacEwan","Data Science","Degree","Active","https://www.macewan.ca/academics/academic-departments/mathematics-statistics/academics/data-science-major/","65","Mid-70s","5","30-1","65","","30-1","50","","50.0","Bio 30, Chem 30","50.0","","","","","Check Notes","Groups A, B, C, or D","","","","","alberta_high_school_courses","","",""
"MacEwan","Digital Experience Design","Other","Active","https://www.macewan.ca/academics/programs/digital-experience-design/admissions/requirements/index.html","65","nimum grades you need to achieve to be considered for admission to the program. Take note if your program of choice is considered competitive —which means you may need to achieve a higher admission average or complete additional admission criteria. International students must qualify for admission under the regular or previous post-secondary categories for any program. The m","5","English 30-1","65","","","50","","50.0","","50.0","","","","","0","","","","","","alberta_high_school_courses; notes: ELP tests mentioned","Yes","","IELTS; TOEFL; Duolingo; CAEL; Pearson"
"MacEwan","Digital Experience Design","Other","Active","https://www.macewan.ca/academics/programs/bachelor-of-design/admissions/requirements/index.html","65","nimum grades you need to achieve to be considered for admission to the program. Take note if your program of choice is considered competitive —which means you may need to achieve a higher admission average or complete additional admission criteria. International students must qualify for admission under the regular or previous post-secondary categories for any program. The m","5","English 30-1 or English 30-2","65","","","50","","50.0","","50.0","","","","","4","A,B,C,D","","","","","alberta_high_school_courses; notes: max 2 Group B; max 1 Group D; portfolio required; regular admission; ELP tests mentioned","Yes","","IELTS; TOEFL; Duolingo; CAEL; Pearson"
"MacEwan","Early Learning and Child Care","Other","Active","https://www.macewan.ca/academics/programs/bachelor-of-early-childhood-curriculum-studies/admissions/requirements/index.html","65","nimum grades you need to achieve to be considered for admission to the program. Take note if your program of choice is considered competitive —which means you may need to achieve a higher admission average or complete additional admission criteria. International students must qualify for admission under the regular or previous post-secondary categories for any program. The m","5","English 30-1 or English 30-2","65","","","50","Social Studies 30-1","50.0","","50.0","","","","","3","A,B,C,D","","","","","alberta_high_school_courses; notes: max 2 Group B; max 1 Group D; regular admission; ELP tests mentioned","Yes","","IELTS; TOEFL; Duolingo; CAEL; Pearson"
"MacEwan","Economics","Other","Active","https://www.macewan.ca/academics/academic-departments/anthropology-economics-political-science/academics/economics-honours/","65","Minimum Only","5","30-1","65","","30-1","50","","50.0","","50.0","","","","","Four","Groups A, B, C, or D","","","","","alberta_high_school_courses","","",""
"MacEwan","Economics","Other","Active","https://www.macewan.ca/academics/academic-departments/anthropology-economics-political-science/academics/economics-major/","65","Minimum Only","5","30-1","65","","30-1","50","","50.0","","50.0","","","","","Four","Groups A, B, C, or D","","","","","alberta_high_school_courses","","",""
"MacEwan","Educational Assistant","Other","Active","https://www.macewan.ca/academics/programs/educational-assistant/admissions/requirements/index.html","60","nimum grades you need to achieve to be considered for admission to the program. Take note if your program of choice is considered competitive —which means you may need to achieve a higher admission average or complete additional admission criteria. International students must qualify for admission under the regular or previous post-secondary categories for any program. The m","5","English 30-1 or English 30-2","65","","Math 30-1 or Math 30-2 or Math 31","50","Social Studies 30-1 or Aboriginal Studies 30","50.0","Biology 30 or Chemistry 30 or Physics 30 or Science 30","50.0","Yes","Yes","Yes","Yes","2","A,B,C,D","","","","","alberta_high_school_courses; notes: max 1 Group D; regular admission; ELP tests mentioned","Yes","No","IELTS; TOEFL; Duolingo; CAEL; Pearson"
"MacEwan","Emergency Communications and Response","Other","Active","https://www.macewan.ca/academics/programs/emergency-communications-response/admissions/requirements/index.html","65","nimum grades you need to achieve to be considered for admission to the program. Take note if your program of choice is considered competitive —which means you may need to achieve a higher admission average or complete additional admission criteria. International students must qualify for admission under the regular or previous post-secondary categories for any program. The m","5","English 30-1 or English 30-2","65","","","50","","50.0","","50.0","","","","","3","A,B,C,D","","","","","alberta_high_school_courses; notes: max 2 Group B; max 1 Group D; regular admission; ELP tests mentioned; post-secondary pathway","Yes","","IELTS; TOEFL; Duolingo; CAEL; Pearson"
"MacEwan","English","Other","Active","https://www.macewan.ca/academics/academic-departments/english/academics/english-honours/","65","Minimum Only","5","English 30-1","65","","Math 30-1 or Math 30-2","50","","50.0","","50.0","","","","","4","A,B,C,D","","","","","alberta_high_school_courses; notes: max 2 Group B; max 1 Group D; regular admission; ELP tests mentioned; post-secondary pathway","Yes","No",""
"MacEwan","English","Other","Active","https://www.macewan.ca/academics/academic-departments/english/academics/english-major/","65","Minimum Only","5","30-1","65","","30-1","50","","50.0","","50.0","","","","","Four","Groups A, B, C, or D","","","","","alberta_high_school_courses","","",""
"MacEwan","English as an Additional Language (EAL)","Other","Active","https://www.macewan.ca/academics/programs/english-as-an-additional-language/","65","Minimum Only","5","30-1","65","","","50","","50.0","","50.0","","","","","0","","","","","","alberta_high_school_courses","","",""
"MacEwan","Environmental Sciences","Degree","Active","https://www.macewan.ca/academics/academic-departments/physical-sciences/academics/environmental-sciences-major/","65","Mid-70s","5","30-1","65","","30-1","50","","50.0","Bio 30, Chem 30","50.0","","","","","Check Notes","Groups A, B, C, or D","","","","","alberta_high_school_courses","","",""
"MacEwan","Foundation Program International","Other","Active","https://www.macewan.ca/academics/programs/foundation-program-international/","65","Minimum Only","5","30-1","65","","","50","","50.0","","50.0","","","","","0","","","","","","alberta_high_school_courses","","",""
"MacEwan","Foundation Program pimâcihisowin","Other","Active","https://www.macewan.ca/academics/programs/foundation-program-pimacihisowin/","65","Minimum Only","5","30-1","65","","","50","","50.0","","50.0","","","","","0","","","","","","alberta_high_school_courses","","",""
"MacEwan","General","Degree","Active","https://www.macewan.ca/academics/programs/bachelor-of-music/admissions/requirements/index.html","65","nimum grades you need to achieve to be considered for admission to the program. Take note if your program of choice is considered competitive —which means you may need to achieve a higher admission average or complete additional admission criteria. International students must qualify for admission under the regular or previous post-secondary categories for any program. The m","5","English 30-1 or English 30-2","65","","","50","","50.0","","50.0","","","","","4","A,B,C,D","","","","","alberta_high_school_courses; notes: max 2 Group B; max 1 Group D; audition required; regular admission; ELP tests mentioned; post-secondary pathway","Yes","","IELTS; TOEFL; Duolingo; CAEL; Pearson"
"MacEwan","Gerontology","Other","Active","https://www.macewan.ca/academics/programs/gerontology/admissions/requirements/index.html","65","nimum grades you need to achieve to be considered for admission to the program. Take note if your program of choice is considered competitive —which means you may need to achieve a higher admission average or complete additional admission criteria. International students must qualify for admission under the regular or previous post-secondary categories for any program. The m","5","English 30-1","65","","","50","","50.0","","50.0","","","","","0","","","","","","alberta_high_school_courses; notes: ELP tests mentioned","Yes","","IELTS; TOEFL; Duolingo; CAEL; Pearson"
"MacEwan","Graphic Design","Other","Active","https://www.macewan.ca/academics/programs/bachelor-of-design/admissions/requirements/index.html","65","nimum grades you need to achieve to be considered for admission to the program. Take note if your program of choice is considered competitive —which means you may need to achieve a higher admission average or complete additional admission criteria. International students must qualify for admission under the regular or previous post-secondary categories for any program. The m","5","English 30-1 or English 30-2","65","","","","","","","","","","","","4","A,B,C,D","","","","","alberta_high_school_courses; notes: max 2 Group B; max 1 Group D; portfolio required; regular admission; ELP tests mentioned","Yes","Unknown","IELTS; TOEFL; Duolingo; CAEL; Pearson"
"MacEwan","Hearing Aid Practitioner","Other","Active","https://www.macewan.ca/academics/programs/hearing-aid-practitioner/admissions/requirements/index.html","65","nimum grades you need to achieve to be considered for admission to the program. Take note if your program of choice is considered competitive —which means you may need to achieve a higher admission average or complete additional admission criteria. International students must qualify for admission under the regular or previous post-secondary categories for any program. The m","5","English 30-1 or English 30-2","65","","","50","","50.0","","50.0","","","","","1","C,A,B,D","","","","","alberta_high_school_courses; notes: regular admission; ELP tests mentioned","Yes","","IELTS; TOEFL; Duolingo; CAEL; Pearson"
"MacEwan","History","Degree","Active","https://www.macewan.ca/academics/academic-departments/humanities/academics/history-major/","65","Minimum Only","5","30-1","65","","30-1","50","","50.0","","50.0","","","","","Four","Groups A, B, C, or D","","","","","alberta_high_school_courses","","",""
"MacEwan","Hospice Palliative Care","Other","Active","https://www.macewan.ca/academics/programs/hospice-palliative-care/admissions/requirements/index.html","65","nimum grades you need to achieve to be considered for admission to the program. Take note if your program of choice is considered competitive —which means you may need to achieve a higher admission average or complete additional admission criteria. International students must qualify for admission under the regular or previous post-secondary categories for any program. The m","5","English 30-1","65","","","50","","50.0","","50.0","","","","","0","","","","","","alberta_high_school_courses; notes: ELP tests mentioned","Yes","","IELTS; TOEFL; Duolingo; CAEL; Pearson"
"MacEwan","Human Resources Management","Degree","Active","https://www.macewan.ca/academics/programs/human-resources-management/admissions/requirements/index.html","65","nimum grades you need to achieve to be considered for admission to the program. Take note if your program of choice is considered competitive —which means you may need to achieve a higher admission average or complete additional admission criteria. International students must qualify for admission under the regular or previous post-secondary categories for any program. The m","5","English 30-1 or English 30-2","65","","Math 30-1 or Math 30-2","50","","50.0","","50.0","","","","","3","A,B,C,D","","","","","alberta_high_school_courses; notes: max 2 Group B; max 1 Group D; regular admission; ELP tests mentioned","Yes","No","IELTS; TOEFL; Duolingo; CAEL; Pearson"
"MacEwan","Human Resources Management","Degree","Active","https://www.macewan.ca/academics/programs/human-resources-management/admissions/requirements/index.html","65","nimum grades you need to achieve to be considered for admission to the program. Take note if your program of choice is considered competitive —which means you may need to achieve a higher admission average or complete additional admission criteria. International students must qualify for admission under the regular or previous post-secondary categories for any program. The m","5","English 30-1 or English 30-2","65","","Math 30-1 or Math 30-2","50","","50.0","","50.0","","","","","3","A,B,C,D","","","","","alberta_high_school_courses; notes: max 2 Group B; max 1 Group D; regular admission; ELP tests mentioned","Yes","No","IELTS; TOEFL; Duolingo; CAEL; Pearson"
"MacEwan","Human Resources Management","Degree","Active","https://www.macewan.ca/academics/academic-departments/management-organizations/academics/hrmt-honours/","65","Minimum Only","5","30-1","65","","30-1 or 30-2","50","","50.0","","50.0","","","","","Three","Groups A, B, C, or D","","","","","alberta_high_school_courses","","",""
"MacEwan","Human Resources Management","Degree","Active","https://www.macewan.ca/academics/academic-departments/management-organizations/academics/hrmt-major/","65","Minimum Only","5","30-1","65","","30-1 or 30-2","50","","50.0","","50.0","","","","","Three","Groups A, B, C, or D","","","","","alberta_high_school_courses","","",""
"MacEwan","Insurance and Risk Management","Other","Active","https://www.macewan.ca/academics/programs/business-management/admissions/requirements/index.html","65","nimum grades you need to achieve to be considered for admission to the program. Take note if your program of choice is considered competitive —which means you may need to achieve a higher admission average or complete additional admission criteria. International students must qualify for admission under the regular or previous post-secondary categories for any program. The m","5","English 30-1 or English 30-2","65","","Math 30-1 or Math 30-2","50","","50.0","","50.0","","","","","3","A,B,C,D","","","","","alberta_high_school_courses; notes: max 2 Group B; max 1 Group D; regular admission; ELP tests mentioned","Yes","No","IELTS; TOEFL; Duolingo; CAEL; Pearson"
"MacEwan","International Business","Degree","Active","https://www.macewan.ca/academics/academic-departments/international-business-marketing-strategy-law/academics/international-business-honours/","65","Minimum Only","5","30-1","65","","30-1 or 30-2","50","","50.0","","50.0","","","","","Three","Groups A, B, C, or D","","","","","alberta_high_school_courses","","",""
"MacEwan","International Business","Degree","Active","https://www.macewan.ca/academics/academic-departments/international-business-marketing-strategy-law/academics/international-business-major/","65","Minimum Only","5","30-1","65","","30-1 or 30-2","50","","50.0","","50.0","","","","","Three","Groups A, B, C, or D","","","","","alberta_high_school_courses","","",""
"MacEwan","Journalism","Degree","Active","https://www.macewan.ca/academics/programs/bachelor-of-communication-studies/admissions/requirements/index.html","65","nimum grades you need to achieve to be considered for admission to the program. Take note if your program of choice is considered competitive —which means you may need to achieve a higher admission average or complete additional admission criteria. International students must qualify for admission under the regular or previous post-secondary categories for any program. The m","5","English 30-1","65","","","50","","50.0","","50.0","","","","","4","A,B,C,D","","","","","alberta_high_school_courses; notes: max 2 Group B; max 1 Group D; regular admission; ELP tests mentioned","Yes","","IELTS; TOEFL; Duolingo; CAEL; Pearson"
"MacEwan","Legal Studies in Business","Degree","Active","https://www.macewan.ca/academics/academic-departments/international-business-marketing-strategy-law/academics/legal-studies-in-business-major/","65","Minimum Only","5","30-1","65","","30-1 or 30-2","50","","50.0","","50.0","","","","","Three","Groups A, B, C, or D","","","","","alberta_high_school_courses","","",""
"MacEwan","Library and Information Technology","Other","Active","https://www.macewan.ca/academics/programs/library-and-information-technology/admissions/requirements/index.html","65","nimum grades you need to achieve to be considered for admission to the program. Take note if your program of choice is considered competitive —which means you may need to achieve a higher admission average or complete additional admission criteria. International students must qualify for admission under the regular or previous post-secondary categories for any program. The m","5","English 30-1","65","","","50","","50.0","","50.0","","","","","4","A,B,C,D","","","","","alberta_high_school_courses; notes: max 2 Group B; max 1 Group D; regular admission; ELP tests mentioned; post-secondary pathway","Yes","","IELTS; TOEFL; Duolingo; CAEL; Pearson"
"MacEwan","Management","Degree","Active","https://www.macewan.ca/academics/academic-departments/management-organizations/academics/mgmt-honours/","65","Minimum Only","5","30-1","65","","30-1 or 30-2","50","","50.0","","50.0","","","","","Three","Groups A, B, C, or D","","","","","alberta_high_school_courses","","",""
"MacEwan","Management","Degree","Active","https://www.macewan.ca/academics/academic-departments/management-organizations/academics/mgmt-major/","65","Minimum Only","5","30-1","65","","30-1 or 30-2","50","","50.0","","50.0","","","","","Three","Groups A, B, C, or D","","","","","alberta_high_school_courses","","",""
"MacEwan","Marketing","Degree","Active","https://www.macewan.ca/academics/academic-departments/international-business-marketing-strategy-law/academics/marketing-honours/","65","Minimum Only","5","30-1","65","","30-1 or 30-2","50","","50.0","","50.0","","","","","Three","Groups A, B, C, or D","","","","","alberta_high_school_courses","","",""
"MacEwan","Marketing","Degree","Active","https://www.macewan.ca/academics/academic-departments/international-business-marketing-strategy-law/academics/marketing-major/","65","Minimum Only","5","30-1","65","","30-1 or 30-2","50","","50.0","","50.0","","","","","Three","Groups A, B, C, or D","","","","","alberta_high_school_courses","","",""
"MacEwan","Massage Therapy","Other","Active","https://www.macewan.ca/academics/programs/massage-therapy/admissions/requirements/index.html","60","nimum grades you need to achieve to be considered for admission to the program. Take note if your program of choice is considered competitive —which means you may need to achieve a higher admission average or complete additional admission criteria. International students must qualify for admission under the regular or previous post-secondary categories for any program. The m","5","English 30-1 or English 30-2","65","","","50","","50.0","Biology 30","50.0","Yes","","","","1","A,B,C,D","","","","","alberta_high_school_courses; notes: regular admission; ELP tests mentioned; post-secondary pathway","Yes","","IELTS; TOEFL; Duolingo; CAEL; Pearson"
"MacEwan","Mathematical Sciences","Degree","Active","https://www.macewan.ca/academics/academic-departments/mathematics-statistics/academics/mathematics-sciences-major/","80","Mid-70s","5","30-1","65","","30-1 or 30-2","50","","50.0","Bio 30, Chem 30","50.0","","","","","Check Notes","Groups A, B, C, or D","","","","","alberta_high_school_courses","","",""
"MacEwan","Mathematics","Degree","Active","https://www.macewan.ca/academics/academic-departments/mathematics-statistics/academics/mathematics-honours/","80","Minimum Only","5","30-1","65","","30-1 or 30-2","50","","50.0","Bio 30, Chem 30","50.0","","","","","Check Notes","Groups A, B, C, or D","","","","","alberta_high_school_courses","","",""
"MacEwan","Mathematics","Degree","Active","https://www.macewan.ca/academics/academic-departments/mathematics-statistics/academics/mathematics-major/","80","Minimum Only","5","30-1","65","","30-1 or 30-2","50","","50.0","Bio 30, Chem 30","50.0","","","","","Check Notes","Groups A, B, C, or D","","","","","alberta_high_school_courses","","",""
"MacEwan","Music","Other","Active","https://www.macewan.ca/academics/programs/bachelor-of-music/admissions/requirements/index.html","65","nimum grades you need to achieve to be considered for admission to the program. Take note if your program of choice is considered competitive —which means you may need to achieve a higher admission average or complete additional admission criteria. International students must qualify for admission under the regular or previous post-secondary categories for any program. The m","5","English 30-1 or English 30-2","65","","","","","","","","","","","","4","A,B,C,D","","","","","alberta_high_school_courses; notes: max 2 Group B; max 1 Group D; audition required; regular admission; ELP tests mentioned; post-secondary pathway","Yes","Unknown","IELTS; TOEFL; Duolingo; CAEL; Pearson"
"MacEwan","Music Theatre Performance","Degree","Active","https://www.macewan.ca/academics/programs/bachelor-of-fine-arts/admissions/requirements/index.html","65","nimum grades you need to achieve to be considered for admission to the program. Take note if your program of choice is considered competitive —which means you may need to achieve a higher admission average or complete additional admission criteria. International students must qualify for admission under the regular or previous post-secondary categories for any program. The m","5","English 30-1 or English 30-2","65","","","50","","50.0","","50.0","","","","","4","A,B,C,D","","","","","alberta_high_school_courses; notes: max 2 Group B; max 1 Group D; portfolio required; audition required; regular admission; ELP tests mentioned","Yes","","IELTS; TOEFL; Duolingo; CAEL; Pearson"
"MacEwan","Music Theatre Performance","Degree","Active","https://www.macewan.ca/academics/programs/bachelor-of-fine-arts/admissions/requirements/index.html","65","nimum grades you need to achieve to be considered for admission to the program. Take note if your program of choice is considered competitive —which means you may need to achieve a higher admission average or complete additional admission criteria. International students must qualify for admission under the regular or previous post-secondary categories for any program. The m","5","English 30-1 or English 30-2","65","","","50","","50.0","","50.0","","","","","4","A,B,C,D","","","","","alberta_high_school_courses; notes: max 2 Group B; max 1 Group D; portfolio required; audition required; regular admission; ELP tests mentioned","Yes","","IELTS; TOEFL; Duolingo; CAEL; Pearson"
"MacEwan","Office Assistant","Other","Active","https://www.macewan.ca/academics/programs/office-assistant/admissions/requirements/index.html","60","nimum grades you need to achieve to be considered for admission to the program. Take note if your program of choice is considered competitive —which means you may need to achieve a higher admission average or complete additional admission criteria. International students must qualify for admission under the regular or previous post-secondary categories for any program. The m","5","English 30-1 or English 30-2","","","","","","","","","","","","","2","A,B,C,D","","","","","alberta_high_school_courses; notes: max 1 Group D; regular admission; ELP tests mentioned; post-secondary pathway","Yes","Unknown","IELTS; TOEFL; Duolingo; CAEL; Pearson"
"MacEwan","Office Assistant - Administrative","Other","Active","https://www.macewan.ca/academics/programs/office-assistant/admissions/requirements/index.html","60","nimum grades you need to achieve to be considered for admission to the program. Take note if your program of choice is considered competitive —which means you may need to achieve a higher admission average or complete additional admission criteria. International students must qualify for admission under the regular or previous post-secondary categories for any program. The m","5","English 30-1 or English 30-2","65","","","50","","50.0","","50.0","","","","","2","A,B,C,D","","","","","alberta_high_school_courses; notes: max 1 Group D; regular admission; ELP tests mentioned; post-secondary pathway","Yes","","IELTS; TOEFL; Duolingo; CAEL; Pearson"
"MacEwan","Office Assistant - Legal","Other","Active","https://www.macewan.ca/academics/programs/office-assistant/admissions/requirements/index.html","60","nimum grades you need to achieve to be considered for admission to the program. Take note if your program of choice is considered competitive —which means you may need to achieve a higher admission average or complete additional admission criteria. International students must qualify for admission under the regular or previous post-secondary categories for any program. The m","5","English 30-1 or English 30-2","65","","","50","","50.0","","50.0","","","","","2","A,B,C,D","","","","","alberta_high_school_courses; notes: max 1 Group D; regular admission; ELP tests mentioned; post-secondary pathway","Yes","","IELTS; TOEFL; Duolingo; CAEL; Pearson"
"MacEwan","Office Assistant - Medical","Other","Active","https://www.macewan.ca/academics/programs/office-assistant/admissions/requirements/index.html","60","nimum grades you need to achieve to be considered for admission to the program. Take note if your program of choice is considered competitive —which means you may need to achieve a higher admission average or complete additional admission criteria. International students must qualify for admission under the regular or previous post-secondary categories for any program. The m","5","English 30-1 or English 30-2","65","","","50","","50.0","","50.0","","","","","2","A,B,C,D","","","","","alberta_high_school_courses; notes: max 1 Group D; regular admission; ELP tests mentioned; post-secondary pathway","Yes","","IELTS; TOEFL; Duolingo; CAEL; Pearson"
"MacEwan","Open Studies","Other","Active","https://www.macewan.ca/academics/programs/open-studies/","","","5","","","","","","","","","","","","","","","","","","","","alberta_high_school_courses; notes: See Degree","Unknown","Unknown",""
"MacEwan","Paralegal Studies","Other","Active","https://www.macewan.ca/academics/programs/paralegal-studies/admissions/requirements/index.html","65","nimum grades you need to achieve to be considered for admission to the program. Take note if your program of choice is considered competitive —which means you may need to achieve a higher admission average or complete additional admission criteria. International students must qualify for admission under the regular or previous post-secondary categories for any program. The m","5","English 30-1","65","","Math 30-1 or Math 30-2","50","","50.0","","50.0","","","","","3","A,B,C,D","","","","","alberta_high_school_courses; notes: max 2 Group B; max 1 Group D; regular admission; ELP tests mentioned; post-secondary pathway","Yes","No","IELTS; TOEFL; Duolingo; CAEL; Pearson"
"MacEwan","Performance","Degree","Active","https://www.macewan.ca/academics/programs/bachelor-of-music/admissions/requirements/index.html","65","nimum grades you need to achieve to be considered for admission to the program. Take note if your program of choice is considered competitive —which means you may need to achieve a higher admission average or complete additional admission criteria. International students must qualify for admission under the regular or previous post-secondary categories for any program. The m","5","English 30-1 or English 30-2","65","","","50","","50.0","","50.0","","","","","4","A,B,C,D","","","","","alberta_high_school_courses; notes: max 2 Group B; max 1 Group D; audition required; regular admission; ELP tests mentioned; post-secondary pathway","Yes","","IELTS; TOEFL; Duolingo; CAEL; Pearson"
"MacEwan","Perioperative Nursing for Registered Nurses and Licensed Practical Nurses","Other","Active","https://www.macewan.ca/academics/programs/perioperative-nursing/admissions/requirements/index.html","","nimum grades you need to achieve to be considered for admission to the program. Take note if your program of choice is considered competitive —which means you may need to achieve a higher admission average or complete additional admission criteria. International students must qualify for admission under the regular or previous post-secondary categories for any program. The m","5","English 30-1","","","","","","","","","","","","","","","","","","","alberta_high_school_courses; notes: ELP tests mentioned","Yes","Unknown","IELTS; TOEFL; Duolingo; CAEL; Pearson"
"MacEwan","Philosophy","Degree","Active","https://www.macewan.ca/academics/academic-departments/humanities/academics/philosophy-major/","65","Minimum Only","5","30-1","65","","30-1","50","","50.0","","50.0","","","","","Four","Groups A, B, C, or D","","","","","alberta_high_school_courses","","",""
"MacEwan","Physical Sciences","Degree","Active","https://www.macewan.ca/academics/academic-departments/physical-sciences/academics/physical-sciences-major/","65","Mid-70s","5","30-1","65","","30-1","50","","50.0","Bio 30, Chem 30","50.0","","","","","Check Notes","Groups A, B, C, or D","","","","","alberta_high_school_courses","","",""
"MacEwan","Physical Therapist Assistant and Occupational Therapist Assistant","Other","Active","https://www.macewan.ca/academics/programs/physical-therapist-assistant-and-occupational-therapist-assistant/admissions/requirements/index.html","65","nimum grades you need to achieve to be considered for admission to the program. Take note if your program of choice is considered competitive —which means you may need to achieve a higher admission average or complete additional admission criteria. International students must qualify for admission under the regular or previous post-secondary categories for any program. The m","5","English 30-1 or English 30-2","65","","","50","","50.0","Biology 30","50.0","Yes","","","","1","C,A,B,D","","","","","alberta_high_school_courses; notes: max 2 Group B; max 1 Group D; regular admission; ELP tests mentioned; post-secondary pathway","Yes","","IELTS; TOEFL; Duolingo; CAEL; Pearson"
"MacEwan","Police and Investigations - Investigative Studies","Other","Active","https://www.macewan.ca/academics/programs/police-investigations-investigative-studies/admissions/requirements/index.html","65","nimum grades you need to achieve to be considered for admission to the program. Take note if your program of choice is considered competitive —which means you may need to achieve a higher admission average or complete additional admission criteria. International students must qualify for admission under the regular or previous post-secondary categories for any program. The m","5","English 30-1 or English 30-2","","","","","","","","","","","","","3","A,B,C,D","","","","","alberta_high_school_courses; notes: max 2 Group B; max 1 Group D; regular admission; ELP tests mentioned; post-secondary pathway","Yes","Unknown","IELTS; TOEFL; Duolingo; CAEL; Pearson"
"MacEwan","Police and Investigations - Police Studies","Other","Active","https://www.macewan.ca/academics/programs/police-investigations-police-studies/admissions/requirements/index.html","65","nimum grades you need to achieve to be considered for admission to the program. Take note if your program of choice is considered competitive —which means you may need to achieve a higher admission average or complete additional admission criteria. International students must qualify for admission under the regular or previous post-secondary categories for any program. The m","5","English 30-1 or English 30-2","","","","","","","","","","","","","3","A,B,C,D","","","","","alberta_high_school_courses; notes: max 2 Group B; max 1 Group D; regular admission; ELP tests mentioned; post-secondary pathway","Yes","Unknown","IELTS; TOEFL; Duolingo; CAEL; Pearson"
"MacEwan","Political Science","Other","Active","https://www.macewan.ca/academics/academic-departments/anthropology-economics-political-science/academics/political-science-honours/","65","Mid-70s","5","30-1","65","","30-1","50","","50.0","","50.0","","","","","Four","Groups A, B, C, or D","","","","","alberta_high_school_courses","","",""
"MacEwan","Political Science","Other","Active","https://www.macewan.ca/academics/academic-departments/anthropology-economics-political-science/academics/political-science-major/","65","Mid-70s","5","30-1","65","","30-1","50","","50.0","","50.0","","","","","Four","Groups A, B, C, or D","","","","","alberta_high_school_courses","","",""
"MacEwan","Professional Communication","Degree","Active","https://www.macewan.ca/academics/programs/bachelor-of-communication-studies/admissions/requirements/index.html","65","nimum grades you need to achieve to be considered for admission to the program. Take note if your program of choice is considered competitive —which means you may need to achieve a higher admission average or complete additional admission criteria. International students must qualify for admission under the regular or previous post-secondary categories for any program. The m","5","English 30-1","65","","","50","","50.0","","50.0","","","","","4","A,B,C,D","","","","","alberta_high_school_courses; notes: max 2 Group B; max 1 Group D; regular admission; ELP tests mentioned","Yes","","IELTS; TOEFL; Duolingo; CAEL; Pearson"
"MacEwan","Psychiatric Nursing","Other","Active","https://www.macewan.ca/academics/programs/bachelor-of-psychiatric-nursing/admissions/requirements/index.html","65","nimum grades you need to achieve to be considered for admission to the program. Take note if your program of choice is considered competitive —which means you may need to achieve a higher admission average or complete additional admission criteria. International students must qualify for admission under the regular or previous post-secondary categories for any program. The m","5","English 30-1","65","","Math 30-1 or Math 30-2 or Math 31","50","","50.0","Biology 30 or Chemistry 30 or Science 30","50.0","Yes","Yes","","Yes","0","","","","","","alberta_high_school_courses; notes: max 1 Group D; regular admission; ELP tests mentioned","Yes","No",""
"MacEwan","Psychology","Other","Active","https://www.macewan.ca/academics/academic-departments/psychology/academics/psychology-honours/","65","Mid-70s","5","English 30-1","65","","Math 30-1 or Math 30-2","50","","50.0","Biology 30 or Chemistry 30 or Physics 30","50.0","Yes","Yes","Yes","","1","A,B,C,D","","","","","alberta_high_school_courses; notes: max 2 Group B; max 1 Group D; regular admission; ELP tests mentioned; post-secondary pathway","Yes","No",""
"MacEwan","Psychology","Other","Active","https://www.macewan.ca/academics/academic-departments/psychology/academics/psychology-honours/","65","Mid-70s","5","English 30-1","65","","Math 30-1 or Math 30-2","50","","50.0","Biology 30 or Chemistry 30 or Physics 30","50.0","Yes","Yes","Yes","","1","A,B,C,D","","","","","alberta_high_school_courses; notes: max 2 Group B; max 1 Group D; regular admission; ELP tests mentioned; post-secondary pathway","Yes","No",""
"MacEwan","Psychology","Other","Active","https://www.macewan.ca/academics/academic-departments/psychology/academics/psychology-major/","65","Mid-70s","5","English 30-1","65","","Math 30-1 or Math 30-2","50","","50.0","Biology 30 or Chemistry 30 or Physics 30","50.0","Yes","Yes","Yes","","1","A,B,C,D","","","","","alberta_high_school_courses; notes: max 2 Group B; max 1 Group D; regular admission; ELP tests mentioned; post-secondary pathway","Yes","No",""
"MacEwan","Psychology","Other","Active","https://www.macewan.ca/academics/academic-departments/psychology/academics/psychology-major/","65","Mid-70s","5","English 30-1","65","","Math 30-1 or Math 30-2","50","","50.0","Biology 30 or Chemistry 30 or Physics 30","50.0","Yes","Yes","Yes","","1","A,B,C,D","","","","","alberta_high_school_courses; notes: max 2 Group B; max 1 Group D; regular admission; ELP tests mentioned; post-secondary pathway","Yes","No",""
"MacEwan","Public Relations","Degree","Active","https://www.macewan.ca/academics/programs/bachelor-of-communication-studies/admissions/requirements/index.html","65","nimum grades you need to achieve to be considered for admission to the program. Take note if your program of choice is considered competitive —which means you may need to achieve a higher admission average or complete additional admission criteria. International students must qualify for admission under the regular or previous post-secondary categories for any program. The m","5","English 30-1","65","","","50","","50.0","","50.0","","","","","4","A,B,C,D","","","","","alberta_high_school_courses; notes: max 2 Group B; max 1 Group D; regular admission; ELP tests mentioned","Yes","","IELTS; TOEFL; Duolingo; CAEL; Pearson"
"MacEwan","Recording and Production","Degree","Active","https://www.macewan.ca/academics/programs/bachelor-of-music/admissions/requirements/index.html","65","nimum grades you need to achieve to be considered for admission to the program. Take note if your program of choice is considered competitive —which means you may need to achieve a higher admission average or complete additional admission criteria. International students must qualify for admission under the regular or previous post-secondary categories for any program. The m","5","English 30-1 or English 30-2","65","","","50","","50.0","","50.0","","","","","4","A,B,C,D","","","","","alberta_high_school_courses; notes: max 2 Group B; max 1 Group D; audition required; regular admission; ELP tests mentioned; post-secondary pathway","Yes","","IELTS; TOEFL; Duolingo; CAEL; Pearson"
"MacEwan","Social Work","Other","Active","https://www.macewan.ca/academics/programs/social-work/admissions/requirements/index.html","65","nimum grades you need to achieve to be considered for admission to the program. Take note if your program of choice is considered competitive —which means you may need to achieve a higher admission average or complete additional admission criteria. International students must qualify for admission under the regular or previous post-secondary categories for any program. The m","5","English 30-1","65","","","50","Social Studies 30-1","50.0","","50.0","","","","","0","","","","","","alberta_high_school_courses; notes: max 2 Group B; max 1 Group D; regular admission; ELP tests mentioned; post-secondary pathway","Yes","","IELTS; TOEFL; Duolingo; CAEL; Pearson"
"MacEwan","Sociology","Other","Active","https://www.macewan.ca/academics/academic-departments/sociology/academics/sociology-honours/","65","Minimum Only","5","30-1","65","","30-1","50","","50.0","","50.0","","","","","Four","Groups A, B, C, or D","","","","","alberta_high_school_courses","","",""
"MacEwan","Sociology","Other","Active","https://www.macewan.ca/academics/academic-departments/sociology/academics/sociology-major/","65","Minimum Only","5","30-1","65","","30-1","50","","50.0","","50.0","","","","","Four","Groups A, B, C, or D","","","","","alberta_high_school_courses","","",""
"MacEwan","Speech Language Pathologist Assistant","Other","Active","https://www.macewan.ca/academics/programs/speech-language-pathologist-assistant/admissions/requirements/index.html","65","nimum grades you need to achieve to be considered for admission to the program. Take note if your program of choice is considered competitive —which means you may need to achieve a higher admission average or complete additional admission criteria. International students must qualify for admission under the regular or previous post-secondary categories for any program. The m","5","English 30-1 or English 30-2","65","","","50","","50.0","","50.0","","","","","4","A,B,C,D","","","","","alberta_high_school_courses; notes: max 2 Group B; max 1 Group D; regular admission; ELP tests mentioned; post-secondary pathway","Yes","","IELTS; TOEFL; Duolingo; CAEL; Pearson"
"MacEwan","Studio Arts","Degree","Active","https://www.macewan.ca/academics/programs/bachelor-of-fine-arts/admissions/requirements/index.html","65","nimum grades you need to achieve to be considered for admission to the program. Take note if your program of choice is considered competitive —which means you may need to achieve a higher admission average or complete additional admission criteria. International students must qualify for admission under the regular or previous post-secondary categories for any program. The m","5","English 30-1 or English 30-2","65","","","50","","50.0","","50.0","","","","","4","A,B,C,D","","","","","alberta_high_school_courses; notes: max 2 Group B; max 1 Group D; portfolio required; audition required; regular admission; ELP tests mentioned","Yes","","IELTS; TOEFL; Duolingo; CAEL; Pearson"
"MacEwan","Studio Arts","Degree","Active","https://www.macewan.ca/academics/programs/bachelor-of-fine-arts/admissions/requirements/index.html","65","nimum grades you need to achieve to be considered for admission to the program. Take note if your program of choice is considered competitive —which means you may need to achieve a higher admission average or complete additional admission criteria. International students must qualify for admission under the regular or previous post-secondary categories for any program. The m","5","English 30-1 or English 30-2","65","","","50","","50.0","","50.0","","","","","4","A,B,C,D","","","","","alberta_high_school_courses; notes: max 2 Group B; max 1 Group D; portfolio required; audition required; regular admission; ELP tests mentioned","Yes","","IELTS; TOEFL; Duolingo; CAEL; Pearson"
"MacEwan","Supply Chain Management","Degree","Active","https://www.macewan.ca/academics/academic-departments/decision-sciences/academics/supply-chain-management-major/","65","Minimum Only","5","30-1","65","","30-1 or 30-2","50","","50.0","","50.0","","","","","Three","Groups A, B, C, or D","","","","","alberta_high_school_courses","","",""
"MacEwan","Theatre Production","Degree","Active","https://www.macewan.ca/academics/programs/bachelor-of-fine-arts/admissions/requirements/index.html","65","nimum grades you need to achieve to be considered for admission to the program. Take note if your program of choice is considered competitive —which means you may need to achieve a higher admission average or complete additional admission criteria. International students must qualify for admission under the regular or previous post-secondary categories for any program. The m","5","English 30-1 or English 30-2","65","","","50","","50.0","","50.0","","","","","4","A,B,C,D","","","","","alberta_high_school_courses; notes: max 2 Group B; max 1 Group D; portfolio required; audition required; regular admission; ELP tests mentioned","Yes","","IELTS; TOEFL; Duolingo; CAEL; Pearson"
"MacEwan","Theatre Production","Degree","Active","https://www.macewan.ca/academics/programs/bachelor-of-fine-arts/admissions/requirements/index.html","65","nimum grades you need to achieve to be considered for admission to the program. Take note if your program of choice is considered competitive —which means you may need to achieve a higher admission average or complete additional admission criteria. International students must qualify for admission under the regular or previous post-secondary categories for any program. The m","5","English 30-1 or English 30-2","65","","","50","","50.0","","50.0","","","","","4","A,B,C,D","","","","","alberta_high_school_courses; notes: max 2 Group B; max 1 Group D; portfolio required; audition required; regular admission; ELP tests mentioned","Yes","","IELTS; TOEFL; Duolingo; CAEL; Pearson"
"MacEwan","Travel and Tourism","Other","Active","https://www.macewan.ca/academics/programs/travel-and-tourism/admissions/requirements/index.html","65","nimum grades you need to achieve to be considered for admission to the program. Take note if your program of choice is considered competitive —which means you may need to achieve a higher admission average or complete additional admission criteria. International students must qualify for admission under the regular or previous post-secondary categories for any program. The m","5","English 30-1 or English 30-2","65","","","50","","50.0","","50.0","","","","","4","A,B,C,D","","","","","alberta_high_school_courses; notes: max 2 Group B; max 1 Group D; regular admission; ELP tests mentioned; post-secondary pathway","Yes","","IELTS; TOEFL; Duolingo; CAEL; Pearson"
"MacEwan","University Preparation","Other","Active","https://www.macewan.ca/academics/programs/university-preparation/","","","","","","","","","","","Chemistry 30","","","Yes","","","","","","","","","placement_assessment; notes: ELP tests mentioned","Yes","Yes","IELTS; TOEFL; Duolingo"
